dataVersion,playerId,username,stageName,stageType,isStageUnlock,stageClearTimes,bestPlayerStar,bestPlayerScore,bestPlayerClearTime
Version-1,65bb36f051ce7228bbeb3d35,Xue,Game Introduction (Tutorial),Basic,True,1,2,5500,515
Version-1,65bb36f051ce7228bbeb3d35,Xue,Version Control and Git (Tutorial),Basic,True,0,0,0,0
Version-1,65bb36f051ce7228bbeb3d35,Xue,Create Local Repository (Tutorial),Basic,False,0,0,0,0
Version-1,65bb36f051ce7228bbeb3d35,Xue,Basic Staging Area (Tutorial),Basic,False,0,0,0,0
Version-1,65bb36f051ce7228bbeb3d35,Xue,Advanced Staging Area (Tutorial),Basic,False,0,0,0,0
Version-1,65bb36f051ce7228bbeb3d35,Xue,Creating First Version (Tutorial),Basic,False,0,0,0,0
Version-1,65bb36f051ce7228bbeb3d35,Xue,Switching Project Versions (Tutorial),Basic,False,0,0,0,0
Version-1,65bb36f051ce7228bbeb3d35,Xue,Git Branching Basics (Tutorial),Branch,False,0,0,0,0
Version-1,65bb36f051ce7228bbeb3d35,Xue,Fast-Forward Merging (Tutorial),Branch,False,0,0,0,0
Version-1,65bb36f051ce7228bbeb3d35,Xue,Auto Merging (Tutorial),Branch,False,0,0,0,0
Version-1,65bb36f051ce7228bbeb3d35,Xue,Merge Conflicts (Tutorial),Branch,False,0,0,0,0
Version-1,65bb36f051ce7228bbeb3d35,Xue,Create Remote Repository (Tutorial),Remote,False,0,0,0,0
Version-1,65bb36f051ce7228bbeb3d35,Xue,Push to Remote Branches (Tutorial),Remote,False,0,0,0,0
Version-1,65bb36f051ce7228bbeb3d35,Xue,Keep Branches in Sync (Tutorial),Remote,False,0,0,0,0
Version-1,65bb36f051ce7228bbeb3d35,Xue,Preparation for Merging (Tutorial),Remote,False,0,0,0,0
Version-1,65bb36f051ce7228bbeb3d35,Xue,Creating a Pull Request (Tutorial),Remote,False,0,0,0,0
Version-1,65bb36f051ce7228bbeb3d35,Xue,Review and Merge Pull Requests (Tutorial),Remote,False,0,0,0,0
Version-1,65bb36f051ce7228bbeb3d35,Xue,Game Introduction (Practice),Basic,True,0,0,0,0
Version-1,65bb36f051ce7228bbeb3d35,Xue,Version Control and Git (Practice),Basic,False,0,0,0,0
Version-1,65bb36f051ce7228bbeb3d35,Xue,Create Local Repository (Practice),Basic,False,0,0,0,0
Version-1,65bb36f051ce7228bbeb3d35,Xue,Basic Staging Area (Practice),Basic,False,0,0,0,0
Version-1,65bb36f051ce7228bbeb3d35,Xue,Advanced Staging Area (Practice),Basic,False,0,0,0,0
Version-1,65bb36f051ce7228bbeb3d35,Xue,Creating First Version (Practice),Basic,False,0,0,0,0
Version-1,65bb36f051ce7228bbeb3d35,Xue,Switching Project Versions (Practice),Basic,False,0,0,0,0
Version-1,65bb36f051ce7228bbeb3d35,Xue,Git Branching Basics (Practice),Branch,False,0,0,0,0
Version-1,65bb36f051ce7228bbeb3d35,Xue,Fast-Forward Merging (Practice),Branch,False,0,0,0,0
Version-1,65bb36f051ce7228bbeb3d35,Xue,Auto Merging (Practice),Branch,False,0,0,0,0
Version-1,65bb36f051ce7228bbeb3d35,Xue,Merge Conflicts (Practice),Branch,False,0,0,0,0
Version-1,65bb36f051ce7228bbeb3d35,Xue,Create Remote Repository (Practice),Remote,False,0,0,0,0
Version-1,65bb36f051ce7228bbeb3d35,Xue,Push to Remote Branches (Practice),Remote,False,0,0,0,0
Version-1,65bb36f051ce7228bbeb3d35,Xue,Keep Branches in Sync (Practice),Remote,False,0,0,0,0
Version-1,65bb36f051ce7228bbeb3d35,Xue,Preparation for Merging (Practice),Remote,False,0,0,0,0
Version-1,65bb36f051ce7228bbeb3d35,Xue,Creating a Pull Request (Practice),Remote,False,0,0,0,0
Version-1,65bb36f051ce7228bbeb3d35,Xue,Review and Merge Pull Requests (Practice),Remote,False,0,0,0,0
Version-1,65bc968e51ce7228bbeb3dba,clear,Game Introduction (Tutorial),Basic,True,9,4,7000,21
Version-1,65bc968e51ce7228bbeb3dba,clear,Version Control and Git (Tutorial),Basic,True,1,4,3000,44
Version-1,65bc968e51ce7228bbeb3dba,clear,Create Local Repository (Tutorial),Basic,True,8,4,4000,19
Version-1,65bc968e51ce7228bbeb3dba,clear,Basic Staging Area (Tutorial),Basic,True,1,4,5000,151
Version-1,65bc968e51ce7228bbeb3dba,clear,Advanced Staging Area (Tutorial),Basic,True,1,4,6000,139
Version-1,65bc968e51ce7228bbeb3dba,clear,Creating First Version (Tutorial),Basic,True,1,4,16000,408
Version-1,65bc968e51ce7228bbeb3dba,clear,Switching Project Versions (Tutorial),Basic,True,1,4,8000,211
Version-1,65bc968e51ce7228bbeb3dba,clear,Git Branching Basics (Tutorial),Branch,True,1,4,9000,241
Version-1,65bc968e51ce7228bbeb3dba,clear,Fast-Forward Merging (Tutorial),Branch,True,2,4,6000,69
Version-1,65bc968e51ce7228bbeb3dba,clear,Auto Merging (Tutorial),Branch,True,2,3,7750,424
Version-1,65bc968e51ce7228bbeb3dba,clear,Merge Conflicts (Tutorial),Branch,True,3,4,7000,70
Version-1,65bc968e51ce7228bbeb3dba,clear,Create Remote Repository (Tutorial),Remote,True,2,4,6000,62
Version-1,65bc968e51ce7228bbeb3dba,clear,Push to Remote Branches (Tutorial),Remote,True,2,4,6000,95
Version-1,65bc968e51ce7228bbeb3dba,clear,Keep Branches in Sync (Tutorial),Remote,True,1,4,5000,199
Version-1,65bc968e51ce7228bbeb3dba,clear,Preparation for Merging (Tutorial),Remote,True,2,4,8000,287
Version-1,65bc968e51ce7228bbeb3dba,clear,Creating a Pull Request (Tutorial),Remote,True,1,3,10750,5330
Version-1,65bc968e51ce7228bbeb3dba,clear,Review and Merge Pull Requests (Tutorial),Remote,True,0,0,0,0
Version-1,65bc968e51ce7228bbeb3dba,clear,Game Introduction (Practice),Basic,True,0,0,0,0
Version-1,65bc968e51ce7228bbeb3dba,clear,Version Control and Git (Practice),Basic,True,0,0,0,0
Version-1,65bc968e51ce7228bbeb3dba,clear,Create Local Repository (Practice),Basic,True,0,0,0,0
Version-1,65bc968e51ce7228bbeb3dba,clear,Basic Staging Area (Practice),Basic,True,0,0,0,0
Version-1,65bc968e51ce7228bbeb3dba,clear,Advanced Staging Area (Practice),Basic,True,0,0,0,0
Version-1,65bc968e51ce7228bbeb3dba,clear,Creating First Version (Practice),Basic,True,0,0,0,0
Version-1,65bc968e51ce7228bbeb3dba,clear,Switching Project Versions (Practice),Basic,True,0,0,0,0
Version-1,65bc968e51ce7228bbeb3dba,clear,Git Branching Basics (Practice),Branch,True,0,0,0,0
Version-1,65bc968e51ce7228bbeb3dba,clear,Fast-Forward Merging (Practice),Branch,True,0,0,0,0
Version-1,65bc968e51ce7228bbeb3dba,clear,Auto Merging (Practice),Branch,True,0,0,0,0
Version-1,65bc968e51ce7228bbeb3dba,clear,Merge Conflicts (Practice),Branch,True,0,0,0,0
Version-1,65bc968e51ce7228bbeb3dba,clear,Create Remote Repository (Practice),Remote,True,0,0,0,0
Version-1,65bc968e51ce7228bbeb3dba,clear,Push to Remote Branches (Practice),Remote,True,0,0,0,0
Version-1,65bc968e51ce7228bbeb3dba,clear,Keep Branches in Sync (Practice),Remote,True,0,0,0,0
Version-1,65bc968e51ce7228bbeb3dba,clear,Preparation for Merging (Practice),Remote,True,0,0,0,0
Version-1,65bc968e51ce7228bbeb3dba,clear,Creating a Pull Request (Practice),Remote,True,0,0,0,0
Version-1,65bc968e51ce7228bbeb3dba,clear,Review and Merge Pull Requests (Practice),Remote,False,0,0,0,0
Version-1,65bd08ad51ce7228bbeb3ee8,ccc,Game Introduction (Tutorial),Basic,True,4,4,7000,24
Version-1,65bd08ad51ce7228bbeb3ee8,ccc,Version Control and Git (Tutorial),Basic,True,1,3,2000,29
Version-1,65bd08ad51ce7228bbeb3ee8,ccc,Create Local Repository (Tutorial),Basic,True,2,4,4000,21
Version-1,65bd08ad51ce7228bbeb3ee8,ccc,Basic Staging Area (Tutorial),Basic,True,2,4,5000,31
Version-1,65bd08ad51ce7228bbeb3ee8,ccc,Advanced Staging Area (Tutorial),Basic,True,1,4,6000,53
Version-1,65bd08ad51ce7228bbeb3ee8,ccc,Creating First Version (Tutorial),Basic,True,1,4,16000,110
Version-1,65bd08ad51ce7228bbeb3ee8,ccc,Switching Project Versions (Tutorial),Basic,True,1,4,8000,74
Version-1,65bd08ad51ce7228bbeb3ee8,ccc,Git Branching Basics (Tutorial),Branch,True,1,4,9000,76
Version-1,65bd08ad51ce7228bbeb3ee8,ccc,Fast-Forward Merging (Tutorial),Branch,True,2,4,6000,63
Version-1,65bd08ad51ce7228bbeb3ee8,ccc,Auto Merging (Tutorial),Branch,True,1,4,8000,122
Version-1,65bd08ad51ce7228bbeb3ee8,ccc,Merge Conflicts (Tutorial),Branch,True,1,3,6750,87
Version-1,65bd08ad51ce7228bbeb3ee8,ccc,Create Remote Repository (Tutorial),Remote,True,1,4,6000,46
Version-1,65bd08ad51ce7228bbeb3ee8,ccc,Push to Remote Branches (Tutorial),Remote,True,1,4,6000,96
Version-1,65bd08ad51ce7228bbeb3ee8,ccc,Keep Branches in Sync (Tutorial),Remote,True,1,4,5000,86
Version-1,65bd08ad51ce7228bbeb3ee8,ccc,Preparation for Merging (Tutorial),Remote,True,1,4,8000,164
Version-1,65bd08ad51ce7228bbeb3ee8,ccc,Creating a Pull Request (Tutorial),Remote,True,1,3,10750,140
Version-1,65bd08ad51ce7228bbeb3ee8,ccc,Review and Merge Pull Requests (Tutorial),Remote,True,4,4,4000,45
Version-1,65bd08ad51ce7228bbeb3ee8,ccc,Game Introduction (Practice),Basic,True,5,4,7000,18
Version-1,65bd08ad51ce7228bbeb3ee8,ccc,Version Control and Git (Practice),Basic,True,3,4,6000,79
Version-1,65bd08ad51ce7228bbeb3ee8,ccc,Create Local Repository (Practice),Basic,True,5,2,3000,13
Version-1,65bd08ad51ce7228bbeb3ee8,ccc,Basic Staging Area (Practice),Basic,True,2,1,3000,28
Version-1,65bd08ad51ce7228bbeb3ee8,ccc,Advanced Staging Area (Practice),Basic,True,3,1,3000,24
Version-1,65bd08ad51ce7228bbeb3ee8,ccc,Creating First Version (Practice),Basic,True,1,1,7750,80
Version-1,65bd08ad51ce7228bbeb3ee8,ccc,Switching Project Versions (Practice),Basic,True,2,1,6750,105
Version-1,65bd08ad51ce7228bbeb3ee8,ccc,Git Branching Basics (Practice),Branch,True,4,4,9000,77
Version-1,65bd08ad51ce7228bbeb3ee8,ccc,Fast-Forward Merging (Practice),Branch,True,1,4,6250,155
Version-1,65bd08ad51ce7228bbeb3ee8,ccc,Auto Merging (Practice),Branch,True,1,1,5750,288
Version-1,65bd08ad51ce7228bbeb3ee8,ccc,Merge Conflicts (Practice),Branch,True,1,4,8500,471
Version-1,65bd08ad51ce7228bbeb3ee8,ccc,Create Remote Repository (Practice),Remote,True,2,4,6000,33
Version-1,65bd08ad51ce7228bbeb3ee8,ccc,Push to Remote Branches (Practice),Remote,True,3,4,6750,87
Version-1,65bd08ad51ce7228bbeb3ee8,ccc,Keep Branches in Sync (Practice),Remote,True,2,1,3750,157
Version-1,65bd08ad51ce7228bbeb3ee8,ccc,Preparation for Merging (Practice),Remote,True,2,2,6000,130
Version-1,65bd08ad51ce7228bbeb3ee8,ccc,Creating a Pull Request (Practice),Remote,True,2,4,11000,289
Version-1,65bd08ad51ce7228bbeb3ee8,ccc,Review and Merge Pull Requests (Practice),Remote,True,5,4,5000,54
Version-1,65c07fd7e5681b767119adc4,Player Name,Game Introduction (Tutorial),Basic,True,3,1,5250,116
Version-1,65c07fd7e5681b767119adc4,Player Name,Version Control and Git (Tutorial),Basic,True,1,4,3000,64
Version-1,65c07fd7e5681b767119adc4,Player Name,Create Local Repository (Tutorial),Basic,True,2,4,4000,79
Version-1,65c07fd7e5681b767119adc4,Player Name,Basic Staging Area (Tutorial),Basic,True,0,0,0,0
Version-1,65c07fd7e5681b767119adc4,Player Name,Advanced Staging Area (Tutorial),Basic,False,0,0,0,0
Version-1,65c07fd7e5681b767119adc4,Player Name,Creating First Version (Tutorial),Basic,False,0,0,0,0
Version-1,65c07fd7e5681b767119adc4,Player Name,Switching Project Versions (Tutorial),Basic,False,0,0,0,0
Version-1,65c07fd7e5681b767119adc4,Player Name,Git Branching Basics (Tutorial),Branch,False,0,0,0,0
Version-1,65c07fd7e5681b767119adc4,Player Name,Fast-Forward Merging (Tutorial),Branch,False,0,0,0,0
Version-1,65c07fd7e5681b767119adc4,Player Name,Auto Merging (Tutorial),Branch,False,0,0,0,0
Version-1,65c07fd7e5681b767119adc4,Player Name,Merge Conflicts (Tutorial),Branch,False,0,0,0,0
Version-1,65c07fd7e5681b767119adc4,Player Name,Create Remote Repository (Tutorial),Remote,False,0,0,0,0
Version-1,65c07fd7e5681b767119adc4,Player Name,Push to Remote Branches (Tutorial),Remote,False,0,0,0,0
Version-1,65c07fd7e5681b767119adc4,Player Name,Keep Branches in Sync (Tutorial),Remote,False,0,0,0,0
Version-1,65c07fd7e5681b767119adc4,Player Name,Preparation for Merging (Tutorial),Remote,False,0,0,0,0
Version-1,65c07fd7e5681b767119adc4,Player Name,Creating a Pull Request (Tutorial),Remote,False,0,0,0,0
Version-1,65c07fd7e5681b767119adc4,Player Name,Review and Merge Pull Requests (Tutorial),Remote,False,0,0,0,0
Version-1,65c07fd7e5681b767119adc4,Player Name,Game Introduction (Practice),Basic,True,0,0,0,0
Version-1,65c07fd7e5681b767119adc4,Player Name,Version Control and Git (Practice),Basic,True,0,0,0,0
Version-1,65c07fd7e5681b767119adc4,Player Name,Create Local Repository (Practice),Basic,True,0,0,0,0
Version-1,65c07fd7e5681b767119adc4,Player Name,Basic Staging Area (Practice),Basic,False,0,0,0,0
Version-1,65c07fd7e5681b767119adc4,Player Name,Advanced Staging Area (Practice),Basic,False,0,0,0,0
Version-1,65c07fd7e5681b767119adc4,Player Name,Creating First Version (Practice),Basic,False,0,0,0,0
Version-1,65c07fd7e5681b767119adc4,Player Name,Switching Project Versions (Practice),Basic,False,0,0,0,0
Version-1,65c07fd7e5681b767119adc4,Player Name,Git Branching Basics (Practice),Branch,False,0,0,0,0
Version-1,65c07fd7e5681b767119adc4,Player Name,Fast-Forward Merging (Practice),Branch,False,0,0,0,0
Version-1,65c07fd7e5681b767119adc4,Player Name,Auto Merging (Practice),Branch,False,0,0,0,0
Version-1,65c07fd7e5681b767119adc4,Player Name,Merge Conflicts (Practice),Branch,False,0,0,0,0
Version-1,65c07fd7e5681b767119adc4,Player Name,Create Remote Repository (Practice),Remote,False,0,0,0,0
Version-1,65c07fd7e5681b767119adc4,Player Name,Push to Remote Branches (Practice),Remote,False,0,0,0,0
Version-1,65c07fd7e5681b767119adc4,Player Name,Keep Branches in Sync (Practice),Remote,False,0,0,0,0
Version-1,65c07fd7e5681b767119adc4,Player Name,Preparation for Merging (Practice),Remote,False,0,0,0,0
Version-1,65c07fd7e5681b767119adc4,Player Name,Creating a Pull Request (Practice),Remote,False,0,0,0,0
Version-1,65c07fd7e5681b767119adc4,Player Name,Review and Merge Pull Requests (Practice),Remote,False,0,0,0,0
Version-1,65f72f34e5681b767119d8c9,eee,Game Introduction (Tutorial),Basic,True,1,1,1000,123
Version-1,65f72f34e5681b767119d8c9,eee,Version Control and Git (Tutorial),Basic,True,1,3,2000,112
Version-1,65f72f34e5681b767119d8c9,eee,Create Local Repository (Tutorial),Basic,True,1,1,1000,130
Version-1,65f72f34e5681b767119d8c9,eee,Basic Staging Area (Tutorial),Basic,True,1,1,1000,155
Version-1,65f72f34e5681b767119d8c9,eee,Advanced Staging Area (Tutorial),Basic,True,1,1,1000,119
Version-1,65f72f34e5681b767119d8c9,eee,Creating First Version (Tutorial),Basic,True,1,0,0,0
Version-1,65f72f34e5681b767119d8c9,eee,Switching Project Versions (Tutorial),Basic,True,1,1,1000,183
Version-1,65f72f34e5681b767119d8c9,eee,Git Branching Basics (Tutorial),Branch,True,1,0,0,0
Version-1,65f72f34e5681b767119d8c9,eee,Fast-Forward Merging (Tutorial),Branch,True,1,0,0,0
Version-1,65f72f34e5681b767119d8c9,eee,Auto Merging (Tutorial),Branch,True,1,0,0,0
Version-1,65f72f34e5681b767119d8c9,eee,Merge Conflicts (Tutorial),Branch,True,1,0,0,0
Version-1,65f72f34e5681b767119d8c9,eee,Create Remote Repository (Tutorial),Remote,True,1,0,0,0
Version-1,65f72f34e5681b767119d8c9,eee,Push to Remote Branches (Tutorial),Remote,True,1,0,0,0
Version-1,65f72f34e5681b767119d8c9,eee,Keep Branches in Sync (Tutorial),Remote,True,1,1,1000,140
Version-1,65f72f34e5681b767119d8c9,eee,Preparation for Merging (Tutorial),Remote,True,1,1,1500,183
Version-1,65f72f34e5681b767119d8c9,eee,Creating a Pull Request (Tutorial),Remote,True,2,4,11000,157
Version-1,65f72f34e5681b767119d8c9,eee,Review and Merge Pull Requests (Tutorial),Remote,True,1,0,0,0
Version-1,65f72f34e5681b767119d8c9,eee,Game Introduction (Practice),Basic,True,2,4,7000,19
Version-1,65f72f34e5681b767119d8c9,eee,Version Control and Git (Practice),Basic,True,1,3,6000,50
Version-1,65f72f34e5681b767119d8c9,eee,Create Local Repository (Practice),Basic,True,0,0,0,0
Version-1,65f72f34e5681b767119d8c9,eee,Basic Staging Area (Practice),Basic,True,0,0,0,0
Version-1,65f72f34e5681b767119d8c9,eee,Advanced Staging Area (Practice),Basic,True,0,0,0,0
Version-1,65f72f34e5681b767119d8c9,eee,Creating First Version (Practice),Basic,True,0,0,0,0
Version-1,65f72f34e5681b767119d8c9,eee,Switching Project Versions (Practice),Basic,True,0,0,0,0
Version-1,65f72f34e5681b767119d8c9,eee,Git Branching Basics (Practice),Branch,True,0,0,0,0
Version-1,65f72f34e5681b767119d8c9,eee,Fast-Forward Merging (Practice),Branch,True,0,0,0,0
Version-1,65f72f34e5681b767119d8c9,eee,Auto Merging (Practice),Branch,True,0,0,0,0
Version-1,65f72f34e5681b767119d8c9,eee,Merge Conflicts (Practice),Branch,True,0,0,0,0
Version-1,65f72f34e5681b767119d8c9,eee,Create Remote Repository (Practice),Remote,True,0,0,0,0
Version-1,65f72f34e5681b767119d8c9,eee,Push to Remote Branches (Practice),Remote,True,0,0,0,0
Version-1,65f72f34e5681b767119d8c9,eee,Keep Branches in Sync (Practice),Remote,True,0,0,0,0
Version-1,65f72f34e5681b767119d8c9,eee,Preparation for Merging (Practice),Remote,True,0,0,0,0
Version-1,65f72f34e5681b767119d8c9,eee,Creating a Pull Request (Practice),Remote,True,0,0,0,0
Version-1,65f72f34e5681b767119d8c9,eee,Review and Merge Pull Requests (Practice),Remote,True,0,0,0,0
Version-1,65f7b3b0e5681b767119e413,NewPlayer,Game Introduction (Tutorial),Basic,True,9,4,7000,21
Version-1,65f7b3b0e5681b767119e413,NewPlayer,Version Control and Git (Tutorial),Basic,True,1,4,3000,44
Version-1,65f7b3b0e5681b767119e413,NewPlayer,Create Local Repository (Tutorial),Basic,True,8,4,4000,19
Version-1,65f7b3b0e5681b767119e413,NewPlayer,Basic Staging Area (Tutorial),Basic,True,1,4,5000,151
Version-1,65f7b3b0e5681b767119e413,NewPlayer,Advanced Staging Area (Tutorial),Basic,True,1,4,6000,139
Version-1,65f7b3b0e5681b767119e413,NewPlayer,Creating First Version (Tutorial),Basic,True,1,4,16000,408
Version-1,65f7b3b0e5681b767119e413,NewPlayer,Switching Project Versions (Tutorial),Basic,True,1,4,8000,211
Version-1,65f7b3b0e5681b767119e413,NewPlayer,Git Branching Basics (Tutorial),Branch,True,1,4,9000,241
Version-1,65f7b3b0e5681b767119e413,NewPlayer,Fast-Forward Merging (Tutorial),Branch,True,2,4,6000,69
Version-1,65f7b3b0e5681b767119e413,NewPlayer,Auto Merging (Tutorial),Branch,True,2,3,7750,424
Version-1,65f7b3b0e5681b767119e413,NewPlayer,Merge Conflicts (Tutorial),Branch,True,3,4,7000,70
Version-1,65f7b3b0e5681b767119e413,NewPlayer,Create Remote Repository (Tutorial),Remote,True,2,4,6000,62
Version-1,65f7b3b0e5681b767119e413,NewPlayer,Push to Remote Branches (Tutorial),Remote,True,2,4,6000,95
Version-1,65f7b3b0e5681b767119e413,NewPlayer,Keep Branches in Sync (Tutorial),Remote,True,1,4,5000,199
Version-1,65f7b3b0e5681b767119e413,NewPlayer,Preparation for Merging (Tutorial),Remote,True,2,4,8000,287
Version-1,65f7b3b0e5681b767119e413,NewPlayer,Creating a Pull Request (Tutorial),Remote,True,1,3,10750,5330
Version-1,65f7b3b0e5681b767119e413,NewPlayer,Review and Merge Pull Requests (Tutorial),Remote,True,0,0,0,0
Version-1,65f7b3b0e5681b767119e413,NewPlayer,Game Introduction (Practice),Basic,True,0,0,0,0
Version-1,65f7b3b0e5681b767119e413,NewPlayer,Version Control and Git (Practice),Basic,True,0,0,0,0
Version-1,65f7b3b0e5681b767119e413,NewPlayer,Create Local Repository (Practice),Basic,True,0,0,0,0
Version-1,65f7b3b0e5681b767119e413,NewPlayer,Basic Staging Area (Practice),Basic,True,0,0,0,0
Version-1,65f7b3b0e5681b767119e413,NewPlayer,Advanced Staging Area (Practice),Basic,True,0,0,0,0
Version-1,65f7b3b0e5681b767119e413,NewPlayer,Creating First Version (Practice),Basic,True,0,0,0,0
Version-1,65f7b3b0e5681b767119e413,NewPlayer,Switching Project Versions (Practice),Basic,True,0,0,0,0
Version-1,65f7b3b0e5681b767119e413,NewPlayer,Git Branching Basics (Practice),Branch,True,0,0,0,0
Version-1,65f7b3b0e5681b767119e413,NewPlayer,Fast-Forward Merging (Practice),Branch,True,0,0,0,0
Version-1,65f7b3b0e5681b767119e413,NewPlayer,Auto Merging (Practice),Branch,True,0,0,0,0
Version-1,65f7b3b0e5681b767119e413,NewPlayer,Merge Conflicts (Practice),Branch,True,0,0,0,0
Version-1,65f7b3b0e5681b767119e413,NewPlayer,Create Remote Repository (Practice),Remote,True,0,0,0,0
Version-1,65f7b3b0e5681b767119e413,NewPlayer,Push to Remote Branches (Practice),Remote,True,0,0,0,0
Version-1,65f7b3b0e5681b767119e413,NewPlayer,Keep Branches in Sync (Practice),Remote,True,0,0,0,0
Version-1,65f7b3b0e5681b767119e413,NewPlayer,Preparation for Merging (Practice),Remote,True,0,0,0,0
Version-1,65f7b3b0e5681b767119e413,NewPlayer,Creating a Pull Request (Practice),Remote,True,0,0,0,0
Version-1,65f7b3b0e5681b767119e413,NewPlayer,Review and Merge Pull Requests (Practice),Remote,False,0,0,0,0
Version-1,65f7d11ce5681b767119e453,D1180757,Game Introduction (Tutorial),Basic,True,1,2,5750,394
Version-1,65f7d11ce5681b767119e453,D1180757,Version Control and Git (Tutorial),Basic,True,1,4,3000,231
Version-1,65f7d11ce5681b767119e453,D1180757,Create Local Repository (Tutorial),Basic,True,1,4,4000,208
Version-1,65f7d11ce5681b767119e453,D1180757,Basic Staging Area (Tutorial),Basic,True,1,4,5000,322
Version-1,65f7d11ce5681b767119e453,D1180757,Advanced Staging Area (Tutorial),Basic,True,1,4,6000,234
Version-1,65f7d11ce5681b767119e453,D1180757,Creating First Version (Tutorial),Basic,True,1,3,15500,619
Version-1,65f7d11ce5681b767119e453,D1180757,Switching Project Versions (Tutorial),Basic,True,1,3,7500,396
Version-1,65f7d11ce5681b767119e453,D1180757,Git Branching Basics (Tutorial),Branch,True,1,2,7750,560
Version-1,65f7d11ce5681b767119e453,D1180757,Fast-Forward Merging (Tutorial),Branch,True,1,3,5750,212
Version-1,65f7d11ce5681b767119e453,D1180757,Auto Merging (Tutorial),Branch,True,1,3,7750,418
Version-1,65f7d11ce5681b767119e453,D1180757,Merge Conflicts (Tutorial),Branch,True,0,0,0,0
Version-1,65f7d11ce5681b767119e453,D1180757,Create Remote Repository (Tutorial),Remote,True,1,4,6000,240
Version-1,65f7d11ce5681b767119e453,D1180757,Push to Remote Branches (Tutorial),Remote,True,1,3,5500,313
Version-1,65f7d11ce5681b767119e453,D1180757,Keep Branches in Sync (Tutorial),Remote,True,1,4,5000,284
Version-1,65f7d11ce5681b767119e453,D1180757,Preparation for Merging (Tutorial),Remote,True,1,1,5500,806
Version-1,65f7d11ce5681b767119e453,D1180757,Creating a Pull Request (Tutorial),Remote,True,1,2,9500,800
Version-1,65f7d11ce5681b767119e453,D1180757,Review and Merge Pull Requests (Tutorial),Remote,True,1,4,4000,398
Version-1,65f7d11ce5681b767119e453,D1180757,Game Introduction (Practice),Basic,True,0,0,0,0
Version-1,65f7d11ce5681b767119e453,D1180757,Version Control and Git (Practice),Basic,True,0,0,0,0
Version-1,65f7d11ce5681b767119e453,D1180757,Create Local Repository (Practice),Basic,True,0,0,0,0
Version-1,65f7d11ce5681b767119e453,D1180757,Basic Staging Area (Practice),Basic,True,0,0,0,0
Version-1,65f7d11ce5681b767119e453,D1180757,Advanced Staging Area (Practice),Basic,True,0,0,0,0
Version-1,65f7d11ce5681b767119e453,D1180757,Creating First Version (Practice),Basic,True,0,0,0,0
Version-1,65f7d11ce5681b767119e453,D1180757,Switching Project Versions (Practice),Basic,True,0,0,0,0
Version-1,65f7d11ce5681b767119e453,D1180757,Git Branching Basics (Practice),Branch,True,0,0,0,0
Version-1,65f7d11ce5681b767119e453,D1180757,Fast-Forward Merging (Practice),Branch,True,0,0,0,0
Version-1,65f7d11ce5681b767119e453,D1180757,Auto Merging (Practice),Branch,True,0,0,0,0
Version-1,65f7d11ce5681b767119e453,D1180757,Merge Conflicts (Practice),Branch,False,0,0,0,0
Version-1,65f7d11ce5681b767119e453,D1180757,Create Remote Repository (Practice),Remote,True,0,0,0,0
Version-1,65f7d11ce5681b767119e453,D1180757,Push to Remote Branches (Practice),Remote,True,0,0,0,0
Version-1,65f7d11ce5681b767119e453,D1180757,Keep Branches in Sync (Practice),Remote,True,0,0,0,0
Version-1,65f7d11ce5681b767119e453,D1180757,Preparation for Merging (Practice),Remote,True,0,0,0,0
Version-1,65f7d11ce5681b767119e453,D1180757,Creating a Pull Request (Practice),Remote,True,0,0,0,0
Version-1,65f7d11ce5681b767119e453,D1180757,Review and Merge Pull Requests (Practice),Remote,True,0,0,0,0
Version-1,65f7d12de5681b767119e459,D1018508,Game Introduction (Tutorial),Basic,True,1,4,7000,60
Version-1,65f7d12de5681b767119e459,D1018508,Version Control and Git (Tutorial),Basic,True,1,4,3000,135
Version-1,65f7d12de5681b767119e459,D1018508,Create Local Repository (Tutorial),Basic,True,2,4,4000,34
Version-1,65f7d12de5681b767119e459,D1018508,Basic Staging Area (Tutorial),Basic,True,1,4,5000,180
Version-1,65f7d12de5681b767119e459,D1018508,Advanced Staging Area (Tutorial),Basic,True,1,4,6000,252
Version-1,65f7d12de5681b767119e459,D1018508,Creating First Version (Tutorial),Basic,True,1,4,16000,348
Version-1,65f7d12de5681b767119e459,D1018508,Switching Project Versions (Tutorial),Basic,True,1,4,8000,216
Version-1,65f7d12de5681b767119e459,D1018508,Git Branching Basics (Tutorial),Branch,True,1,4,9000,337
Version-1,65f7d12de5681b767119e459,D1018508,Fast-Forward Merging (Tutorial),Branch,True,1,4,6000,201
Version-1,65f7d12de5681b767119e459,D1018508,Auto Merging (Tutorial),Branch,True,2,4,8000,165
Version-1,65f7d12de5681b767119e459,D1018508,Merge Conflicts (Tutorial),Branch,True,1,4,7000,136
Version-1,65f7d12de5681b767119e459,D1018508,Create Remote Repository (Tutorial),Remote,True,1,4,6000,146
Version-1,65f7d12de5681b767119e459,D1018508,Push to Remote Branches (Tutorial),Remote,True,1,4,6000,164
Version-1,65f7d12de5681b767119e459,D1018508,Keep Branches in Sync (Tutorial),Remote,True,1,4,5000,193
Version-1,65f7d12de5681b767119e459,D1018508,Preparation for Merging (Tutorial),Remote,True,1,4,8000,273
Version-1,65f7d12de5681b767119e459,D1018508,Creating a Pull Request (Tutorial),Remote,True,2,4,11000,260
Version-1,65f7d12de5681b767119e459,D1018508,Review and Merge Pull Requests (Tutorial),Remote,True,1,4,4000,201
Version-1,65f7d12de5681b767119e459,D1018508,Game Introduction (Practice),Basic,True,1,4,7000,34
Version-1,65f7d12de5681b767119e459,D1018508,Version Control and Git (Practice),Basic,True,1,4,7000,63
Version-1,65f7d12de5681b767119e459,D1018508,Create Local Repository (Practice),Basic,True,0,0,0,0
Version-1,65f7d12de5681b767119e459,D1018508,Basic Staging Area (Practice),Basic,True,0,0,0,0
Version-1,65f7d12de5681b767119e459,D1018508,Advanced Staging Area (Practice),Basic,True,0,0,0,0
Version-1,65f7d12de5681b767119e459,D1018508,Creating First Version (Practice),Basic,True,0,0,0,0
Version-1,65f7d12de5681b767119e459,D1018508,Switching Project Versions (Practice),Basic,True,0,0,0,0
Version-1,65f7d12de5681b767119e459,D1018508,Git Branching Basics (Practice),Branch,True,0,0,0,0
Version-1,65f7d12de5681b767119e459,D1018508,Fast-Forward Merging (Practice),Branch,True,0,0,0,0
Version-1,65f7d12de5681b767119e459,D1018508,Auto Merging (Practice),Branch,True,0,0,0,0
Version-1,65f7d12de5681b767119e459,D1018508,Merge Conflicts (Practice),Branch,True,0,0,0,0
Version-1,65f7d12de5681b767119e459,D1018508,Create Remote Repository (Practice),Remote,True,0,0,0,0
Version-1,65f7d12de5681b767119e459,D1018508,Push to Remote Branches (Practice),Remote,True,0,0,0,0
Version-1,65f7d12de5681b767119e459,D1018508,Keep Branches in Sync (Practice),Remote,True,0,0,0,0
Version-1,65f7d12de5681b767119e459,D1018508,Preparation for Merging (Practice),Remote,True,0,0,0,0
Version-1,65f7d12de5681b767119e459,D1018508,Creating a Pull Request (Practice),Remote,True,0,0,0,0
Version-1,65f7d12de5681b767119e459,D1018508,Review and Merge Pull Requests (Practice),Remote,True,1,4,5000,112
Version-1,65f7d132e5681b767119e45f,d1030978,Game Introduction (Tutorial),Basic,True,2,4,7000,58
Version-1,65f7d132e5681b767119e45f,d1030978,Version Control and Git (Tutorial),Basic,True,2,4,3000,35
Version-1,65f7d132e5681b767119e45f,d1030978,Create Local Repository (Tutorial),Basic,True,1,4,4000,140
Version-1,65f7d132e5681b767119e45f,d1030978,Basic Staging Area (Tutorial),Basic,True,1,4,5000,229
Version-1,65f7d132e5681b767119e45f,d1030978,Advanced Staging Area (Tutorial),Basic,True,1,4,6000,262
Version-1,65f7d132e5681b767119e45f,d1030978,Creating First Version (Tutorial),Basic,True,1,4,16000,762
Version-1,65f7d132e5681b767119e45f,d1030978,Switching Project Versions (Tutorial),Basic,True,2,4,8000,122
Version-1,65f7d132e5681b767119e45f,d1030978,Git Branching Basics (Tutorial),Branch,True,1,1,6000,509
Version-1,65f7d132e5681b767119e45f,d1030978,Fast-Forward Merging (Tutorial),Branch,True,0,0,0,0
Version-1,65f7d132e5681b767119e45f,d1030978,Auto Merging (Tutorial),Branch,False,0,0,0,0
Version-1,65f7d132e5681b767119e45f,d1030978,Merge Conflicts (Tutorial),Branch,False,0,0,0,0
Version-1,65f7d132e5681b767119e45f,d1030978,Create Remote Repository (Tutorial),Remote,False,0,0,0,0
Version-1,65f7d132e5681b767119e45f,d1030978,Push to Remote Branches (Tutorial),Remote,False,0,0,0,0
Version-1,65f7d132e5681b767119e45f,d1030978,Keep Branches in Sync (Tutorial),Remote,False,0,0,0,0
Version-1,65f7d132e5681b767119e45f,d1030978,Preparation for Merging (Tutorial),Remote,False,0,0,0,0
Version-1,65f7d132e5681b767119e45f,d1030978,Creating a Pull Request (Tutorial),Remote,False,0,0,0,0
Version-1,65f7d132e5681b767119e45f,d1030978,Review and Merge Pull Requests (Tutorial),Remote,False,0,0,0,0
Version-1,65f7d132e5681b767119e45f,d1030978,Game Introduction (Practice),Basic,True,1,4,7000,42
Version-1,65f7d132e5681b767119e45f,d1030978,Version Control and Git (Practice),Basic,True,3,4,7000,50
Version-1,65f7d132e5681b767119e45f,d1030978,Create Local Repository (Practice),Basic,True,1,4,3000,90
Version-1,65f7d132e5681b767119e45f,d1030978,Basic Staging Area (Practice),Basic,True,0,0,0,0
Version-1,65f7d132e5681b767119e45f,d1030978,Advanced Staging Area (Practice),Basic,True,0,0,0,0
Version-1,65f7d132e5681b767119e45f,d1030978,Creating First Version (Practice),Basic,True,1,4,8000,139
Version-1,65f7d132e5681b767119e45f,d1030978,Switching Project Versions (Practice),Basic,True,2,4,7000,74
Version-1,65f7d132e5681b767119e45f,d1030978,Git Branching Basics (Practice),Branch,True,0,0,0,0
Version-1,65f7d132e5681b767119e45f,d1030978,Fast-Forward Merging (Practice),Branch,False,0,0,0,0
Version-1,65f7d132e5681b767119e45f,d1030978,Auto Merging (Practice),Branch,False,0,0,0,0
Version-1,65f7d132e5681b767119e45f,d1030978,Merge Conflicts (Practice),Branch,False,0,0,0,0
Version-1,65f7d132e5681b767119e45f,d1030978,Create Remote Repository (Practice),Remote,False,0,0,0,0
Version-1,65f7d132e5681b767119e45f,d1030978,Push to Remote Branches (Practice),Remote,False,0,0,0,0
Version-1,65f7d132e5681b767119e45f,d1030978,Keep Branches in Sync (Practice),Remote,False,0,0,0,0
Version-1,65f7d132e5681b767119e45f,d1030978,Preparation for Merging (Practice),Remote,False,0,0,0,0
Version-1,65f7d132e5681b767119e45f,d1030978,Creating a Pull Request (Practice),Remote,False,0,0,0,0
Version-1,65f7d132e5681b767119e45f,d1030978,Review and Merge Pull Requests (Practice),Remote,False,0,0,0,0
Version-1,65f7d133e5681b767119e465,d0653940,Game Introduction (Tutorial),Basic,True,1,2,6000,368
Version-1,65f7d133e5681b767119e465,d0653940,Version Control and Git (Tutorial),Basic,True,1,2,1000,154
Version-1,65f7d133e5681b767119e465,d0653940,Create Local Repository (Tutorial),Basic,True,1,3,3750,153
Version-1,65f7d133e5681b767119e465,d0653940,Basic Staging Area (Tutorial),Basic,True,1,3,4750,308
Version-1,65f7d133e5681b767119e465,d0653940,Advanced Staging Area (Tutorial),Basic,True,1,4,6000,259
Version-1,65f7d133e5681b767119e465,d0653940,Creating First Version (Tutorial),Basic,True,1,3,15000,1012
Version-1,65f7d133e5681b767119e465,d0653940,Switching Project Versions (Tutorial),Basic,True,1,3,7750,484
Version-1,65f7d133e5681b767119e465,d0653940,Git Branching Basics (Tutorial),Branch,True,1,3,8500,718
Version-1,65f7d133e5681b767119e465,d0653940,Fast-Forward Merging (Tutorial),Branch,True,1,4,6000,298
Version-1,65f7d133e5681b767119e465,d0653940,Auto Merging (Tutorial),Branch,True,1,3,7750,477
Version-1,65f7d133e5681b767119e465,d0653940,Merge Conflicts (Tutorial),Branch,True,1,3,6750,380
Version-1,65f7d133e5681b767119e465,d0653940,Create Remote Repository (Tutorial),Remote,True,1,3,5500,217
Version-1,65f7d133e5681b767119e465,d0653940,Push to Remote Branches (Tutorial),Remote,True,1,4,6000,529
Version-1,65f7d133e5681b767119e465,d0653940,Keep Branches in Sync (Tutorial),Remote,True,1,4,5000,289
Version-1,65f7d133e5681b767119e465,d0653940,Preparation for Merging (Tutorial),Remote,True,1,1,3000,795
Version-1,65f7d133e5681b767119e465,d0653940,Creating a Pull Request (Tutorial),Remote,True,0,0,0,0
Version-1,65f7d133e5681b767119e465,d0653940,Review and Merge Pull Requests (Tutorial),Remote,False,0,0,0,0
Version-1,65f7d133e5681b767119e465,d0653940,Game Introduction (Practice),Basic,True,0,0,0,0
Version-1,65f7d133e5681b767119e465,d0653940,Version Control and Git (Practice),Basic,True,0,0,0,0
Version-1,65f7d133e5681b767119e465,d0653940,Create Local Repository (Practice),Basic,True,0,0,0,0
Version-1,65f7d133e5681b767119e465,d0653940,Basic Staging Area (Practice),Basic,True,0,0,0,0
Version-1,65f7d133e5681b767119e465,d0653940,Advanced Staging Area (Practice),Basic,True,0,0,0,0
Version-1,65f7d133e5681b767119e465,d0653940,Creating First Version (Practice),Basic,True,0,0,0,0
Version-1,65f7d133e5681b767119e465,d0653940,Switching Project Versions (Practice),Basic,True,0,0,0,0
Version-1,65f7d133e5681b767119e465,d0653940,Git Branching Basics (Practice),Branch,True,0,0,0,0
Version-1,65f7d133e5681b767119e465,d0653940,Fast-Forward Merging (Practice),Branch,True,0,0,0,0
Version-1,65f7d133e5681b767119e465,d0653940,Auto Merging (Practice),Branch,True,0,0,0,0
Version-1,65f7d133e5681b767119e465,d0653940,Merge Conflicts (Practice),Branch,True,0,0,0,0
Version-1,65f7d133e5681b767119e465,d0653940,Create Remote Repository (Practice),Remote,True,0,0,0,0
Version-1,65f7d133e5681b767119e465,d0653940,Push to Remote Branches (Practice),Remote,True,0,0,0,0
Version-1,65f7d133e5681b767119e465,d0653940,Keep Branches in Sync (Practice),Remote,True,0,0,0,0
Version-1,65f7d133e5681b767119e465,d0653940,Preparation for Merging (Practice),Remote,True,0,0,0,0
Version-1,65f7d133e5681b767119e465,d0653940,Creating a Pull Request (Practice),Remote,False,0,0,0,0
Version-1,65f7d133e5681b767119e465,d0653940,Review and Merge Pull Requests (Practice),Remote,False,0,0,0,0
Version-1,65f7d135e5681b767119e46b,D1060300,Game Introduction (Tutorial),Basic,True,1,3,6500,257
Version-1,65f7d135e5681b767119e46b,D1060300,Version Control and Git (Tutorial),Basic,True,1,4,3000,120
Version-1,65f7d135e5681b767119e46b,D1060300,Create Local Repository (Tutorial),Basic,True,1,4,4000,130
Version-1,65f7d135e5681b767119e46b,D1060300,Basic Staging Area (Tutorial),Basic,True,1,4,5000,203
Version-1,65f7d135e5681b767119e46b,D1060300,Advanced Staging Area (Tutorial),Basic,True,1,4,6000,145
Version-1,65f7d135e5681b767119e46b,D1060300,Creating First Version (Tutorial),Basic,True,1,4,16000,308
Version-1,65f7d135e5681b767119e46b,D1060300,Switching Project Versions (Tutorial),Basic,True,1,4,8000,201
Version-1,65f7d135e5681b767119e46b,D1060300,Git Branching Basics (Tutorial),Branch,True,1,4,9000,506
Version-1,65f7d135e5681b767119e46b,D1060300,Fast-Forward Merging (Tutorial),Branch,True,1,4,6000,167
Version-1,65f7d135e5681b767119e46b,D1060300,Auto Merging (Tutorial),Branch,True,1,3,7500,262
Version-1,65f7d135e5681b767119e46b,D1060300,Merge Conflicts (Tutorial),Branch,True,1,3,6750,227
Version-1,65f7d135e5681b767119e46b,D1060300,Create Remote Repository (Tutorial),Remote,True,1,4,6000,141
Version-1,65f7d135e5681b767119e46b,D1060300,Push to Remote Branches (Tutorial),Remote,True,1,3,5750,367
Version-1,65f7d135e5681b767119e46b,D1060300,Keep Branches in Sync (Tutorial),Remote,True,1,4,5000,459
Version-1,65f7d135e5681b767119e46b,D1060300,Preparation for Merging (Tutorial),Remote,True,1,3,7500,258
Version-1,65f7d135e5681b767119e46b,D1060300,Creating a Pull Request (Tutorial),Remote,True,1,3,10000,626
Version-1,65f7d135e5681b767119e46b,D1060300,Review and Merge Pull Requests (Tutorial),Remote,True,0,0,0,0
Version-1,65f7d135e5681b767119e46b,D1060300,Game Introduction (Practice),Basic,True,0,0,0,0
Version-1,65f7d135e5681b767119e46b,D1060300,Version Control and Git (Practice),Basic,True,0,0,0,0
Version-1,65f7d135e5681b767119e46b,D1060300,Create Local Repository (Practice),Basic,True,0,0,0,0
Version-1,65f7d135e5681b767119e46b,D1060300,Basic Staging Area (Practice),Basic,True,0,0,0,0
Version-1,65f7d135e5681b767119e46b,D1060300,Advanced Staging Area (Practice),Basic,True,0,0,0,0
Version-1,65f7d135e5681b767119e46b,D1060300,Creating First Version (Practice),Basic,True,0,0,0,0
Version-1,65f7d135e5681b767119e46b,D1060300,Switching Project Versions (Practice),Basic,True,0,0,0,0
Version-1,65f7d135e5681b767119e46b,D1060300,Git Branching Basics (Practice),Branch,True,0,0,0,0
Version-1,65f7d135e5681b767119e46b,D1060300,Fast-Forward Merging (Practice),Branch,True,0,0,0,0
Version-1,65f7d135e5681b767119e46b,D1060300,Auto Merging (Practice),Branch,True,0,0,0,0
Version-1,65f7d135e5681b767119e46b,D1060300,Merge Conflicts (Practice),Branch,True,0,0,0,0
Version-1,65f7d135e5681b767119e46b,D1060300,Create Remote Repository (Practice),Remote,True,0,0,0,0
Version-1,65f7d135e5681b767119e46b,D1060300,Push to Remote Branches (Practice),Remote,True,0,0,0,0
Version-1,65f7d135e5681b767119e46b,D1060300,Keep Branches in Sync (Practice),Remote,True,0,0,0,0
Version-1,65f7d135e5681b767119e46b,D1060300,Preparation for Merging (Practice),Remote,True,0,0,0,0
Version-1,65f7d135e5681b767119e46b,D1060300,Creating a Pull Request (Practice),Remote,True,0,0,0,0
Version-1,65f7d135e5681b767119e46b,D1060300,Review and Merge Pull Requests (Practice),Remote,False,0,0,0,0
Version-1,65f7d136e5681b767119e471,D0957884,Game Introduction (Tutorial),Basic,True,1,3,6500,208
Version-1,65f7d136e5681b767119e471,D0957884,Version Control and Git (Tutorial),Basic,True,1,4,3000,105
Version-1,65f7d136e5681b767119e471,D0957884,Create Local Repository (Tutorial),Basic,True,1,4,4000,125
Version-1,65f7d136e5681b767119e471,D0957884,Basic Staging Area (Tutorial),Basic,True,1,4,5000,170
Version-1,65f7d136e5681b767119e471,D0957884,Advanced Staging Area (Tutorial),Basic,True,1,4,6000,156
Version-1,65f7d136e5681b767119e471,D0957884,Creating First Version (Tutorial),Basic,True,1,4,16000,332
Version-1,65f7d136e5681b767119e471,D0957884,Switching Project Versions (Tutorial),Basic,True,1,4,8000,224
Version-1,65f7d136e5681b767119e471,D0957884,Git Branching Basics (Tutorial),Branch,True,1,4,9000,276
Version-1,65f7d136e5681b767119e471,D0957884,Fast-Forward Merging (Tutorial),Branch,True,1,4,6000,163
Version-1,65f7d136e5681b767119e471,D0957884,Auto Merging (Tutorial),Branch,True,1,4,8000,347
Version-1,65f7d136e5681b767119e471,D0957884,Merge Conflicts (Tutorial),Branch,True,2,4,7000,225
Version-1,65f7d136e5681b767119e471,D0957884,Create Remote Repository (Tutorial),Remote,True,1,4,6000,223
Version-1,65f7d136e5681b767119e471,D0957884,Push to Remote Branches (Tutorial),Remote,True,1,4,6000,215
Version-1,65f7d136e5681b767119e471,D0957884,Keep Branches in Sync (Tutorial),Remote,True,1,4,5000,259
Version-1,65f7d136e5681b767119e471,D0957884,Preparation for Merging (Tutorial),Remote,True,1,2,6750,675
Version-1,65f7d136e5681b767119e471,D0957884,Creating a Pull Request (Tutorial),Remote,True,2,3,10500,269
Version-1,65f7d136e5681b767119e471,D0957884,Review and Merge Pull Requests (Tutorial),Remote,True,1,4,4000,218
Version-1,65f7d136e5681b767119e471,D0957884,Game Introduction (Practice),Basic,True,0,0,0,0
Version-1,65f7d136e5681b767119e471,D0957884,Version Control and Git (Practice),Basic,True,0,0,0,0
Version-1,65f7d136e5681b767119e471,D0957884,Create Local Repository (Practice),Basic,True,0,0,0,0
Version-1,65f7d136e5681b767119e471,D0957884,Basic Staging Area (Practice),Basic,True,0,0,0,0
Version-1,65f7d136e5681b767119e471,D0957884,Advanced Staging Area (Practice),Basic,True,0,0,0,0
Version-1,65f7d136e5681b767119e471,D0957884,Creating First Version (Practice),Basic,True,0,0,0,0
Version-1,65f7d136e5681b767119e471,D0957884,Switching Project Versions (Practice),Basic,True,0,0,0,0
Version-1,65f7d136e5681b767119e471,D0957884,Git Branching Basics (Practice),Branch,True,0,0,0,0
Version-1,65f7d136e5681b767119e471,D0957884,Fast-Forward Merging (Practice),Branch,True,0,0,0,0
Version-1,65f7d136e5681b767119e471,D0957884,Auto Merging (Practice),Branch,True,0,0,0,0
Version-1,65f7d136e5681b767119e471,D0957884,Merge Conflicts (Practice),Branch,True,0,0,0,0
Version-1,65f7d136e5681b767119e471,D0957884,Create Remote Repository (Practice),Remote,True,0,0,0,0
Version-1,65f7d136e5681b767119e471,D0957884,Push to Remote Branches (Practice),Remote,True,0,0,0,0
Version-1,65f7d136e5681b767119e471,D0957884,Keep Branches in Sync (Practice),Remote,True,0,0,0,0
Version-1,65f7d136e5681b767119e471,D0957884,Preparation for Merging (Practice),Remote,True,0,0,0,0
Version-1,65f7d136e5681b767119e471,D0957884,Creating a Pull Request (Practice),Remote,True,0,0,0,0
Version-1,65f7d136e5681b767119e471,D0957884,Review and Merge Pull Requests (Practice),Remote,True,0,0,0,0
Version-1,65f7d13fe5681b767119e47e,D0987439,Game Introduction (Tutorial),Basic,True,1,3,6500,202
Version-1,65f7d13fe5681b767119e47e,D0987439,Version Control and Git (Tutorial),Basic,True,1,4,3000,165
Version-1,65f7d13fe5681b767119e47e,D0987439,Create Local Repository (Tutorial),Basic,True,1,4,4000,146
Version-1,65f7d13fe5681b767119e47e,D0987439,Basic Staging Area (Tutorial),Basic,True,1,4,5000,166
Version-1,65f7d13fe5681b767119e47e,D0987439,Advanced Staging Area (Tutorial),Basic,True,1,4,6000,308
Version-1,65f7d13fe5681b767119e47e,D0987439,Creating First Version (Tutorial),Basic,True,1,4,16000,396
Version-1,65f7d13fe5681b767119e47e,D0987439,Switching Project Versions (Tutorial),Basic,True,1,4,8000,212
Version-1,65f7d13fe5681b767119e47e,D0987439,Git Branching Basics (Tutorial),Branch,True,1,4,9000,441
Version-1,65f7d13fe5681b767119e47e,D0987439,Fast-Forward Merging (Tutorial),Branch,True,1,4,6000,141
Version-1,65f7d13fe5681b767119e47e,D0987439,Auto Merging (Tutorial),Branch,True,1,3,7750,323
Version-1,65f7d13fe5681b767119e47e,D0987439,Merge Conflicts (Tutorial),Branch,True,1,3,6750,285
Version-1,65f7d13fe5681b767119e47e,D0987439,Create Remote Repository (Tutorial),Remote,True,1,4,6000,181
Version-1,65f7d13fe5681b767119e47e,D0987439,Push to Remote Branches (Tutorial),Remote,True,1,4,6000,182
Version-1,65f7d13fe5681b767119e47e,D0987439,Keep Branches in Sync (Tutorial),Remote,True,1,4,5000,124
Version-1,65f7d13fe5681b767119e47e,D0987439,Preparation for Merging (Tutorial),Remote,True,1,4,8000,181
Version-1,65f7d13fe5681b767119e47e,D0987439,Creating a Pull Request (Tutorial),Remote,True,1,4,11000,240
Version-1,65f7d13fe5681b767119e47e,D0987439,Review and Merge Pull Requests (Tutorial),Remote,True,1,4,4000,267
Version-1,65f7d13fe5681b767119e47e,D0987439,Game Introduction (Practice),Basic,True,1,4,7000,50
Version-1,65f7d13fe5681b767119e47e,D0987439,Version Control and Git (Practice),Basic,True,0,0,0,0
Version-1,65f7d13fe5681b767119e47e,D0987439,Create Local Repository (Practice),Basic,True,0,0,0,0
Version-1,65f7d13fe5681b767119e47e,D0987439,Basic Staging Area (Practice),Basic,True,0,0,0,0
Version-1,65f7d13fe5681b767119e47e,D0987439,Advanced Staging Area (Practice),Basic,True,0,0,0,0
Version-1,65f7d13fe5681b767119e47e,D0987439,Creating First Version (Practice),Basic,True,0,0,0,0
Version-1,65f7d13fe5681b767119e47e,D0987439,Switching Project Versions (Practice),Basic,True,0,0,0,0
Version-1,65f7d13fe5681b767119e47e,D0987439,Git Branching Basics (Practice),Branch,True,0,0,0,0
Version-1,65f7d13fe5681b767119e47e,D0987439,Fast-Forward Merging (Practice),Branch,True,0,0,0,0
Version-1,65f7d13fe5681b767119e47e,D0987439,Auto Merging (Practice),Branch,True,0,0,0,0
Version-1,65f7d13fe5681b767119e47e,D0987439,Merge Conflicts (Practice),Branch,True,0,0,0,0
Version-1,65f7d13fe5681b767119e47e,D0987439,Create Remote Repository (Practice),Remote,True,0,0,0,0
Version-1,65f7d13fe5681b767119e47e,D0987439,Push to Remote Branches (Practice),Remote,True,0,0,0,0
Version-1,65f7d13fe5681b767119e47e,D0987439,Keep Branches in Sync (Practice),Remote,True,0,0,0,0
Version-1,65f7d13fe5681b767119e47e,D0987439,Preparation for Merging (Practice),Remote,True,0,0,0,0
Version-1,65f7d13fe5681b767119e47e,D0987439,Creating a Pull Request (Practice),Remote,True,0,0,0,0
Version-1,65f7d13fe5681b767119e47e,D0987439,Review and Merge Pull Requests (Practice),Remote,True,0,0,0,0
Version-1,65f7d141e5681b767119e484,kenchin0627,Game Introduction (Tutorial),Basic,True,1,3,6250,230
Version-1,65f7d141e5681b767119e484,kenchin0627,Version Control and Git (Tutorial),Basic,True,2,2,1000,66
Version-1,65f7d141e5681b767119e484,kenchin0627,Create Local Repository (Tutorial),Basic,True,1,4,4000,100
Version-1,65f7d141e5681b767119e484,kenchin0627,Basic Staging Area (Tutorial),Basic,True,1,4,5000,116
Version-1,65f7d141e5681b767119e484,kenchin0627,Advanced Staging Area (Tutorial),Basic,True,1,4,6000,170
Version-1,65f7d141e5681b767119e484,kenchin0627,Creating First Version (Tutorial),Basic,True,1,3,15750,447
Version-1,65f7d141e5681b767119e484,kenchin0627,Switching Project Versions (Tutorial),Basic,True,1,3,7750,518
Version-1,65f7d141e5681b767119e484,kenchin0627,Git Branching Basics (Tutorial),Branch,True,1,3,8750,397
Version-1,65f7d141e5681b767119e484,kenchin0627,Fast-Forward Merging (Tutorial),Branch,True,1,4,6000,187
Version-1,65f7d141e5681b767119e484,kenchin0627,Auto Merging (Tutorial),Branch,True,1,3,7500,424
Version-1,65f7d141e5681b767119e484,kenchin0627,Merge Conflicts (Tutorial),Branch,True,1,3,6750,297
Version-1,65f7d141e5681b767119e484,kenchin0627,Create Remote Repository (Tutorial),Remote,True,1,4,6000,161
Version-1,65f7d141e5681b767119e484,kenchin0627,Push to Remote Branches (Tutorial),Remote,True,1,3,5750,420
Version-1,65f7d141e5681b767119e484,kenchin0627,Keep Branches in Sync (Tutorial),Remote,True,1,4,5000,175
Version-1,65f7d141e5681b767119e484,kenchin0627,Preparation for Merging (Tutorial),Remote,True,1,3,7750,434
Version-1,65f7d141e5681b767119e484,kenchin0627,Creating a Pull Request (Tutorial),Remote,True,1,4,11000,643
Version-1,65f7d141e5681b767119e484,kenchin0627,Review and Merge Pull Requests (Tutorial),Remote,True,1,4,4000,116
Version-1,65f7d141e5681b767119e484,kenchin0627,Game Introduction (Practice),Basic,True,1,4,7000,37
Version-1,65f7d141e5681b767119e484,kenchin0627,Version Control and Git (Practice),Basic,True,0,0,0,0
Version-1,65f7d141e5681b767119e484,kenchin0627,Create Local Repository (Practice),Basic,True,0,0,0,0
Version-1,65f7d141e5681b767119e484,kenchin0627,Basic Staging Area (Practice),Basic,True,0,0,0,0
Version-1,65f7d141e5681b767119e484,kenchin0627,Advanced Staging Area (Practice),Basic,True,0,0,0,0
Version-1,65f7d141e5681b767119e484,kenchin0627,Creating First Version (Practice),Basic,True,0,0,0,0
Version-1,65f7d141e5681b767119e484,kenchin0627,Switching Project Versions (Practice),Basic,True,0,0,0,0
Version-1,65f7d141e5681b767119e484,kenchin0627,Git Branching Basics (Practice),Branch,True,0,0,0,0
Version-1,65f7d141e5681b767119e484,kenchin0627,Fast-Forward Merging (Practice),Branch,True,0,0,0,0
Version-1,65f7d141e5681b767119e484,kenchin0627,Auto Merging (Practice),Branch,True,0,0,0,0
Version-1,65f7d141e5681b767119e484,kenchin0627,Merge Conflicts (Practice),Branch,True,0,0,0,0
Version-1,65f7d141e5681b767119e484,kenchin0627,Create Remote Repository (Practice),Remote,True,0,0,0,0
Version-1,65f7d141e5681b767119e484,kenchin0627,Push to Remote Branches (Practice),Remote,True,0,0,0,0
Version-1,65f7d141e5681b767119e484,kenchin0627,Keep Branches in Sync (Practice),Remote,True,0,0,0,0
Version-1,65f7d141e5681b767119e484,kenchin0627,Preparation for Merging (Practice),Remote,True,0,0,0,0
Version-1,65f7d141e5681b767119e484,kenchin0627,Creating a Pull Request (Practice),Remote,True,0,0,0,0
Version-1,65f7d141e5681b767119e484,kenchin0627,Review and Merge Pull Requests (Practice),Remote,True,0,0,0,0
Version-1,65f7d143e5681b767119e48a,d0947523,Game Introduction (Tutorial),Basic,True,2,4,7000,46
Version-1,65f7d143e5681b767119e48a,d0947523,Version Control and Git (Tutorial),Basic,True,1,4,3000,120
Version-1,65f7d143e5681b767119e48a,d0947523,Create Local Repository (Tutorial),Basic,True,1,4,4000,73
Version-1,65f7d143e5681b767119e48a,d0947523,Basic Staging Area (Tutorial),Basic,True,1,4,5000,71
Version-1,65f7d143e5681b767119e48a,d0947523,Advanced Staging Area (Tutorial),Basic,True,1,4,6000,379
Version-1,65f7d143e5681b767119e48a,d0947523,Creating First Version (Tutorial),Basic,True,1,4,16000,467
Version-1,65f7d143e5681b767119e48a,d0947523,Switching Project Versions (Tutorial),Basic,True,1,4,8000,310
Version-1,65f7d143e5681b767119e48a,d0947523,Git Branching Basics (Tutorial),Branch,True,1,4,9000,389
Version-1,65f7d143e5681b767119e48a,d0947523,Fast-Forward Merging (Tutorial),Branch,True,1,4,6000,192
Version-1,65f7d143e5681b767119e48a,d0947523,Auto Merging (Tutorial),Branch,True,1,4,8000,221
Version-1,65f7d143e5681b767119e48a,d0947523,Merge Conflicts (Tutorial),Branch,True,1,4,7000,222
Version-1,65f7d143e5681b767119e48a,d0947523,Create Remote Repository (Tutorial),Remote,True,1,4,6000,129
Version-1,65f7d143e5681b767119e48a,d0947523,Push to Remote Branches (Tutorial),Remote,True,1,4,6000,301
Version-1,65f7d143e5681b767119e48a,d0947523,Keep Branches in Sync (Tutorial),Remote,True,1,4,5000,320
Version-1,65f7d143e5681b767119e48a,d0947523,Preparation for Merging (Tutorial),Remote,True,1,4,8000,291
Version-1,65f7d143e5681b767119e48a,d0947523,Creating a Pull Request (Tutorial),Remote,True,1,3,10750,475
Version-1,65f7d143e5681b767119e48a,d0947523,Review and Merge Pull Requests (Tutorial),Remote,True,1,4,4000,182
Version-1,65f7d143e5681b767119e48a,d0947523,Game Introduction (Practice),Basic,True,1,4,7000,36
Version-1,65f7d143e5681b767119e48a,d0947523,Version Control and Git (Practice),Basic,True,0,0,0,0
Version-1,65f7d143e5681b767119e48a,d0947523,Create Local Repository (Practice),Basic,True,0,0,0,0
Version-1,65f7d143e5681b767119e48a,d0947523,Basic Staging Area (Practice),Basic,True,0,0,0,0
Version-1,65f7d143e5681b767119e48a,d0947523,Advanced Staging Area (Practice),Basic,True,0,0,0,0
Version-1,65f7d143e5681b767119e48a,d0947523,Creating First Version (Practice),Basic,True,0,0,0,0
Version-1,65f7d143e5681b767119e48a,d0947523,Switching Project Versions (Practice),Basic,True,0,0,0,0
Version-1,65f7d143e5681b767119e48a,d0947523,Git Branching Basics (Practice),Branch,True,0,0,0,0
Version-1,65f7d143e5681b767119e48a,d0947523,Fast-Forward Merging (Practice),Branch,True,0,0,0,0
Version-1,65f7d143e5681b767119e48a,d0947523,Auto Merging (Practice),Branch,True,0,0,0,0
Version-1,65f7d143e5681b767119e48a,d0947523,Merge Conflicts (Practice),Branch,True,0,0,0,0
Version-1,65f7d143e5681b767119e48a,d0947523,Create Remote Repository (Practice),Remote,True,0,0,0,0
Version-1,65f7d143e5681b767119e48a,d0947523,Push to Remote Branches (Practice),Remote,True,0,0,0,0
Version-1,65f7d143e5681b767119e48a,d0947523,Keep Branches in Sync (Practice),Remote,True,0,0,0,0
Version-1,65f7d143e5681b767119e48a,d0947523,Preparation for Merging (Practice),Remote,True,0,0,0,0
Version-1,65f7d143e5681b767119e48a,d0947523,Creating a Pull Request (Practice),Remote,True,0,0,0,0
Version-1,65f7d143e5681b767119e48a,d0947523,Review and Merge Pull Requests (Practice),Remote,True,0,0,0,0
Version-1,65f7d143e5681b767119e490,D1179580,Game Introduction (Tutorial),Basic,True,2,4,7000,64
Version-1,65f7d143e5681b767119e490,D1179580,Version Control and Git (Tutorial),Basic,True,2,4,3000,53
Version-1,65f7d143e5681b767119e490,D1179580,Create Local Repository (Tutorial),Basic,True,1,4,4000,394
Version-1,65f7d143e5681b767119e490,D1179580,Basic Staging Area (Tutorial),Basic,True,1,4,5000,366
Version-1,65f7d143e5681b767119e490,D1179580,Advanced Staging Area (Tutorial),Basic,True,1,4,6000,227
Version-1,65f7d143e5681b767119e490,D1179580,Creating First Version (Tutorial),Basic,True,1,4,16000,518
Version-1,65f7d143e5681b767119e490,D1179580,Switching Project Versions (Tutorial),Basic,True,1,4,8000,422
Version-1,65f7d143e5681b767119e490,D1179580,Git Branching Basics (Tutorial),Branch,True,1,4,9000,414
Version-1,65f7d143e5681b767119e490,D1179580,Fast-Forward Merging (Tutorial),Branch,True,1,4,6000,269
Version-1,65f7d143e5681b767119e490,D1179580,Auto Merging (Tutorial),Branch,True,2,4,8000,313
Version-1,65f7d143e5681b767119e490,D1179580,Merge Conflicts (Tutorial),Branch,True,1,4,7000,399
Version-1,65f7d143e5681b767119e490,D1179580,Create Remote Repository (Tutorial),Remote,True,1,4,6000,284
Version-1,65f7d143e5681b767119e490,D1179580,Push to Remote Branches (Tutorial),Remote,True,2,4,6000,137
Version-1,65f7d143e5681b767119e490,D1179580,Keep Branches in Sync (Tutorial),Remote,True,1,4,5000,247
Version-1,65f7d143e5681b767119e490,D1179580,Preparation for Merging (Tutorial),Remote,True,1,3,7750,456
Version-1,65f7d143e5681b767119e490,D1179580,Creating a Pull Request (Tutorial),Remote,True,0,0,0,0
Version-1,65f7d143e5681b767119e490,D1179580,Review and Merge Pull Requests (Tutorial),Remote,False,0,0,0,0
Version-1,65f7d143e5681b767119e490,D1179580,Game Introduction (Practice),Basic,True,0,0,0,0
Version-1,65f7d143e5681b767119e490,D1179580,Version Control and Git (Practice),Basic,True,0,0,0,0
Version-1,65f7d143e5681b767119e490,D1179580,Create Local Repository (Practice),Basic,True,0,0,0,0
Version-1,65f7d143e5681b767119e490,D1179580,Basic Staging Area (Practice),Basic,True,0,0,0,0
Version-1,65f7d143e5681b767119e490,D1179580,Advanced Staging Area (Practice),Basic,True,0,0,0,0
Version-1,65f7d143e5681b767119e490,D1179580,Creating First Version (Practice),Basic,True,0,0,0,0
Version-1,65f7d143e5681b767119e490,D1179580,Switching Project Versions (Practice),Basic,True,0,0,0,0
Version-1,65f7d143e5681b767119e490,D1179580,Git Branching Basics (Practice),Branch,True,0,0,0,0
Version-1,65f7d143e5681b767119e490,D1179580,Fast-Forward Merging (Practice),Branch,True,0,0,0,0
Version-1,65f7d143e5681b767119e490,D1179580,Auto Merging (Practice),Branch,True,0,0,0,0
Version-1,65f7d143e5681b767119e490,D1179580,Merge Conflicts (Practice),Branch,True,0,0,0,0
Version-1,65f7d143e5681b767119e490,D1179580,Create Remote Repository (Practice),Remote,True,0,0,0,0
Version-1,65f7d143e5681b767119e490,D1179580,Push to Remote Branches (Practice),Remote,True,0,0,0,0
Version-1,65f7d143e5681b767119e490,D1179580,Keep Branches in Sync (Practice),Remote,True,0,0,0,0
Version-1,65f7d143e5681b767119e490,D1179580,Preparation for Merging (Practice),Remote,True,0,0,0,0
Version-1,65f7d143e5681b767119e490,D1179580,Creating a Pull Request (Practice),Remote,False,0,0,0,0
Version-1,65f7d143e5681b767119e490,D1179580,Review and Merge Pull Requests (Practice),Remote,False,0,0,0,0
Version-1,65f7d144e5681b767119e496,Loe,Game Introduction (Tutorial),Basic,True,1,3,6250,270
Version-1,65f7d144e5681b767119e496,Loe,Version Control and Git (Tutorial),Basic,True,1,4,3000,138
Version-1,65f7d144e5681b767119e496,Loe,Create Local Repository (Tutorial),Basic,True,1,4,4000,142
Version-1,65f7d144e5681b767119e496,Loe,Basic Staging Area (Tutorial),Basic,True,1,4,5000,228
Version-1,65f7d144e5681b767119e496,Loe,Advanced Staging Area (Tutorial),Basic,True,1,4,6000,178
Version-1,65f7d144e5681b767119e496,Loe,Creating First Version (Tutorial),Basic,True,1,3,15750,441
Version-1,65f7d144e5681b767119e496,Loe,Switching Project Versions (Tutorial),Basic,True,2,4,8000,196
Version-1,65f7d144e5681b767119e496,Loe,Git Branching Basics (Tutorial),Branch,True,1,4,9000,374
Version-1,65f7d144e5681b767119e496,Loe,Fast-Forward Merging (Tutorial),Branch,True,1,4,6000,151
Version-1,65f7d144e5681b767119e496,Loe,Auto Merging (Tutorial),Branch,True,1,3,7750,299
Version-1,65f7d144e5681b767119e496,Loe,Merge Conflicts (Tutorial),Branch,True,1,3,6750,361
Version-1,65f7d144e5681b767119e496,Loe,Create Remote Repository (Tutorial),Remote,True,1,4,6000,95
Version-1,65f7d144e5681b767119e496,Loe,Push to Remote Branches (Tutorial),Remote,True,1,4,6000,242
Version-1,65f7d144e5681b767119e496,Loe,Keep Branches in Sync (Tutorial),Remote,True,1,4,5000,149
Version-1,65f7d144e5681b767119e496,Loe,Preparation for Merging (Tutorial),Remote,True,1,3,7250,365
Version-1,65f7d144e5681b767119e496,Loe,Creating a Pull Request (Tutorial),Remote,True,1,3,10750,1055
Version-1,65f7d144e5681b767119e496,Loe,Review and Merge Pull Requests (Tutorial),Remote,True,1,4,4000,120
Version-1,65f7d144e5681b767119e496,Loe,Game Introduction (Practice),Basic,True,1,4,7000,47
Version-1,65f7d144e5681b767119e496,Loe,Version Control and Git (Practice),Basic,True,1,3,5000,178
Version-1,65f7d144e5681b767119e496,Loe,Create Local Repository (Practice),Basic,True,1,3,2500,71
Version-1,65f7d144e5681b767119e496,Loe,Basic Staging Area (Practice),Basic,True,0,0,0,0
Version-1,65f7d144e5681b767119e496,Loe,Advanced Staging Area (Practice),Basic,True,1,4,3000,77
Version-1,65f7d144e5681b767119e496,Loe,Creating First Version (Practice),Basic,True,1,4,8000,126
Version-1,65f7d144e5681b767119e496,Loe,Switching Project Versions (Practice),Basic,True,0,0,0,0
Version-1,65f7d144e5681b767119e496,Loe,Git Branching Basics (Practice),Branch,True,0,0,0,0
Version-1,65f7d144e5681b767119e496,Loe,Fast-Forward Merging (Practice),Branch,True,1,3,6750,181
Version-1,65f7d144e5681b767119e496,Loe,Auto Merging (Practice),Branch,True,0,0,0,0
Version-1,65f7d144e5681b767119e496,Loe,Merge Conflicts (Practice),Branch,True,0,0,0,0
Version-1,65f7d144e5681b767119e496,Loe,Create Remote Repository (Practice),Remote,True,0,0,0,0
Version-1,65f7d144e5681b767119e496,Loe,Push to Remote Branches (Practice),Remote,True,0,0,0,0
Version-1,65f7d144e5681b767119e496,Loe,Keep Branches in Sync (Practice),Remote,True,0,0,0,0
Version-1,65f7d144e5681b767119e496,Loe,Preparation for Merging (Practice),Remote,True,0,0,0,0
Version-1,65f7d144e5681b767119e496,Loe,Creating a Pull Request (Practice),Remote,True,0,0,0,0
Version-1,65f7d144e5681b767119e496,Loe,Review and Merge Pull Requests (Practice),Remote,True,0,0,0,0
Version-1,65f7d145e5681b767119e49e,Once,Game Introduction (Tutorial),Basic,True,1,3,6750,409
Version-1,65f7d145e5681b767119e49e,Once,Version Control and Git (Tutorial),Basic,True,1,3,2000,158
Version-1,65f7d145e5681b767119e49e,Once,Create Local Repository (Tutorial),Basic,True,1,4,4000,209
Version-1,65f7d145e5681b767119e49e,Once,Basic Staging Area (Tutorial),Basic,True,1,4,5000,229
Version-1,65f7d145e5681b767119e49e,Once,Advanced Staging Area (Tutorial),Basic,True,1,4,6000,314
Version-1,65f7d145e5681b767119e49e,Once,Creating First Version (Tutorial),Basic,True,1,4,16000,590
Version-1,65f7d145e5681b767119e49e,Once,Switching Project Versions (Tutorial),Basic,True,1,4,8000,537
Version-1,65f7d145e5681b767119e49e,Once,Git Branching Basics (Tutorial),Branch,True,1,4,9000,652
Version-1,65f7d145e5681b767119e49e,Once,Fast-Forward Merging (Tutorial),Branch,True,1,4,6000,210
Version-1,65f7d145e5681b767119e49e,Once,Auto Merging (Tutorial),Branch,True,1,3,7250,478
Version-1,65f7d145e5681b767119e49e,Once,Merge Conflicts (Tutorial),Branch,True,0,0,0,0
Version-1,65f7d145e5681b767119e49e,Once,Create Remote Repository (Tutorial),Remote,False,0,0,0,0
Version-1,65f7d145e5681b767119e49e,Once,Push to Remote Branches (Tutorial),Remote,False,0,0,0,0
Version-1,65f7d145e5681b767119e49e,Once,Keep Branches in Sync (Tutorial),Remote,False,0,0,0,0
Version-1,65f7d145e5681b767119e49e,Once,Preparation for Merging (Tutorial),Remote,False,0,0,0,0
Version-1,65f7d145e5681b767119e49e,Once,Creating a Pull Request (Tutorial),Remote,False,0,0,0,0
Version-1,65f7d145e5681b767119e49e,Once,Review and Merge Pull Requests (Tutorial),Remote,False,0,0,0,0
Version-1,65f7d145e5681b767119e49e,Once,Game Introduction (Practice),Basic,True,0,0,0,0
Version-1,65f7d145e5681b767119e49e,Once,Version Control and Git (Practice),Basic,True,0,0,0,0
Version-1,65f7d145e5681b767119e49e,Once,Create Local Repository (Practice),Basic,True,0,0,0,0
Version-1,65f7d145e5681b767119e49e,Once,Basic Staging Area (Practice),Basic,True,0,0,0,0
Version-1,65f7d145e5681b767119e49e,Once,Advanced Staging Area (Practice),Basic,True,0,0,0,0
Version-1,65f7d145e5681b767119e49e,Once,Creating First Version (Practice),Basic,True,0,0,0,0
Version-1,65f7d145e5681b767119e49e,Once,Switching Project Versions (Practice),Basic,True,0,0,0,0
Version-1,65f7d145e5681b767119e49e,Once,Git Branching Basics (Practice),Branch,True,0,0,0,0
Version-1,65f7d145e5681b767119e49e,Once,Fast-Forward Merging (Practice),Branch,True,0,0,0,0
Version-1,65f7d145e5681b767119e49e,Once,Auto Merging (Practice),Branch,True,0,0,0,0
Version-1,65f7d145e5681b767119e49e,Once,Merge Conflicts (Practice),Branch,False,0,0,0,0
Version-1,65f7d145e5681b767119e49e,Once,Create Remote Repository (Practice),Remote,False,0,0,0,0
Version-1,65f7d145e5681b767119e49e,Once,Push to Remote Branches (Practice),Remote,False,0,0,0,0
Version-1,65f7d145e5681b767119e49e,Once,Keep Branches in Sync (Practice),Remote,False,0,0,0,0
Version-1,65f7d145e5681b767119e49e,Once,Preparation for Merging (Practice),Remote,False,0,0,0,0
Version-1,65f7d145e5681b767119e49e,Once,Creating a Pull Request (Practice),Remote,False,0,0,0,0
Version-1,65f7d145e5681b767119e49e,Once,Review and Merge Pull Requests (Practice),Remote,False,0,0,0,0
Version-1,65f7d150e5681b767119e4a8,D0982730,Game Introduction (Tutorial),Basic,True,1,3,6250,726
Version-1,65f7d150e5681b767119e4a8,D0982730,Version Control and Git (Tutorial),Basic,True,1,4,3000,284
Version-1,65f7d150e5681b767119e4a8,D0982730,Create Local Repository (Tutorial),Basic,True,1,2,3000,313
Version-1,65f7d150e5681b767119e4a8,D0982730,Basic Staging Area (Tutorial),Basic,True,1,4,5000,201
Version-1,65f7d150e5681b767119e4a8,D0982730,Advanced Staging Area (Tutorial),Basic,True,1,4,6000,182
Version-1,65f7d150e5681b767119e4a8,D0982730,Creating First Version (Tutorial),Basic,True,1,4,16000,430
Version-1,65f7d150e5681b767119e4a8,D0982730,Switching Project Versions (Tutorial),Basic,True,1,4,8000,445
Version-1,65f7d150e5681b767119e4a8,D0982730,Git Branching Basics (Tutorial),Branch,True,1,4,9000,452
Version-1,65f7d150e5681b767119e4a8,D0982730,Fast-Forward Merging (Tutorial),Branch,True,1,4,6000,215
Version-1,65f7d150e5681b767119e4a8,D0982730,Auto Merging (Tutorial),Branch,True,1,3,7750,313
Version-1,65f7d150e5681b767119e4a8,D0982730,Merge Conflicts (Tutorial),Branch,True,1,4,7000,296
Version-1,65f7d150e5681b767119e4a8,D0982730,Create Remote Repository (Tutorial),Remote,True,1,4,6000,268
Version-1,65f7d150e5681b767119e4a8,D0982730,Push to Remote Branches (Tutorial),Remote,True,1,3,5500,371
Version-1,65f7d150e5681b767119e4a8,D0982730,Keep Branches in Sync (Tutorial),Remote,True,1,4,5000,207
Version-1,65f7d150e5681b767119e4a8,D0982730,Preparation for Merging (Tutorial),Remote,True,1,3,7250,449
Version-1,65f7d150e5681b767119e4a8,D0982730,Creating a Pull Request (Tutorial),Remote,True,0,0,0,0
Version-1,65f7d150e5681b767119e4a8,D0982730,Review and Merge Pull Requests (Tutorial),Remote,False,0,0,0,0
Version-1,65f7d150e5681b767119e4a8,D0982730,Game Introduction (Practice),Basic,True,0,0,0,0
Version-1,65f7d150e5681b767119e4a8,D0982730,Version Control and Git (Practice),Basic,True,0,0,0,0
Version-1,65f7d150e5681b767119e4a8,D0982730,Create Local Repository (Practice),Basic,True,0,0,0,0
Version-1,65f7d150e5681b767119e4a8,D0982730,Basic Staging Area (Practice),Basic,True,0,0,0,0
Version-1,65f7d150e5681b767119e4a8,D0982730,Advanced Staging Area (Practice),Basic,True,0,0,0,0
Version-1,65f7d150e5681b767119e4a8,D0982730,Creating First Version (Practice),Basic,True,0,0,0,0
Version-1,65f7d150e5681b767119e4a8,D0982730,Switching Project Versions (Practice),Basic,True,0,0,0,0
Version-1,65f7d150e5681b767119e4a8,D0982730,Git Branching Basics (Practice),Branch,True,0,0,0,0
Version-1,65f7d150e5681b767119e4a8,D0982730,Fast-Forward Merging (Practice),Branch,True,0,0,0,0
Version-1,65f7d150e5681b767119e4a8,D0982730,Auto Merging (Practice),Branch,True,0,0,0,0
Version-1,65f7d150e5681b767119e4a8,D0982730,Merge Conflicts (Practice),Branch,True,0,0,0,0
Version-1,65f7d150e5681b767119e4a8,D0982730,Create Remote Repository (Practice),Remote,True,0,0,0,0
Version-1,65f7d150e5681b767119e4a8,D0982730,Push to Remote Branches (Practice),Remote,True,0,0,0,0
Version-1,65f7d150e5681b767119e4a8,D0982730,Keep Branches in Sync (Practice),Remote,True,0,0,0,0
Version-1,65f7d150e5681b767119e4a8,D0982730,Preparation for Merging (Practice),Remote,True,0,0,0,0
Version-1,65f7d150e5681b767119e4a8,D0982730,Creating a Pull Request (Practice),Remote,False,0,0,0,0
Version-1,65f7d150e5681b767119e4a8,D0982730,Review and Merge Pull Requests (Practice),Remote,False,0,0,0,0
Version-1,65f7d151e5681b767119e4ae,D1051888,Game Introduction (Tutorial),Basic,True,1,3,6750,342
Version-1,65f7d151e5681b767119e4ae,D1051888,Version Control and Git (Tutorial),Basic,True,1,4,3000,297
Version-1,65f7d151e5681b767119e4ae,D1051888,Create Local Repository (Tutorial),Basic,True,1,4,4000,147
Version-1,65f7d151e5681b767119e4ae,D1051888,Basic Staging Area (Tutorial),Basic,True,1,4,5000,322
Version-1,65f7d151e5681b767119e4ae,D1051888,Advanced Staging Area (Tutorial),Basic,True,1,4,6000,258
Version-1,65f7d151e5681b767119e4ae,D1051888,Creating First Version (Tutorial),Basic,True,1,4,16000,547
Version-1,65f7d151e5681b767119e4ae,D1051888,Switching Project Versions (Tutorial),Basic,True,2,4,8000,285
Version-1,65f7d151e5681b767119e4ae,D1051888,Git Branching Basics (Tutorial),Branch,True,1,4,9000,359
Version-1,65f7d151e5681b767119e4ae,D1051888,Fast-Forward Merging (Tutorial),Branch,True,1,4,6000,140
Version-1,65f7d151e5681b767119e4ae,D1051888,Auto Merging (Tutorial),Branch,True,1,3,7750,458
Version-1,65f7d151e5681b767119e4ae,D1051888,Merge Conflicts (Tutorial),Branch,True,1,3,6750,396
Version-1,65f7d151e5681b767119e4ae,D1051888,Create Remote Repository (Tutorial),Remote,True,1,4,6000,595
Version-1,65f7d151e5681b767119e4ae,D1051888,Push to Remote Branches (Tutorial),Remote,True,1,3,5750,487
Version-1,65f7d151e5681b767119e4ae,D1051888,Keep Branches in Sync (Tutorial),Remote,True,0,0,0,0
Version-1,65f7d151e5681b767119e4ae,D1051888,Preparation for Merging (Tutorial),Remote,False,0,0,0,0
Version-1,65f7d151e5681b767119e4ae,D1051888,Creating a Pull Request (Tutorial),Remote,False,0,0,0,0
Version-1,65f7d151e5681b767119e4ae,D1051888,Review and Merge Pull Requests (Tutorial),Remote,False,0,0,0,0
Version-1,65f7d151e5681b767119e4ae,D1051888,Game Introduction (Practice),Basic,True,0,0,0,0
Version-1,65f7d151e5681b767119e4ae,D1051888,Version Control and Git (Practice),Basic,True,0,0,0,0
Version-1,65f7d151e5681b767119e4ae,D1051888,Create Local Repository (Practice),Basic,True,0,0,0,0
Version-1,65f7d151e5681b767119e4ae,D1051888,Basic Staging Area (Practice),Basic,True,0,0,0,0
Version-1,65f7d151e5681b767119e4ae,D1051888,Advanced Staging Area (Practice),Basic,True,0,0,0,0
Version-1,65f7d151e5681b767119e4ae,D1051888,Creating First Version (Practice),Basic,True,0,0,0,0
Version-1,65f7d151e5681b767119e4ae,D1051888,Switching Project Versions (Practice),Basic,True,0,0,0,0
Version-1,65f7d151e5681b767119e4ae,D1051888,Git Branching Basics (Practice),Branch,True,0,0,0,0
Version-1,65f7d151e5681b767119e4ae,D1051888,Fast-Forward Merging (Practice),Branch,True,0,0,0,0
Version-1,65f7d151e5681b767119e4ae,D1051888,Auto Merging (Practice),Branch,True,0,0,0,0
Version-1,65f7d151e5681b767119e4ae,D1051888,Merge Conflicts (Practice),Branch,True,0,0,0,0
Version-1,65f7d151e5681b767119e4ae,D1051888,Create Remote Repository (Practice),Remote,True,0,0,0,0
Version-1,65f7d151e5681b767119e4ae,D1051888,Push to Remote Branches (Practice),Remote,True,0,0,0,0
Version-1,65f7d151e5681b767119e4ae,D1051888,Keep Branches in Sync (Practice),Remote,False,0,0,0,0
Version-1,65f7d151e5681b767119e4ae,D1051888,Preparation for Merging (Practice),Remote,False,0,0,0,0
Version-1,65f7d151e5681b767119e4ae,D1051888,Creating a Pull Request (Practice),Remote,False,0,0,0,0
Version-1,65f7d151e5681b767119e4ae,D1051888,Review and Merge Pull Requests (Practice),Remote,False,0,0,0,0
Version-1,65f7d156e5681b767119e4b8,D0957411,Game Introduction (Tutorial),Basic,True,2,4,7000,52
Version-1,65f7d156e5681b767119e4b8,D0957411,Version Control and Git (Tutorial),Basic,True,1,4,3000,104
Version-1,65f7d156e5681b767119e4b8,D0957411,Create Local Repository (Tutorial),Basic,True,1,4,4000,191
Version-1,65f7d156e5681b767119e4b8,D0957411,Basic Staging Area (Tutorial),Basic,True,1,4,5000,171
Version-1,65f7d156e5681b767119e4b8,D0957411,Advanced Staging Area (Tutorial),Basic,True,1,4,6000,172
Version-1,65f7d156e5681b767119e4b8,D0957411,Creating First Version (Tutorial),Basic,True,1,4,16000,379
Version-1,65f7d156e5681b767119e4b8,D0957411,Switching Project Versions (Tutorial),Basic,True,1,4,8000,268
Version-1,65f7d156e5681b767119e4b8,D0957411,Git Branching Basics (Tutorial),Branch,True,2,4,9000,239
Version-1,65f7d156e5681b767119e4b8,D0957411,Fast-Forward Merging (Tutorial),Branch,True,1,4,6000,216
Version-1,65f7d156e5681b767119e4b8,D0957411,Auto Merging (Tutorial),Branch,True,1,4,8000,298
Version-1,65f7d156e5681b767119e4b8,D0957411,Merge Conflicts (Tutorial),Branch,True,1,4,7000,279
Version-1,65f7d156e5681b767119e4b8,D0957411,Create Remote Repository (Tutorial),Remote,True,2,4,6000,70
Version-1,65f7d156e5681b767119e4b8,D0957411,Push to Remote Branches (Tutorial),Remote,True,1,4,6000,210
Version-1,65f7d156e5681b767119e4b8,D0957411,Keep Branches in Sync (Tutorial),Remote,True,1,4,5000,208
Version-1,65f7d156e5681b767119e4b8,D0957411,Preparation for Merging (Tutorial),Remote,True,1,4,8000,377
Version-1,65f7d156e5681b767119e4b8,D0957411,Creating a Pull Request (Tutorial),Remote,True,1,3,10750,652
Version-1,65f7d156e5681b767119e4b8,D0957411,Review and Merge Pull Requests (Tutorial),Remote,True,0,0,0,0
Version-1,65f7d156e5681b767119e4b8,D0957411,Game Introduction (Practice),Basic,True,1,4,7000,32
Version-1,65f7d156e5681b767119e4b8,D0957411,Version Control and Git (Practice),Basic,True,2,4,7000,49
Version-1,65f7d156e5681b767119e4b8,D0957411,Create Local Repository (Practice),Basic,True,1,4,3000,50
Version-1,65f7d156e5681b767119e4b8,D0957411,Basic Staging Area (Practice),Basic,True,0,0,0,0
Version-1,65f7d156e5681b767119e4b8,D0957411,Advanced Staging Area (Practice),Basic,True,0,0,0,0
Version-1,65f7d156e5681b767119e4b8,D0957411,Creating First Version (Practice),Basic,True,0,0,0,0
Version-1,65f7d156e5681b767119e4b8,D0957411,Switching Project Versions (Practice),Basic,True,0,0,0,0
Version-1,65f7d156e5681b767119e4b8,D0957411,Git Branching Basics (Practice),Branch,True,0,0,0,0
Version-1,65f7d156e5681b767119e4b8,D0957411,Fast-Forward Merging (Practice),Branch,True,0,0,0,0
Version-1,65f7d156e5681b767119e4b8,D0957411,Auto Merging (Practice),Branch,True,0,0,0,0
Version-1,65f7d156e5681b767119e4b8,D0957411,Merge Conflicts (Practice),Branch,True,0,0,0,0
Version-1,65f7d156e5681b767119e4b8,D0957411,Create Remote Repository (Practice),Remote,True,0,0,0,0
Version-1,65f7d156e5681b767119e4b8,D0957411,Push to Remote Branches (Practice),Remote,True,0,0,0,0
Version-1,65f7d156e5681b767119e4b8,D0957411,Keep Branches in Sync (Practice),Remote,True,0,0,0,0
Version-1,65f7d156e5681b767119e4b8,D0957411,Preparation for Merging (Practice),Remote,True,0,0,0,0
Version-1,65f7d156e5681b767119e4b8,D0957411,Creating a Pull Request (Practice),Remote,True,0,0,0,0
Version-1,65f7d156e5681b767119e4b8,D0957411,Review and Merge Pull Requests (Practice),Remote,False,0,0,0,0
Version-1,65f7d15ae5681b767119e4c5,D1018734,Game Introduction (Tutorial),Basic,True,2,4,7000,50
Version-1,65f7d15ae5681b767119e4c5,D1018734,Version Control and Git (Tutorial),Basic,True,1,4,3000,80
Version-1,65f7d15ae5681b767119e4c5,D1018734,Create Local Repository (Tutorial),Basic,True,1,4,4000,70
Version-1,65f7d15ae5681b767119e4c5,D1018734,Basic Staging Area (Tutorial),Basic,True,1,4,5000,173
Version-1,65f7d15ae5681b767119e4c5,D1018734,Advanced Staging Area (Tutorial),Basic,True,1,4,6000,124
Version-1,65f7d15ae5681b767119e4c5,D1018734,Creating First Version (Tutorial),Basic,True,1,2,14000,855
Version-1,65f7d15ae5681b767119e4c5,D1018734,Switching Project Versions (Tutorial),Basic,True,1,4,8000,188
Version-1,65f7d15ae5681b767119e4c5,D1018734,Git Branching Basics (Tutorial),Branch,True,1,2,8000,287
Version-1,65f7d15ae5681b767119e4c5,D1018734,Fast-Forward Merging (Tutorial),Branch,True,1,4,6000,191
Version-1,65f7d15ae5681b767119e4c5,D1018734,Auto Merging (Tutorial),Branch,True,1,3,7750,311
Version-1,65f7d15ae5681b767119e4c5,D1018734,Merge Conflicts (Tutorial),Branch,True,1,3,6750,216
Version-1,65f7d15ae5681b767119e4c5,D1018734,Create Remote Repository (Tutorial),Remote,True,1,4,6000,116
Version-1,65f7d15ae5681b767119e4c5,D1018734,Push to Remote Branches (Tutorial),Remote,True,1,3,5750,214
Version-1,65f7d15ae5681b767119e4c5,D1018734,Keep Branches in Sync (Tutorial),Remote,True,1,4,5000,144
Version-1,65f7d15ae5681b767119e4c5,D1018734,Preparation for Merging (Tutorial),Remote,True,1,3,7250,502
Version-1,65f7d15ae5681b767119e4c5,D1018734,Creating a Pull Request (Tutorial),Remote,True,1,1,7500,826
Version-1,65f7d15ae5681b767119e4c5,D1018734,Review and Merge Pull Requests (Tutorial),Remote,True,1,4,4000,249
Version-1,65f7d15ae5681b767119e4c5,D1018734,Game Introduction (Practice),Basic,True,0,0,0,0
Version-1,65f7d15ae5681b767119e4c5,D1018734,Version Control and Git (Practice),Basic,True,0,0,0,0
Version-1,65f7d15ae5681b767119e4c5,D1018734,Create Local Repository (Practice),Basic,True,0,0,0,0
Version-1,65f7d15ae5681b767119e4c5,D1018734,Basic Staging Area (Practice),Basic,True,0,0,0,0
Version-1,65f7d15ae5681b767119e4c5,D1018734,Advanced Staging Area (Practice),Basic,True,0,0,0,0
Version-1,65f7d15ae5681b767119e4c5,D1018734,Creating First Version (Practice),Basic,True,0,0,0,0
Version-1,65f7d15ae5681b767119e4c5,D1018734,Switching Project Versions (Practice),Basic,True,0,0,0,0
Version-1,65f7d15ae5681b767119e4c5,D1018734,Git Branching Basics (Practice),Branch,True,0,0,0,0
Version-1,65f7d15ae5681b767119e4c5,D1018734,Fast-Forward Merging (Practice),Branch,True,0,0,0,0
Version-1,65f7d15ae5681b767119e4c5,D1018734,Auto Merging (Practice),Branch,True,0,0,0,0
Version-1,65f7d15ae5681b767119e4c5,D1018734,Merge Conflicts (Practice),Branch,True,0,0,0,0
Version-1,65f7d15ae5681b767119e4c5,D1018734,Create Remote Repository (Practice),Remote,True,0,0,0,0
Version-1,65f7d15ae5681b767119e4c5,D1018734,Push to Remote Branches (Practice),Remote,True,0,0,0,0
Version-1,65f7d15ae5681b767119e4c5,D1018734,Keep Branches in Sync (Practice),Remote,True,0,0,0,0
Version-1,65f7d15ae5681b767119e4c5,D1018734,Preparation for Merging (Practice),Remote,True,0,0,0,0
Version-1,65f7d15ae5681b767119e4c5,D1018734,Creating a Pull Request (Practice),Remote,True,0,0,0,0
Version-1,65f7d15ae5681b767119e4c5,D1018734,Review and Merge Pull Requests (Practice),Remote,True,0,0,0,0
Version-1,65f7d15ae5681b767119e4cb,D1060003,Game Introduction (Tutorial),Basic,True,1,2,6000,240
Version-1,65f7d15ae5681b767119e4cb,D1060003,Version Control and Git (Tutorial),Basic,True,1,0,0,0
Version-1,65f7d15ae5681b767119e4cb,D1060003,Create Local Repository (Tutorial),Basic,True,1,2,3000,97
Version-1,65f7d15ae5681b767119e4cb,D1060003,Basic Staging Area (Tutorial),Basic,True,1,4,5000,167
Version-1,65f7d15ae5681b767119e4cb,D1060003,Advanced Staging Area (Tutorial),Basic,True,1,4,6000,169
Version-1,65f7d15ae5681b767119e4cb,D1060003,Creating First Version (Tutorial),Basic,True,0,0,0,0
Version-1,65f7d15ae5681b767119e4cb,D1060003,Switching Project Versions (Tutorial),Basic,False,0,0,0,0
Version-1,65f7d15ae5681b767119e4cb,D1060003,Git Branching Basics (Tutorial),Branch,False,0,0,0,0
Version-1,65f7d15ae5681b767119e4cb,D1060003,Fast-Forward Merging (Tutorial),Branch,False,0,0,0,0
Version-1,65f7d15ae5681b767119e4cb,D1060003,Auto Merging (Tutorial),Branch,False,0,0,0,0
Version-1,65f7d15ae5681b767119e4cb,D1060003,Merge Conflicts (Tutorial),Branch,False,0,0,0,0
Version-1,65f7d15ae5681b767119e4cb,D1060003,Create Remote Repository (Tutorial),Remote,False,0,0,0,0
Version-1,65f7d15ae5681b767119e4cb,D1060003,Push to Remote Branches (Tutorial),Remote,False,0,0,0,0
Version-1,65f7d15ae5681b767119e4cb,D1060003,Keep Branches in Sync (Tutorial),Remote,False,0,0,0,0
Version-1,65f7d15ae5681b767119e4cb,D1060003,Preparation for Merging (Tutorial),Remote,False,0,0,0,0
Version-1,65f7d15ae5681b767119e4cb,D1060003,Creating a Pull Request (Tutorial),Remote,False,0,0,0,0
Version-1,65f7d15ae5681b767119e4cb,D1060003,Review and Merge Pull Requests (Tutorial),Remote,False,0,0,0,0
Version-1,65f7d15ae5681b767119e4cb,D1060003,Game Introduction (Practice),Basic,True,0,0,0,0
Version-1,65f7d15ae5681b767119e4cb,D1060003,Version Control and Git (Practice),Basic,True,0,0,0,0
Version-1,65f7d15ae5681b767119e4cb,D1060003,Create Local Repository (Practice),Basic,True,0,0,0,0
Version-1,65f7d15ae5681b767119e4cb,D1060003,Basic Staging Area (Practice),Basic,True,0,0,0,0
Version-1,65f7d15ae5681b767119e4cb,D1060003,Advanced Staging Area (Practice),Basic,True,0,0,0,0
Version-1,65f7d15ae5681b767119e4cb,D1060003,Creating First Version (Practice),Basic,False,0,0,0,0
Version-1,65f7d15ae5681b767119e4cb,D1060003,Switching Project Versions (Practice),Basic,False,0,0,0,0
Version-1,65f7d15ae5681b767119e4cb,D1060003,Git Branching Basics (Practice),Branch,False,0,0,0,0
Version-1,65f7d15ae5681b767119e4cb,D1060003,Fast-Forward Merging (Practice),Branch,False,0,0,0,0
Version-1,65f7d15ae5681b767119e4cb,D1060003,Auto Merging (Practice),Branch,False,0,0,0,0
Version-1,65f7d15ae5681b767119e4cb,D1060003,Merge Conflicts (Practice),Branch,False,0,0,0,0
Version-1,65f7d15ae5681b767119e4cb,D1060003,Create Remote Repository (Practice),Remote,False,0,0,0,0
Version-1,65f7d15ae5681b767119e4cb,D1060003,Push to Remote Branches (Practice),Remote,False,0,0,0,0
Version-1,65f7d15ae5681b767119e4cb,D1060003,Keep Branches in Sync (Practice),Remote,False,0,0,0,0
Version-1,65f7d15ae5681b767119e4cb,D1060003,Preparation for Merging (Practice),Remote,False,0,0,0,0
Version-1,65f7d15ae5681b767119e4cb,D1060003,Creating a Pull Request (Practice),Remote,False,0,0,0,0
Version-1,65f7d15ae5681b767119e4cb,D1060003,Review and Merge Pull Requests (Practice),Remote,False,0,0,0,0
Version-1,65f7d15be5681b767119e4d1,D1059887,Game Introduction (Tutorial),Basic,True,1,4,7000,428
Version-1,65f7d15be5681b767119e4d1,D1059887,Version Control and Git (Tutorial),Basic,True,1,4,3000,82
Version-1,65f7d15be5681b767119e4d1,D1059887,Create Local Repository (Tutorial),Basic,True,1,4,4000,229
Version-1,65f7d15be5681b767119e4d1,D1059887,Basic Staging Area (Tutorial),Basic,True,1,4,5000,322
Version-1,65f7d15be5681b767119e4d1,D1059887,Advanced Staging Area (Tutorial),Basic,True,1,4,6000,258
Version-1,65f7d15be5681b767119e4d1,D1059887,Creating First Version (Tutorial),Basic,True,1,4,16000,831
Version-1,65f7d15be5681b767119e4d1,D1059887,Switching Project Versions (Tutorial),Basic,True,1,4,8000,332
Version-1,65f7d15be5681b767119e4d1,D1059887,Git Branching Basics (Tutorial),Branch,True,1,4,9000,555
Version-1,65f7d15be5681b767119e4d1,D1059887,Fast-Forward Merging (Tutorial),Branch,True,1,4,6000,240
Version-1,65f7d15be5681b767119e4d1,D1059887,Auto Merging (Tutorial),Branch,True,1,4,8000,292
Version-1,65f7d15be5681b767119e4d1,D1059887,Merge Conflicts (Tutorial),Branch,True,1,4,7000,349
Version-1,65f7d15be5681b767119e4d1,D1059887,Create Remote Repository (Tutorial),Remote,True,1,4,6000,216
Version-1,65f7d15be5681b767119e4d1,D1059887,Push to Remote Branches (Tutorial),Remote,True,1,4,6000,393
Version-1,65f7d15be5681b767119e4d1,D1059887,Keep Branches in Sync (Tutorial),Remote,True,1,4,5000,263
Version-1,65f7d15be5681b767119e4d1,D1059887,Preparation for Merging (Tutorial),Remote,True,1,4,8000,594
Version-1,65f7d15be5681b767119e4d1,D1059887,Creating a Pull Request (Tutorial),Remote,True,0,0,0,0
Version-1,65f7d15be5681b767119e4d1,D1059887,Review and Merge Pull Requests (Tutorial),Remote,False,0,0,0,0
Version-1,65f7d15be5681b767119e4d1,D1059887,Game Introduction (Practice),Basic,True,0,0,0,0
Version-1,65f7d15be5681b767119e4d1,D1059887,Version Control and Git (Practice),Basic,True,0,0,0,0
Version-1,65f7d15be5681b767119e4d1,D1059887,Create Local Repository (Practice),Basic,True,0,0,0,0
Version-1,65f7d15be5681b767119e4d1,D1059887,Basic Staging Area (Practice),Basic,True,0,0,0,0
Version-1,65f7d15be5681b767119e4d1,D1059887,Advanced Staging Area (Practice),Basic,True,0,0,0,0
Version-1,65f7d15be5681b767119e4d1,D1059887,Creating First Version (Practice),Basic,True,0,0,0,0
Version-1,65f7d15be5681b767119e4d1,D1059887,Switching Project Versions (Practice),Basic,True,0,0,0,0
Version-1,65f7d15be5681b767119e4d1,D1059887,Git Branching Basics (Practice),Branch,True,0,0,0,0
Version-1,65f7d15be5681b767119e4d1,D1059887,Fast-Forward Merging (Practice),Branch,True,0,0,0,0
Version-1,65f7d15be5681b767119e4d1,D1059887,Auto Merging (Practice),Branch,True,0,0,0,0
Version-1,65f7d15be5681b767119e4d1,D1059887,Merge Conflicts (Practice),Branch,True,0,0,0,0
Version-1,65f7d15be5681b767119e4d1,D1059887,Create Remote Repository (Practice),Remote,True,0,0,0,0
Version-1,65f7d15be5681b767119e4d1,D1059887,Push to Remote Branches (Practice),Remote,True,0,0,0,0
Version-1,65f7d15be5681b767119e4d1,D1059887,Keep Branches in Sync (Practice),Remote,True,0,0,0,0
Version-1,65f7d15be5681b767119e4d1,D1059887,Preparation for Merging (Practice),Remote,True,0,0,0,0
Version-1,65f7d15be5681b767119e4d1,D1059887,Creating a Pull Request (Practice),Remote,False,0,0,0,0
Version-1,65f7d15be5681b767119e4d1,D1059887,Review and Merge Pull Requests (Practice),Remote,False,0,0,0,0
Version-1,65f7d15ce5681b767119e4d7,d1031329,Game Introduction (Tutorial),Basic,True,1,3,6250,221
Version-1,65f7d15ce5681b767119e4d7,d1031329,Version Control and Git (Tutorial),Basic,True,1,4,3000,99
Version-1,65f7d15ce5681b767119e4d7,d1031329,Create Local Repository (Tutorial),Basic,True,1,4,4000,178
Version-1,65f7d15ce5681b767119e4d7,d1031329,Basic Staging Area (Tutorial),Basic,True,1,4,5000,119
Version-1,65f7d15ce5681b767119e4d7,d1031329,Advanced Staging Area (Tutorial),Basic,True,1,4,6000,179
Version-1,65f7d15ce5681b767119e4d7,d1031329,Creating First Version (Tutorial),Basic,True,1,4,16000,301
Version-1,65f7d15ce5681b767119e4d7,d1031329,Switching Project Versions (Tutorial),Basic,True,1,4,8000,165
Version-1,65f7d15ce5681b767119e4d7,d1031329,Git Branching Basics (Tutorial),Branch,True,1,4,9000,473
Version-1,65f7d15ce5681b767119e4d7,d1031329,Fast-Forward Merging (Tutorial),Branch,True,1,4,6000,192
Version-1,65f7d15ce5681b767119e4d7,d1031329,Auto Merging (Tutorial),Branch,True,1,3,7750,320
Version-1,65f7d15ce5681b767119e4d7,d1031329,Merge Conflicts (Tutorial),Branch,True,0,0,0,0
Version-1,65f7d15ce5681b767119e4d7,d1031329,Create Remote Repository (Tutorial),Remote,True,1,4,6000,114
Version-1,65f7d15ce5681b767119e4d7,d1031329,Push to Remote Branches (Tutorial),Remote,True,1,4,6000,243
Version-1,65f7d15ce5681b767119e4d7,d1031329,Keep Branches in Sync (Tutorial),Remote,True,1,4,5000,813
Version-1,65f7d15ce5681b767119e4d7,d1031329,Preparation for Merging (Tutorial),Remote,True,1,3,7000,451
Version-1,65f7d15ce5681b767119e4d7,d1031329,Creating a Pull Request (Tutorial),Remote,True,1,1,6750,1033
Version-1,65f7d15ce5681b767119e4d7,d1031329,Review and Merge Pull Requests (Tutorial),Remote,True,1,2,3000,201
Version-1,65f7d15ce5681b767119e4d7,d1031329,Game Introduction (Practice),Basic,True,0,0,0,0
Version-1,65f7d15ce5681b767119e4d7,d1031329,Version Control and Git (Practice),Basic,True,0,0,0,0
Version-1,65f7d15ce5681b767119e4d7,d1031329,Create Local Repository (Practice),Basic,True,0,0,0,0
Version-1,65f7d15ce5681b767119e4d7,d1031329,Basic Staging Area (Practice),Basic,True,0,0,0,0
Version-1,65f7d15ce5681b767119e4d7,d1031329,Advanced Staging Area (Practice),Basic,True,0,0,0,0
Version-1,65f7d15ce5681b767119e4d7,d1031329,Creating First Version (Practice),Basic,True,0,0,0,0
Version-1,65f7d15ce5681b767119e4d7,d1031329,Switching Project Versions (Practice),Basic,True,0,0,0,0
Version-1,65f7d15ce5681b767119e4d7,d1031329,Git Branching Basics (Practice),Branch,True,0,0,0,0
Version-1,65f7d15ce5681b767119e4d7,d1031329,Fast-Forward Merging (Practice),Branch,True,0,0,0,0
Version-1,65f7d15ce5681b767119e4d7,d1031329,Auto Merging (Practice),Branch,True,0,0,0,0
Version-1,65f7d15ce5681b767119e4d7,d1031329,Merge Conflicts (Practice),Branch,False,0,0,0,0
Version-1,65f7d15ce5681b767119e4d7,d1031329,Create Remote Repository (Practice),Remote,True,0,0,0,0
Version-1,65f7d15ce5681b767119e4d7,d1031329,Push to Remote Branches (Practice),Remote,True,0,0,0,0
Version-1,65f7d15ce5681b767119e4d7,d1031329,Keep Branches in Sync (Practice),Remote,True,0,0,0,0
Version-1,65f7d15ce5681b767119e4d7,d1031329,Preparation for Merging (Practice),Remote,True,0,0,0,0
Version-1,65f7d15ce5681b767119e4d7,d1031329,Creating a Pull Request (Practice),Remote,True,0,0,0,0
Version-1,65f7d15ce5681b767119e4d7,d1031329,Review and Merge Pull Requests (Practice),Remote,True,0,0,0,0
Version-1,65f7d160e5681b767119e4eb,cookie,Game Introduction (Tutorial),Basic,True,1,4,7000,257
Version-1,65f7d160e5681b767119e4eb,cookie,Version Control and Git (Tutorial),Basic,True,1,4,3000,193
Version-1,65f7d160e5681b767119e4eb,cookie,Create Local Repository (Tutorial),Basic,True,1,4,4000,163
Version-1,65f7d160e5681b767119e4eb,cookie,Basic Staging Area (Tutorial),Basic,True,1,4,5000,262
Version-1,65f7d160e5681b767119e4eb,cookie,Advanced Staging Area (Tutorial),Basic,True,1,4,6000,212
Version-1,65f7d160e5681b767119e4eb,cookie,Creating First Version (Tutorial),Basic,True,1,3,15750,569
Version-1,65f7d160e5681b767119e4eb,cookie,Switching Project Versions (Tutorial),Basic,True,1,4,8000,334
Version-1,65f7d160e5681b767119e4eb,cookie,Git Branching Basics (Tutorial),Branch,True,1,4,9000,469
Version-1,65f7d160e5681b767119e4eb,cookie,Fast-Forward Merging (Tutorial),Branch,True,1,4,6000,247
Version-1,65f7d160e5681b767119e4eb,cookie,Auto Merging (Tutorial),Branch,True,1,3,7750,576
Version-1,65f7d160e5681b767119e4eb,cookie,Merge Conflicts (Tutorial),Branch,True,1,4,7000,321
Version-1,65f7d160e5681b767119e4eb,cookie,Create Remote Repository (Tutorial),Remote,True,1,4,6000,222
Version-1,65f7d160e5681b767119e4eb,cookie,Push to Remote Branches (Tutorial),Remote,True,1,4,6000,191
Version-1,65f7d160e5681b767119e4eb,cookie,Keep Branches in Sync (Tutorial),Remote,True,1,4,5000,299
Version-1,65f7d160e5681b767119e4eb,cookie,Preparation for Merging (Tutorial),Remote,True,1,4,8000,573
Version-1,65f7d160e5681b767119e4eb,cookie,Creating a Pull Request (Tutorial),Remote,True,1,3,10750,758
Version-1,65f7d160e5681b767119e4eb,cookie,Review and Merge Pull Requests (Tutorial),Remote,True,1,4,4000,308
Version-1,65f7d160e5681b767119e4eb,cookie,Game Introduction (Practice),Basic,True,0,0,0,0
Version-1,65f7d160e5681b767119e4eb,cookie,Version Control and Git (Practice),Basic,True,0,0,0,0
Version-1,65f7d160e5681b767119e4eb,cookie,Create Local Repository (Practice),Basic,True,0,0,0,0
Version-1,65f7d160e5681b767119e4eb,cookie,Basic Staging Area (Practice),Basic,True,0,0,0,0
Version-1,65f7d160e5681b767119e4eb,cookie,Advanced Staging Area (Practice),Basic,True,0,0,0,0
Version-1,65f7d160e5681b767119e4eb,cookie,Creating First Version (Practice),Basic,True,0,0,0,0
Version-1,65f7d160e5681b767119e4eb,cookie,Switching Project Versions (Practice),Basic,True,0,0,0,0
Version-1,65f7d160e5681b767119e4eb,cookie,Git Branching Basics (Practice),Branch,True,0,0,0,0
Version-1,65f7d160e5681b767119e4eb,cookie,Fast-Forward Merging (Practice),Branch,True,0,0,0,0
Version-1,65f7d160e5681b767119e4eb,cookie,Auto Merging (Practice),Branch,True,0,0,0,0
Version-1,65f7d160e5681b767119e4eb,cookie,Merge Conflicts (Practice),Branch,True,0,0,0,0
Version-1,65f7d160e5681b767119e4eb,cookie,Create Remote Repository (Practice),Remote,True,0,0,0,0
Version-1,65f7d160e5681b767119e4eb,cookie,Push to Remote Branches (Practice),Remote,True,0,0,0,0
Version-1,65f7d160e5681b767119e4eb,cookie,Keep Branches in Sync (Practice),Remote,True,0,0,0,0
Version-1,65f7d160e5681b767119e4eb,cookie,Preparation for Merging (Practice),Remote,True,0,0,0,0
Version-1,65f7d160e5681b767119e4eb,cookie,Creating a Pull Request (Practice),Remote,True,0,0,0,0
Version-1,65f7d160e5681b767119e4eb,cookie,Review and Merge Pull Requests (Practice),Remote,True,0,0,0,0
Version-1,65f7d160e5681b767119e4f2,D1051092,Game Introduction (Tutorial),Basic,True,2,4,7000,48
Version-1,65f7d160e5681b767119e4f2,D1051092,Version Control and Git (Tutorial),Basic,True,1,4,3000,76
Version-1,65f7d160e5681b767119e4f2,D1051092,Create Local Repository (Tutorial),Basic,True,1,4,4000,135
Version-1,65f7d160e5681b767119e4f2,D1051092,Basic Staging Area (Tutorial),Basic,True,1,4,5000,222
Version-1,65f7d160e5681b767119e4f2,D1051092,Advanced Staging Area (Tutorial),Basic,True,1,4,6000,207
Version-1,65f7d160e5681b767119e4f2,D1051092,Creating First Version (Tutorial),Basic,True,1,4,16000,394
Version-1,65f7d160e5681b767119e4f2,D1051092,Switching Project Versions (Tutorial),Basic,True,1,4,8000,203
Version-1,65f7d160e5681b767119e4f2,D1051092,Git Branching Basics (Tutorial),Branch,True,1,4,9000,279
Version-1,65f7d160e5681b767119e4f2,D1051092,Fast-Forward Merging (Tutorial),Branch,True,1,4,6000,132
Version-1,65f7d160e5681b767119e4f2,D1051092,Auto Merging (Tutorial),Branch,True,1,4,8000,300
Version-1,65f7d160e5681b767119e4f2,D1051092,Merge Conflicts (Tutorial),Branch,True,1,4,7000,216
Version-1,65f7d160e5681b767119e4f2,D1051092,Create Remote Repository (Tutorial),Remote,True,1,4,6000,143
Version-1,65f7d160e5681b767119e4f2,D1051092,Push to Remote Branches (Tutorial),Remote,True,1,4,6000,167
Version-1,65f7d160e5681b767119e4f2,D1051092,Keep Branches in Sync (Tutorial),Remote,True,1,4,5000,118
Version-1,65f7d160e5681b767119e4f2,D1051092,Preparation for Merging (Tutorial),Remote,True,1,4,8000,302
Version-1,65f7d160e5681b767119e4f2,D1051092,Creating a Pull Request (Tutorial),Remote,True,0,0,0,0
Version-1,65f7d160e5681b767119e4f2,D1051092,Review and Merge Pull Requests (Tutorial),Remote,False,0,0,0,0
Version-1,65f7d160e5681b767119e4f2,D1051092,Game Introduction (Practice),Basic,True,0,0,0,0
Version-1,65f7d160e5681b767119e4f2,D1051092,Version Control and Git (Practice),Basic,True,0,0,0,0
Version-1,65f7d160e5681b767119e4f2,D1051092,Create Local Repository (Practice),Basic,True,0,0,0,0
Version-1,65f7d160e5681b767119e4f2,D1051092,Basic Staging Area (Practice),Basic,True,0,0,0,0
Version-1,65f7d160e5681b767119e4f2,D1051092,Advanced Staging Area (Practice),Basic,True,0,0,0,0
Version-1,65f7d160e5681b767119e4f2,D1051092,Creating First Version (Practice),Basic,True,0,0,0,0
Version-1,65f7d160e5681b767119e4f2,D1051092,Switching Project Versions (Practice),Basic,True,0,0,0,0
Version-1,65f7d160e5681b767119e4f2,D1051092,Git Branching Basics (Practice),Branch,True,0,0,0,0
Version-1,65f7d160e5681b767119e4f2,D1051092,Fast-Forward Merging (Practice),Branch,True,0,0,0,0
Version-1,65f7d160e5681b767119e4f2,D1051092,Auto Merging (Practice),Branch,True,0,0,0,0
Version-1,65f7d160e5681b767119e4f2,D1051092,Merge Conflicts (Practice),Branch,True,0,0,0,0
Version-1,65f7d160e5681b767119e4f2,D1051092,Create Remote Repository (Practice),Remote,True,0,0,0,0
Version-1,65f7d160e5681b767119e4f2,D1051092,Push to Remote Branches (Practice),Remote,True,0,0,0,0
Version-1,65f7d160e5681b767119e4f2,D1051092,Keep Branches in Sync (Practice),Remote,True,0,0,0,0
Version-1,65f7d160e5681b767119e4f2,D1051092,Preparation for Merging (Practice),Remote,True,0,0,0,0
Version-1,65f7d160e5681b767119e4f2,D1051092,Creating a Pull Request (Practice),Remote,False,0,0,0,0
Version-1,65f7d160e5681b767119e4f2,D1051092,Review and Merge Pull Requests (Practice),Remote,False,0,0,0,0
Version-1,65f7d164e5681b767119e506,user1,Game Introduction (Tutorial),Basic,True,1,4,7000,214
Version-1,65f7d164e5681b767119e506,user1,Version Control and Git (Tutorial),Basic,True,1,4,3000,77
Version-1,65f7d164e5681b767119e506,user1,Create Local Repository (Tutorial),Basic,True,1,4,4000,190
Version-1,65f7d164e5681b767119e506,user1,Basic Staging Area (Tutorial),Basic,True,1,4,5000,298
Version-1,65f7d164e5681b767119e506,user1,Advanced Staging Area (Tutorial),Basic,True,1,4,6000,270
Version-1,65f7d164e5681b767119e506,user1,Creating First Version (Tutorial),Basic,True,1,4,16000,666
Version-1,65f7d164e5681b767119e506,user1,Switching Project Versions (Tutorial),Basic,True,1,4,8000,346
Version-1,65f7d164e5681b767119e506,user1,Git Branching Basics (Tutorial),Branch,True,1,4,9000,460
Version-1,65f7d164e5681b767119e506,user1,Fast-Forward Merging (Tutorial),Branch,True,1,4,6000,241
Version-1,65f7d164e5681b767119e506,user1,Auto Merging (Tutorial),Branch,True,2,4,8000,271
Version-1,65f7d164e5681b767119e506,user1,Merge Conflicts (Tutorial),Branch,True,1,4,7000,321
Version-1,65f7d164e5681b767119e506,user1,Create Remote Repository (Tutorial),Remote,True,1,4,6000,232
Version-1,65f7d164e5681b767119e506,user1,Push to Remote Branches (Tutorial),Remote,True,1,4,6000,331
Version-1,65f7d164e5681b767119e506,user1,Keep Branches in Sync (Tutorial),Remote,True,1,4,5000,422
Version-1,65f7d164e5681b767119e506,user1,Preparation for Merging (Tutorial),Remote,True,1,3,7750,630
Version-1,65f7d164e5681b767119e506,user1,Creating a Pull Request (Tutorial),Remote,True,0,0,0,0
Version-1,65f7d164e5681b767119e506,user1,Review and Merge Pull Requests (Tutorial),Remote,False,0,0,0,0
Version-1,65f7d164e5681b767119e506,user1,Game Introduction (Practice),Basic,True,1,4,7000,63
Version-1,65f7d164e5681b767119e506,user1,Version Control and Git (Practice),Basic,True,1,4,7000,151
Version-1,65f7d164e5681b767119e506,user1,Create Local Repository (Practice),Basic,True,0,0,0,0
Version-1,65f7d164e5681b767119e506,user1,Basic Staging Area (Practice),Basic,True,0,0,0,0
Version-1,65f7d164e5681b767119e506,user1,Advanced Staging Area (Practice),Basic,True,0,0,0,0
Version-1,65f7d164e5681b767119e506,user1,Creating First Version (Practice),Basic,True,0,0,0,0
Version-1,65f7d164e5681b767119e506,user1,Switching Project Versions (Practice),Basic,True,0,0,0,0
Version-1,65f7d164e5681b767119e506,user1,Git Branching Basics (Practice),Branch,True,0,0,0,0
Version-1,65f7d164e5681b767119e506,user1,Fast-Forward Merging (Practice),Branch,True,0,0,0,0
Version-1,65f7d164e5681b767119e506,user1,Auto Merging (Practice),Branch,True,0,0,0,0
Version-1,65f7d164e5681b767119e506,user1,Merge Conflicts (Practice),Branch,True,0,0,0,0
Version-1,65f7d164e5681b767119e506,user1,Create Remote Repository (Practice),Remote,True,0,0,0,0
Version-1,65f7d164e5681b767119e506,user1,Push to Remote Branches (Practice),Remote,True,0,0,0,0
Version-1,65f7d164e5681b767119e506,user1,Keep Branches in Sync (Practice),Remote,True,0,0,0,0
Version-1,65f7d164e5681b767119e506,user1,Preparation for Merging (Practice),Remote,True,0,0,0,0
Version-1,65f7d164e5681b767119e506,user1,Creating a Pull Request (Practice),Remote,False,0,0,0,0
Version-1,65f7d164e5681b767119e506,user1,Review and Merge Pull Requests (Practice),Remote,False,0,0,0,0
Version-1,65f7d165e5681b767119e50c,D1093071,Game Introduction (Tutorial),Basic,True,1,3,6500,289
Version-1,65f7d165e5681b767119e50c,D1093071,Version Control and Git (Tutorial),Basic,True,1,3,2000,266
Version-1,65f7d165e5681b767119e50c,D1093071,Create Local Repository (Tutorial),Basic,True,1,3,3500,340
Version-1,65f7d165e5681b767119e50c,D1093071,Basic Staging Area (Tutorial),Basic,True,1,2,4000,490
Version-1,65f7d165e5681b767119e50c,D1093071,Advanced Staging Area (Tutorial),Basic,True,1,3,5500,343
Version-1,65f7d165e5681b767119e50c,D1093071,Creating First Version (Tutorial),Basic,True,1,3,15000,882
Version-1,65f7d165e5681b767119e50c,D1093071,Switching Project Versions (Tutorial),Basic,True,1,4,8000,473
Version-1,65f7d165e5681b767119e50c,D1093071,Git Branching Basics (Tutorial),Branch,True,0,0,0,0
Version-1,65f7d165e5681b767119e50c,D1093071,Fast-Forward Merging (Tutorial),Branch,False,0,0,0,0
Version-1,65f7d165e5681b767119e50c,D1093071,Auto Merging (Tutorial),Branch,False,0,0,0,0
Version-1,65f7d165e5681b767119e50c,D1093071,Merge Conflicts (Tutorial),Branch,False,0,0,0,0
Version-1,65f7d165e5681b767119e50c,D1093071,Create Remote Repository (Tutorial),Remote,False,0,0,0,0
Version-1,65f7d165e5681b767119e50c,D1093071,Push to Remote Branches (Tutorial),Remote,False,0,0,0,0
Version-1,65f7d165e5681b767119e50c,D1093071,Keep Branches in Sync (Tutorial),Remote,False,0,0,0,0
Version-1,65f7d165e5681b767119e50c,D1093071,Preparation for Merging (Tutorial),Remote,False,0,0,0,0
Version-1,65f7d165e5681b767119e50c,D1093071,Creating a Pull Request (Tutorial),Remote,False,0,0,0,0
Version-1,65f7d165e5681b767119e50c,D1093071,Review and Merge Pull Requests (Tutorial),Remote,False,0,0,0,0
Version-1,65f7d165e5681b767119e50c,D1093071,Game Introduction (Practice),Basic,True,0,0,0,0
Version-1,65f7d165e5681b767119e50c,D1093071,Version Control and Git (Practice),Basic,True,0,0,0,0
Version-1,65f7d165e5681b767119e50c,D1093071,Create Local Repository (Practice),Basic,True,0,0,0,0
Version-1,65f7d165e5681b767119e50c,D1093071,Basic Staging Area (Practice),Basic,True,0,0,0,0
Version-1,65f7d165e5681b767119e50c,D1093071,Advanced Staging Area (Practice),Basic,True,0,0,0,0
Version-1,65f7d165e5681b767119e50c,D1093071,Creating First Version (Practice),Basic,True,0,0,0,0
Version-1,65f7d165e5681b767119e50c,D1093071,Switching Project Versions (Practice),Basic,True,0,0,0,0
Version-1,65f7d165e5681b767119e50c,D1093071,Git Branching Basics (Practice),Branch,False,0,0,0,0
Version-1,65f7d165e5681b767119e50c,D1093071,Fast-Forward Merging (Practice),Branch,False,0,0,0,0
Version-1,65f7d165e5681b767119e50c,D1093071,Auto Merging (Practice),Branch,False,0,0,0,0
Version-1,65f7d165e5681b767119e50c,D1093071,Merge Conflicts (Practice),Branch,False,0,0,0,0
Version-1,65f7d165e5681b767119e50c,D1093071,Create Remote Repository (Practice),Remote,False,0,0,0,0
Version-1,65f7d165e5681b767119e50c,D1093071,Push to Remote Branches (Practice),Remote,False,0,0,0,0
Version-1,65f7d165e5681b767119e50c,D1093071,Keep Branches in Sync (Practice),Remote,False,0,0,0,0
Version-1,65f7d165e5681b767119e50c,D1093071,Preparation for Merging (Practice),Remote,False,0,0,0,0
Version-1,65f7d165e5681b767119e50c,D1093071,Creating a Pull Request (Practice),Remote,False,0,0,0,0
Version-1,65f7d165e5681b767119e50c,D1093071,Review and Merge Pull Requests (Practice),Remote,False,0,0,0,0
Version-1,65f7d168e5681b767119e517,D0948466,Game Introduction (Tutorial),Basic,True,1,3,6250,277
Version-1,65f7d168e5681b767119e517,D0948466,Version Control and Git (Tutorial),Basic,True,1,4,3000,492
Version-1,65f7d168e5681b767119e517,D0948466,Create Local Repository (Tutorial),Basic,True,1,4,4000,349
Version-1,65f7d168e5681b767119e517,D0948466,Basic Staging Area (Tutorial),Basic,True,1,4,5000,517
Version-1,65f7d168e5681b767119e517,D0948466,Advanced Staging Area (Tutorial),Basic,True,1,4,6000,510
Version-1,65f7d168e5681b767119e517,D0948466,Creating First Version (Tutorial),Basic,True,1,4,16000,557
Version-1,65f7d168e5681b767119e517,D0948466,Switching Project Versions (Tutorial),Basic,True,1,4,8000,434
Version-1,65f7d168e5681b767119e517,D0948466,Git Branching Basics (Tutorial),Branch,True,1,4,9000,628
Version-1,65f7d168e5681b767119e517,D0948466,Fast-Forward Merging (Tutorial),Branch,True,1,4,6000,333
Version-1,65f7d168e5681b767119e517,D0948466,Auto Merging (Tutorial),Branch,True,1,3,7750,517
Version-1,65f7d168e5681b767119e517,D0948466,Merge Conflicts (Tutorial),Branch,True,1,4,7000,397
Version-1,65f7d168e5681b767119e517,D0948466,Create Remote Repository (Tutorial),Remote,True,0,0,0,0
Version-1,65f7d168e5681b767119e517,D0948466,Push to Remote Branches (Tutorial),Remote,False,0,0,0,0
Version-1,65f7d168e5681b767119e517,D0948466,Keep Branches in Sync (Tutorial),Remote,False,0,0,0,0
Version-1,65f7d168e5681b767119e517,D0948466,Preparation for Merging (Tutorial),Remote,False,0,0,0,0
Version-1,65f7d168e5681b767119e517,D0948466,Creating a Pull Request (Tutorial),Remote,False,0,0,0,0
Version-1,65f7d168e5681b767119e517,D0948466,Review and Merge Pull Requests (Tutorial),Remote,False,0,0,0,0
Version-1,65f7d168e5681b767119e517,D0948466,Game Introduction (Practice),Basic,True,0,0,0,0
Version-1,65f7d168e5681b767119e517,D0948466,Version Control and Git (Practice),Basic,True,0,0,0,0
Version-1,65f7d168e5681b767119e517,D0948466,Create Local Repository (Practice),Basic,True,0,0,0,0
Version-1,65f7d168e5681b767119e517,D0948466,Basic Staging Area (Practice),Basic,True,0,0,0,0
Version-1,65f7d168e5681b767119e517,D0948466,Advanced Staging Area (Practice),Basic,True,0,0,0,0
Version-1,65f7d168e5681b767119e517,D0948466,Creating First Version (Practice),Basic,True,0,0,0,0
Version-1,65f7d168e5681b767119e517,D0948466,Switching Project Versions (Practice),Basic,True,0,0,0,0
Version-1,65f7d168e5681b767119e517,D0948466,Git Branching Basics (Practice),Branch,True,0,0,0,0
Version-1,65f7d168e5681b767119e517,D0948466,Fast-Forward Merging (Practice),Branch,True,0,0,0,0
Version-1,65f7d168e5681b767119e517,D0948466,Auto Merging (Practice),Branch,True,0,0,0,0
Version-1,65f7d168e5681b767119e517,D0948466,Merge Conflicts (Practice),Branch,True,0,0,0,0
Version-1,65f7d168e5681b767119e517,D0948466,Create Remote Repository (Practice),Remote,False,0,0,0,0
Version-1,65f7d168e5681b767119e517,D0948466,Push to Remote Branches (Practice),Remote,False,0,0,0,0
Version-1,65f7d168e5681b767119e517,D0948466,Keep Branches in Sync (Practice),Remote,False,0,0,0,0
Version-1,65f7d168e5681b767119e517,D0948466,Preparation for Merging (Practice),Remote,False,0,0,0,0
Version-1,65f7d168e5681b767119e517,D0948466,Creating a Pull Request (Practice),Remote,False,0,0,0,0
Version-1,65f7d168e5681b767119e517,D0948466,Review and Merge Pull Requests (Practice),Remote,False,0,0,0,0
Version-1,65f7d16ce5681b767119e530,xin,Game Introduction (Tutorial),Basic,True,2,4,7000,52
Version-1,65f7d16ce5681b767119e530,xin,Version Control and Git (Tutorial),Basic,True,1,3,2000,123
Version-1,65f7d16ce5681b767119e530,xin,Create Local Repository (Tutorial),Basic,True,1,2,3000,308
Version-1,65f7d16ce5681b767119e530,xin,Basic Staging Area (Tutorial),Basic,True,1,3,4500,166
Version-1,65f7d16ce5681b767119e530,xin,Advanced Staging Area (Tutorial),Basic,True,0,0,0,0
Version-1,65f7d16ce5681b767119e530,xin,Creating First Version (Tutorial),Basic,False,0,0,0,0
Version-1,65f7d16ce5681b767119e530,xin,Switching Project Versions (Tutorial),Basic,False,0,0,0,0
Version-1,65f7d16ce5681b767119e530,xin,Git Branching Basics (Tutorial),Branch,False,0,0,0,0
Version-1,65f7d16ce5681b767119e530,xin,Fast-Forward Merging (Tutorial),Branch,False,0,0,0,0
Version-1,65f7d16ce5681b767119e530,xin,Auto Merging (Tutorial),Branch,False,0,0,0,0
Version-1,65f7d16ce5681b767119e530,xin,Merge Conflicts (Tutorial),Branch,False,0,0,0,0
Version-1,65f7d16ce5681b767119e530,xin,Create Remote Repository (Tutorial),Remote,False,0,0,0,0
Version-1,65f7d16ce5681b767119e530,xin,Push to Remote Branches (Tutorial),Remote,False,0,0,0,0
Version-1,65f7d16ce5681b767119e530,xin,Keep Branches in Sync (Tutorial),Remote,False,0,0,0,0
Version-1,65f7d16ce5681b767119e530,xin,Preparation for Merging (Tutorial),Remote,False,0,0,0,0
Version-1,65f7d16ce5681b767119e530,xin,Creating a Pull Request (Tutorial),Remote,False,0,0,0,0
Version-1,65f7d16ce5681b767119e530,xin,Review and Merge Pull Requests (Tutorial),Remote,False,0,0,0,0
Version-1,65f7d16ce5681b767119e530,xin,Game Introduction (Practice),Basic,True,0,0,0,0
Version-1,65f7d16ce5681b767119e530,xin,Version Control and Git (Practice),Basic,True,0,0,0,0
Version-1,65f7d16ce5681b767119e530,xin,Create Local Repository (Practice),Basic,True,0,0,0,0
Version-1,65f7d16ce5681b767119e530,xin,Basic Staging Area (Practice),Basic,True,0,0,0,0
Version-1,65f7d16ce5681b767119e530,xin,Advanced Staging Area (Practice),Basic,False,0,0,0,0
Version-1,65f7d16ce5681b767119e530,xin,Creating First Version (Practice),Basic,False,0,0,0,0
Version-1,65f7d16ce5681b767119e530,xin,Switching Project Versions (Practice),Basic,False,0,0,0,0
Version-1,65f7d16ce5681b767119e530,xin,Git Branching Basics (Practice),Branch,False,0,0,0,0
Version-1,65f7d16ce5681b767119e530,xin,Fast-Forward Merging (Practice),Branch,False,0,0,0,0
Version-1,65f7d16ce5681b767119e530,xin,Auto Merging (Practice),Branch,False,0,0,0,0
Version-1,65f7d16ce5681b767119e530,xin,Merge Conflicts (Practice),Branch,False,0,0,0,0
Version-1,65f7d16ce5681b767119e530,xin,Create Remote Repository (Practice),Remote,False,0,0,0,0
Version-1,65f7d16ce5681b767119e530,xin,Push to Remote Branches (Practice),Remote,False,0,0,0,0
Version-1,65f7d16ce5681b767119e530,xin,Keep Branches in Sync (Practice),Remote,False,0,0,0,0
Version-1,65f7d16ce5681b767119e530,xin,Preparation for Merging (Practice),Remote,False,0,0,0,0
Version-1,65f7d16ce5681b767119e530,xin,Creating a Pull Request (Practice),Remote,False,0,0,0,0
Version-1,65f7d16ce5681b767119e530,xin,Review and Merge Pull Requests (Practice),Remote,False,0,0,0,0
Version-1,65f7d16ee5681b767119e538,D0987322,Game Introduction (Tutorial),Basic,True,1,4,7000,50
Version-1,65f7d16ee5681b767119e538,D0987322,Version Control and Git (Tutorial),Basic,True,1,4,3000,73
Version-1,65f7d16ee5681b767119e538,D0987322,Create Local Repository (Tutorial),Basic,True,1,4,4000,102
Version-1,65f7d16ee5681b767119e538,D0987322,Basic Staging Area (Tutorial),Basic,True,1,4,5000,95
Version-1,65f7d16ee5681b767119e538,D0987322,Advanced Staging Area (Tutorial),Basic,True,1,4,6000,162
Version-1,65f7d16ee5681b767119e538,D0987322,Creating First Version (Tutorial),Basic,True,1,4,16000,418
Version-1,65f7d16ee5681b767119e538,D0987322,Switching Project Versions (Tutorial),Basic,True,1,4,8000,321
Version-1,65f7d16ee5681b767119e538,D0987322,Git Branching Basics (Tutorial),Branch,True,1,4,9000,798
Version-1,65f7d16ee5681b767119e538,D0987322,Fast-Forward Merging (Tutorial),Branch,True,1,4,6000,224
Version-1,65f7d16ee5681b767119e538,D0987322,Auto Merging (Tutorial),Branch,True,1,4,8000,358
Version-1,65f7d16ee5681b767119e538,D0987322,Merge Conflicts (Tutorial),Branch,True,1,4,7000,285
Version-1,65f7d16ee5681b767119e538,D0987322,Create Remote Repository (Tutorial),Remote,True,1,4,6000,102
Version-1,65f7d16ee5681b767119e538,D0987322,Push to Remote Branches (Tutorial),Remote,True,1,4,6000,220
Version-1,65f7d16ee5681b767119e538,D0987322,Keep Branches in Sync (Tutorial),Remote,True,1,4,5000,160
Version-1,65f7d16ee5681b767119e538,D0987322,Preparation for Merging (Tutorial),Remote,True,1,4,8000,411
Version-1,65f7d16ee5681b767119e538,D0987322,Creating a Pull Request (Tutorial),Remote,True,1,4,11000,230
Version-1,65f7d16ee5681b767119e538,D0987322,Review and Merge Pull Requests (Tutorial),Remote,True,1,4,4000,190
Version-1,65f7d16ee5681b767119e538,D0987322,Game Introduction (Practice),Basic,True,0,0,0,0
Version-1,65f7d16ee5681b767119e538,D0987322,Version Control and Git (Practice),Basic,True,0,0,0,0
Version-1,65f7d16ee5681b767119e538,D0987322,Create Local Repository (Practice),Basic,True,0,0,0,0
Version-1,65f7d16ee5681b767119e538,D0987322,Basic Staging Area (Practice),Basic,True,0,0,0,0
Version-1,65f7d16ee5681b767119e538,D0987322,Advanced Staging Area (Practice),Basic,True,0,0,0,0
Version-1,65f7d16ee5681b767119e538,D0987322,Creating First Version (Practice),Basic,True,0,0,0,0
Version-1,65f7d16ee5681b767119e538,D0987322,Switching Project Versions (Practice),Basic,True,0,0,0,0
Version-1,65f7d16ee5681b767119e538,D0987322,Git Branching Basics (Practice),Branch,True,0,0,0,0
Version-1,65f7d16ee5681b767119e538,D0987322,Fast-Forward Merging (Practice),Branch,True,0,0,0,0
Version-1,65f7d16ee5681b767119e538,D0987322,Auto Merging (Practice),Branch,True,0,0,0,0
Version-1,65f7d16ee5681b767119e538,D0987322,Merge Conflicts (Practice),Branch,True,0,0,0,0
Version-1,65f7d16ee5681b767119e538,D0987322,Create Remote Repository (Practice),Remote,True,0,0,0,0
Version-1,65f7d16ee5681b767119e538,D0987322,Push to Remote Branches (Practice),Remote,True,0,0,0,0
Version-1,65f7d16ee5681b767119e538,D0987322,Keep Branches in Sync (Practice),Remote,True,0,0,0,0
Version-1,65f7d16ee5681b767119e538,D0987322,Preparation for Merging (Practice),Remote,True,0,0,0,0
Version-1,65f7d16ee5681b767119e538,D0987322,Creating a Pull Request (Practice),Remote,True,0,0,0,0
Version-1,65f7d16ee5681b767119e538,D0987322,Review and Merge Pull Requests (Practice),Remote,True,0,0,0,0
Version-1,65f7d16fe5681b767119e541,tom134679,Game Introduction (Tutorial),Basic,True,1,3,6250,460
Version-1,65f7d16fe5681b767119e541,tom134679,Version Control and Git (Tutorial),Basic,True,1,4,3000,412
Version-1,65f7d16fe5681b767119e541,tom134679,Create Local Repository (Tutorial),Basic,True,1,4,4000,985
Version-1,65f7d16fe5681b767119e541,tom134679,Basic Staging Area (Tutorial),Basic,True,1,4,5000,352
Version-1,65f7d16fe5681b767119e541,tom134679,Advanced Staging Area (Tutorial),Basic,True,1,4,6000,230
Version-1,65f7d16fe5681b767119e541,tom134679,Creating First Version (Tutorial),Basic,True,1,4,16000,604
Version-1,65f7d16fe5681b767119e541,tom134679,Switching Project Versions (Tutorial),Basic,True,1,4,8000,533
Version-1,65f7d16fe5681b767119e541,tom134679,Git Branching Basics (Tutorial),Branch,True,0,0,0,0
Version-1,65f7d16fe5681b767119e541,tom134679,Fast-Forward Merging (Tutorial),Branch,False,0,0,0,0
Version-1,65f7d16fe5681b767119e541,tom134679,Auto Merging (Tutorial),Branch,False,0,0,0,0
Version-1,65f7d16fe5681b767119e541,tom134679,Merge Conflicts (Tutorial),Branch,False,0,0,0,0
Version-1,65f7d16fe5681b767119e541,tom134679,Create Remote Repository (Tutorial),Remote,False,0,0,0,0
Version-1,65f7d16fe5681b767119e541,tom134679,Push to Remote Branches (Tutorial),Remote,False,0,0,0,0
Version-1,65f7d16fe5681b767119e541,tom134679,Keep Branches in Sync (Tutorial),Remote,False,0,0,0,0
Version-1,65f7d16fe5681b767119e541,tom134679,Preparation for Merging (Tutorial),Remote,False,0,0,0,0
Version-1,65f7d16fe5681b767119e541,tom134679,Creating a Pull Request (Tutorial),Remote,False,0,0,0,0
Version-1,65f7d16fe5681b767119e541,tom134679,Review and Merge Pull Requests (Tutorial),Remote,False,0,0,0,0
Version-1,65f7d16fe5681b767119e541,tom134679,Game Introduction (Practice),Basic,True,1,4,7000,39
Version-1,65f7d16fe5681b767119e541,tom134679,Version Control and Git (Practice),Basic,True,1,4,7000,105
Version-1,65f7d16fe5681b767119e541,tom134679,Create Local Repository (Practice),Basic,True,1,4,3000,41
Version-1,65f7d16fe5681b767119e541,tom134679,Basic Staging Area (Practice),Basic,True,0,0,0,0
Version-1,65f7d16fe5681b767119e541,tom134679,Advanced Staging Area (Practice),Basic,True,0,0,0,0
Version-1,65f7d16fe5681b767119e541,tom134679,Creating First Version (Practice),Basic,True,1,4,8000,136
Version-1,65f7d16fe5681b767119e541,tom134679,Switching Project Versions (Practice),Basic,True,1,3,6750,282
Version-1,65f7d16fe5681b767119e541,tom134679,Git Branching Basics (Practice),Branch,False,0,0,0,0
Version-1,65f7d16fe5681b767119e541,tom134679,Fast-Forward Merging (Practice),Branch,False,0,0,0,0
Version-1,65f7d16fe5681b767119e541,tom134679,Auto Merging (Practice),Branch,False,0,0,0,0
Version-1,65f7d16fe5681b767119e541,tom134679,Merge Conflicts (Practice),Branch,False,0,0,0,0
Version-1,65f7d16fe5681b767119e541,tom134679,Create Remote Repository (Practice),Remote,False,0,0,0,0
Version-1,65f7d16fe5681b767119e541,tom134679,Push to Remote Branches (Practice),Remote,False,0,0,0,0
Version-1,65f7d16fe5681b767119e541,tom134679,Keep Branches in Sync (Practice),Remote,False,0,0,0,0
Version-1,65f7d16fe5681b767119e541,tom134679,Preparation for Merging (Practice),Remote,False,0,0,0,0
Version-1,65f7d16fe5681b767119e541,tom134679,Creating a Pull Request (Practice),Remote,False,0,0,0,0
Version-1,65f7d16fe5681b767119e541,tom134679,Review and Merge Pull Requests (Practice),Remote,False,0,0,0,0
Version-1,65f7d173e5681b767119e54f,k,Game Introduction (Tutorial),Basic,True,1,2,6000,516
Version-1,65f7d173e5681b767119e54f,k,Version Control and Git (Tutorial),Basic,True,2,3,2000,92
Version-1,65f7d173e5681b767119e54f,k,Create Local Repository (Tutorial),Basic,True,1,1,2000,3774
Version-1,65f7d173e5681b767119e54f,k,Basic Staging Area (Tutorial),Basic,True,0,0,0,0
Version-1,65f7d173e5681b767119e54f,k,Advanced Staging Area (Tutorial),Basic,False,0,0,0,0
Version-1,65f7d173e5681b767119e54f,k,Creating First Version (Tutorial),Basic,False,0,0,0,0
Version-1,65f7d173e5681b767119e54f,k,Switching Project Versions (Tutorial),Basic,False,0,0,0,0
Version-1,65f7d173e5681b767119e54f,k,Git Branching Basics (Tutorial),Branch,False,0,0,0,0
Version-1,65f7d173e5681b767119e54f,k,Fast-Forward Merging (Tutorial),Branch,False,0,0,0,0
Version-1,65f7d173e5681b767119e54f,k,Auto Merging (Tutorial),Branch,False,0,0,0,0
Version-1,65f7d173e5681b767119e54f,k,Merge Conflicts (Tutorial),Branch,False,0,0,0,0
Version-1,65f7d173e5681b767119e54f,k,Create Remote Repository (Tutorial),Remote,False,0,0,0,0
Version-1,65f7d173e5681b767119e54f,k,Push to Remote Branches (Tutorial),Remote,False,0,0,0,0
Version-1,65f7d173e5681b767119e54f,k,Keep Branches in Sync (Tutorial),Remote,False,0,0,0,0
Version-1,65f7d173e5681b767119e54f,k,Preparation for Merging (Tutorial),Remote,False,0,0,0,0
Version-1,65f7d173e5681b767119e54f,k,Creating a Pull Request (Tutorial),Remote,False,0,0,0,0
Version-1,65f7d173e5681b767119e54f,k,Review and Merge Pull Requests (Tutorial),Remote,False,0,0,0,0
Version-1,65f7d173e5681b767119e54f,k,Game Introduction (Practice),Basic,True,0,0,0,0
Version-1,65f7d173e5681b767119e54f,k,Version Control and Git (Practice),Basic,True,0,0,0,0
Version-1,65f7d173e5681b767119e54f,k,Create Local Repository (Practice),Basic,True,0,0,0,0
Version-1,65f7d173e5681b767119e54f,k,Basic Staging Area (Practice),Basic,False,0,0,0,0
Version-1,65f7d173e5681b767119e54f,k,Advanced Staging Area (Practice),Basic,False,0,0,0,0
Version-1,65f7d173e5681b767119e54f,k,Creating First Version (Practice),Basic,False,0,0,0,0
Version-1,65f7d173e5681b767119e54f,k,Switching Project Versions (Practice),Basic,False,0,0,0,0
Version-1,65f7d173e5681b767119e54f,k,Git Branching Basics (Practice),Branch,False,0,0,0,0
Version-1,65f7d173e5681b767119e54f,k,Fast-Forward Merging (Practice),Branch,False,0,0,0,0
Version-1,65f7d173e5681b767119e54f,k,Auto Merging (Practice),Branch,False,0,0,0,0
Version-1,65f7d173e5681b767119e54f,k,Merge Conflicts (Practice),Branch,False,0,0,0,0
Version-1,65f7d173e5681b767119e54f,k,Create Remote Repository (Practice),Remote,False,0,0,0,0
Version-1,65f7d173e5681b767119e54f,k,Push to Remote Branches (Practice),Remote,False,0,0,0,0
Version-1,65f7d173e5681b767119e54f,k,Keep Branches in Sync (Practice),Remote,False,0,0,0,0
Version-1,65f7d173e5681b767119e54f,k,Preparation for Merging (Practice),Remote,False,0,0,0,0
Version-1,65f7d173e5681b767119e54f,k,Creating a Pull Request (Practice),Remote,False,0,0,0,0
Version-1,65f7d173e5681b767119e54f,k,Review and Merge Pull Requests (Practice),Remote,False,0,0,0,0
Version-1,65f7d17de5681b767119e567,meteor1027,Game Introduction (Tutorial),Basic,True,0,0,0,0
Version-1,65f7d17de5681b767119e567,meteor1027,Version Control and Git (Tutorial),Basic,False,0,0,0,0
Version-1,65f7d17de5681b767119e567,meteor1027,Create Local Repository (Tutorial),Basic,False,0,0,0,0
Version-1,65f7d17de5681b767119e567,meteor1027,Basic Staging Area (Tutorial),Basic,False,0,0,0,0
Version-1,65f7d17de5681b767119e567,meteor1027,Advanced Staging Area (Tutorial),Basic,False,0,0,0,0
Version-1,65f7d17de5681b767119e567,meteor1027,Creating First Version (Tutorial),Basic,False,0,0,0,0
Version-1,65f7d17de5681b767119e567,meteor1027,Switching Project Versions (Tutorial),Basic,False,0,0,0,0
Version-1,65f7d17de5681b767119e567,meteor1027,Git Branching Basics (Tutorial),Branch,False,0,0,0,0
Version-1,65f7d17de5681b767119e567,meteor1027,Fast-Forward Merging (Tutorial),Branch,False,0,0,0,0
Version-1,65f7d17de5681b767119e567,meteor1027,Auto Merging (Tutorial),Branch,False,0,0,0,0
Version-1,65f7d17de5681b767119e567,meteor1027,Merge Conflicts (Tutorial),Branch,False,0,0,0,0
Version-1,65f7d17de5681b767119e567,meteor1027,Create Remote Repository (Tutorial),Remote,False,0,0,0,0
Version-1,65f7d17de5681b767119e567,meteor1027,Push to Remote Branches (Tutorial),Remote,False,0,0,0,0
Version-1,65f7d17de5681b767119e567,meteor1027,Keep Branches in Sync (Tutorial),Remote,False,0,0,0,0
Version-1,65f7d17de5681b767119e567,meteor1027,Preparation for Merging (Tutorial),Remote,False,0,0,0,0
Version-1,65f7d17de5681b767119e567,meteor1027,Creating a Pull Request (Tutorial),Remote,False,0,0,0,0
Version-1,65f7d17de5681b767119e567,meteor1027,Review and Merge Pull Requests (Tutorial),Remote,False,0,0,0,0
Version-1,65f7d17de5681b767119e567,meteor1027,Game Introduction (Practice),Basic,False,0,0,0,0
Version-1,65f7d17de5681b767119e567,meteor1027,Version Control and Git (Practice),Basic,False,0,0,0,0
Version-1,65f7d17de5681b767119e567,meteor1027,Create Local Repository (Practice),Basic,False,0,0,0,0
Version-1,65f7d17de5681b767119e567,meteor1027,Basic Staging Area (Practice),Basic,False,0,0,0,0
Version-1,65f7d17de5681b767119e567,meteor1027,Advanced Staging Area (Practice),Basic,False,0,0,0,0
Version-1,65f7d17de5681b767119e567,meteor1027,Creating First Version (Practice),Basic,False,0,0,0,0
Version-1,65f7d17de5681b767119e567,meteor1027,Switching Project Versions (Practice),Basic,False,0,0,0,0
Version-1,65f7d17de5681b767119e567,meteor1027,Git Branching Basics (Practice),Branch,False,0,0,0,0
Version-1,65f7d17de5681b767119e567,meteor1027,Fast-Forward Merging (Practice),Branch,False,0,0,0,0
Version-1,65f7d17de5681b767119e567,meteor1027,Auto Merging (Practice),Branch,False,0,0,0,0
Version-1,65f7d17de5681b767119e567,meteor1027,Merge Conflicts (Practice),Branch,False,0,0,0,0
Version-1,65f7d17de5681b767119e567,meteor1027,Create Remote Repository (Practice),Remote,False,0,0,0,0
Version-1,65f7d17de5681b767119e567,meteor1027,Push to Remote Branches (Practice),Remote,False,0,0,0,0
Version-1,65f7d17de5681b767119e567,meteor1027,Keep Branches in Sync (Practice),Remote,False,0,0,0,0
Version-1,65f7d17de5681b767119e567,meteor1027,Preparation for Merging (Practice),Remote,False,0,0,0,0
Version-1,65f7d17de5681b767119e567,meteor1027,Creating a Pull Request (Practice),Remote,False,0,0,0,0
Version-1,65f7d17de5681b767119e567,meteor1027,Review and Merge Pull Requests (Practice),Remote,False,0,0,0,0
Version-1,65f7d182e5681b767119e573,D096167,Game Introduction (Tutorial),Basic,True,0,0,0,0
Version-1,65f7d182e5681b767119e573,D096167,Version Control and Git (Tutorial),Basic,False,0,0,0,0
Version-1,65f7d182e5681b767119e573,D096167,Create Local Repository (Tutorial),Basic,False,0,0,0,0
Version-1,65f7d182e5681b767119e573,D096167,Basic Staging Area (Tutorial),Basic,False,0,0,0,0
Version-1,65f7d182e5681b767119e573,D096167,Advanced Staging Area (Tutorial),Basic,False,0,0,0,0
Version-1,65f7d182e5681b767119e573,D096167,Creating First Version (Tutorial),Basic,False,0,0,0,0
Version-1,65f7d182e5681b767119e573,D096167,Switching Project Versions (Tutorial),Basic,False,0,0,0,0
Version-1,65f7d182e5681b767119e573,D096167,Git Branching Basics (Tutorial),Branch,False,0,0,0,0
Version-1,65f7d182e5681b767119e573,D096167,Fast-Forward Merging (Tutorial),Branch,False,0,0,0,0
Version-1,65f7d182e5681b767119e573,D096167,Auto Merging (Tutorial),Branch,False,0,0,0,0
Version-1,65f7d182e5681b767119e573,D096167,Merge Conflicts (Tutorial),Branch,False,0,0,0,0
Version-1,65f7d182e5681b767119e573,D096167,Create Remote Repository (Tutorial),Remote,False,0,0,0,0
Version-1,65f7d182e5681b767119e573,D096167,Push to Remote Branches (Tutorial),Remote,False,0,0,0,0
Version-1,65f7d182e5681b767119e573,D096167,Keep Branches in Sync (Tutorial),Remote,False,0,0,0,0
Version-1,65f7d182e5681b767119e573,D096167,Preparation for Merging (Tutorial),Remote,False,0,0,0,0
Version-1,65f7d182e5681b767119e573,D096167,Creating a Pull Request (Tutorial),Remote,False,0,0,0,0
Version-1,65f7d182e5681b767119e573,D096167,Review and Merge Pull Requests (Tutorial),Remote,False,0,0,0,0
Version-1,65f7d182e5681b767119e573,D096167,Game Introduction (Practice),Basic,False,0,0,0,0
Version-1,65f7d182e5681b767119e573,D096167,Version Control and Git (Practice),Basic,False,0,0,0,0
Version-1,65f7d182e5681b767119e573,D096167,Create Local Repository (Practice),Basic,False,0,0,0,0
Version-1,65f7d182e5681b767119e573,D096167,Basic Staging Area (Practice),Basic,False,0,0,0,0
Version-1,65f7d182e5681b767119e573,D096167,Advanced Staging Area (Practice),Basic,False,0,0,0,0
Version-1,65f7d182e5681b767119e573,D096167,Creating First Version (Practice),Basic,False,0,0,0,0
Version-1,65f7d182e5681b767119e573,D096167,Switching Project Versions (Practice),Basic,False,0,0,0,0
Version-1,65f7d182e5681b767119e573,D096167,Git Branching Basics (Practice),Branch,False,0,0,0,0
Version-1,65f7d182e5681b767119e573,D096167,Fast-Forward Merging (Practice),Branch,False,0,0,0,0
Version-1,65f7d182e5681b767119e573,D096167,Auto Merging (Practice),Branch,False,0,0,0,0
Version-1,65f7d182e5681b767119e573,D096167,Merge Conflicts (Practice),Branch,False,0,0,0,0
Version-1,65f7d182e5681b767119e573,D096167,Create Remote Repository (Practice),Remote,False,0,0,0,0
Version-1,65f7d182e5681b767119e573,D096167,Push to Remote Branches (Practice),Remote,False,0,0,0,0
Version-1,65f7d182e5681b767119e573,D096167,Keep Branches in Sync (Practice),Remote,False,0,0,0,0
Version-1,65f7d182e5681b767119e573,D096167,Preparation for Merging (Practice),Remote,False,0,0,0,0
Version-1,65f7d182e5681b767119e573,D096167,Creating a Pull Request (Practice),Remote,False,0,0,0,0
Version-1,65f7d182e5681b767119e573,D096167,Review and Merge Pull Requests (Practice),Remote,False,0,0,0,0
Version-1,65f7d183e5681b767119e57d,D0948155,Game Introduction (Tutorial),Basic,True,2,4,7000,53
Version-1,65f7d183e5681b767119e57d,D0948155,Version Control and Git (Tutorial),Basic,True,1,4,3000,90
Version-1,65f7d183e5681b767119e57d,D0948155,Create Local Repository (Tutorial),Basic,True,2,4,4000,38
Version-1,65f7d183e5681b767119e57d,D0948155,Basic Staging Area (Tutorial),Basic,True,1,4,5000,159
Version-1,65f7d183e5681b767119e57d,D0948155,Advanced Staging Area (Tutorial),Basic,True,1,4,6000,131
Version-1,65f7d183e5681b767119e57d,D0948155,Creating First Version (Tutorial),Basic,True,1,4,16000,252
Version-1,65f7d183e5681b767119e57d,D0948155,Switching Project Versions (Tutorial),Basic,True,1,4,8000,217
Version-1,65f7d183e5681b767119e57d,D0948155,Git Branching Basics (Tutorial),Branch,True,1,4,9000,299
Version-1,65f7d183e5681b767119e57d,D0948155,Fast-Forward Merging (Tutorial),Branch,True,1,4,6000,177
Version-1,65f7d183e5681b767119e57d,D0948155,Auto Merging (Tutorial),Branch,True,1,4,8000,186
Version-1,65f7d183e5681b767119e57d,D0948155,Merge Conflicts (Tutorial),Branch,True,1,4,7000,124
Version-1,65f7d183e5681b767119e57d,D0948155,Create Remote Repository (Tutorial),Remote,True,1,4,6000,93
Version-1,65f7d183e5681b767119e57d,D0948155,Push to Remote Branches (Tutorial),Remote,True,1,4,6000,243
Version-1,65f7d183e5681b767119e57d,D0948155,Keep Branches in Sync (Tutorial),Remote,True,1,4,5000,206
Version-1,65f7d183e5681b767119e57d,D0948155,Preparation for Merging (Tutorial),Remote,True,1,3,7750,259
Version-1,65f7d183e5681b767119e57d,D0948155,Creating a Pull Request (Tutorial),Remote,True,1,2,9750,748
Version-1,65f7d183e5681b767119e57d,D0948155,Review and Merge Pull Requests (Tutorial),Remote,True,1,4,4000,89
Version-1,65f7d183e5681b767119e57d,D0948155,Game Introduction (Practice),Basic,True,0,0,0,0
Version-1,65f7d183e5681b767119e57d,D0948155,Version Control and Git (Practice),Basic,True,0,0,0,0
Version-1,65f7d183e5681b767119e57d,D0948155,Create Local Repository (Practice),Basic,True,0,0,0,0
Version-1,65f7d183e5681b767119e57d,D0948155,Basic Staging Area (Practice),Basic,True,0,0,0,0
Version-1,65f7d183e5681b767119e57d,D0948155,Advanced Staging Area (Practice),Basic,True,0,0,0,0
Version-1,65f7d183e5681b767119e57d,D0948155,Creating First Version (Practice),Basic,True,0,0,0,0
Version-1,65f7d183e5681b767119e57d,D0948155,Switching Project Versions (Practice),Basic,True,0,0,0,0
Version-1,65f7d183e5681b767119e57d,D0948155,Git Branching Basics (Practice),Branch,True,0,0,0,0
Version-1,65f7d183e5681b767119e57d,D0948155,Fast-Forward Merging (Practice),Branch,True,0,0,0,0
Version-1,65f7d183e5681b767119e57d,D0948155,Auto Merging (Practice),Branch,True,0,0,0,0
Version-1,65f7d183e5681b767119e57d,D0948155,Merge Conflicts (Practice),Branch,True,0,0,0,0
Version-1,65f7d183e5681b767119e57d,D0948155,Create Remote Repository (Practice),Remote,True,0,0,0,0
Version-1,65f7d183e5681b767119e57d,D0948155,Push to Remote Branches (Practice),Remote,True,0,0,0,0
Version-1,65f7d183e5681b767119e57d,D0948155,Keep Branches in Sync (Practice),Remote,True,0,0,0,0
Version-1,65f7d183e5681b767119e57d,D0948155,Preparation for Merging (Practice),Remote,True,0,0,0,0
Version-1,65f7d183e5681b767119e57d,D0948155,Creating a Pull Request (Practice),Remote,True,0,0,0,0
Version-1,65f7d183e5681b767119e57d,D0948155,Review and Merge Pull Requests (Practice),Remote,True,0,0,0,0
Version-1,65f7d18ae5681b767119e597,Thanathiti,Game Introduction (Tutorial),Basic,True,1,3,6750,132
Version-1,65f7d18ae5681b767119e597,Thanathiti,Version Control and Git (Tutorial),Basic,True,1,3,2000,83
Version-1,65f7d18ae5681b767119e597,Thanathiti,Create Local Repository (Tutorial),Basic,True,1,4,4000,155
Version-1,65f7d18ae5681b767119e597,Thanathiti,Basic Staging Area (Tutorial),Basic,True,0,0,0,0
Version-1,65f7d18ae5681b767119e597,Thanathiti,Advanced Staging Area (Tutorial),Basic,False,0,0,0,0
Version-1,65f7d18ae5681b767119e597,Thanathiti,Creating First Version (Tutorial),Basic,False,0,0,0,0
Version-1,65f7d18ae5681b767119e597,Thanathiti,Switching Project Versions (Tutorial),Basic,False,0,0,0,0
Version-1,65f7d18ae5681b767119e597,Thanathiti,Git Branching Basics (Tutorial),Branch,False,0,0,0,0
Version-1,65f7d18ae5681b767119e597,Thanathiti,Fast-Forward Merging (Tutorial),Branch,False,0,0,0,0
Version-1,65f7d18ae5681b767119e597,Thanathiti,Auto Merging (Tutorial),Branch,False,0,0,0,0
Version-1,65f7d18ae5681b767119e597,Thanathiti,Merge Conflicts (Tutorial),Branch,False,0,0,0,0
Version-1,65f7d18ae5681b767119e597,Thanathiti,Create Remote Repository (Tutorial),Remote,False,0,0,0,0
Version-1,65f7d18ae5681b767119e597,Thanathiti,Push to Remote Branches (Tutorial),Remote,False,0,0,0,0
Version-1,65f7d18ae5681b767119e597,Thanathiti,Keep Branches in Sync (Tutorial),Remote,False,0,0,0,0
Version-1,65f7d18ae5681b767119e597,Thanathiti,Preparation for Merging (Tutorial),Remote,False,0,0,0,0
Version-1,65f7d18ae5681b767119e597,Thanathiti,Creating a Pull Request (Tutorial),Remote,False,0,0,0,0
Version-1,65f7d18ae5681b767119e597,Thanathiti,Review and Merge Pull Requests (Tutorial),Remote,False,0,0,0,0
Version-1,65f7d18ae5681b767119e597,Thanathiti,Game Introduction (Practice),Basic,True,0,0,0,0
Version-1,65f7d18ae5681b767119e597,Thanathiti,Version Control and Git (Practice),Basic,True,0,0,0,0
Version-1,65f7d18ae5681b767119e597,Thanathiti,Create Local Repository (Practice),Basic,True,0,0,0,0
Version-1,65f7d18ae5681b767119e597,Thanathiti,Basic Staging Area (Practice),Basic,False,0,0,0,0
Version-1,65f7d18ae5681b767119e597,Thanathiti,Advanced Staging Area (Practice),Basic,False,0,0,0,0
Version-1,65f7d18ae5681b767119e597,Thanathiti,Creating First Version (Practice),Basic,False,0,0,0,0
Version-1,65f7d18ae5681b767119e597,Thanathiti,Switching Project Versions (Practice),Basic,False,0,0,0,0
Version-1,65f7d18ae5681b767119e597,Thanathiti,Git Branching Basics (Practice),Branch,False,0,0,0,0
Version-1,65f7d18ae5681b767119e597,Thanathiti,Fast-Forward Merging (Practice),Branch,False,0,0,0,0
Version-1,65f7d18ae5681b767119e597,Thanathiti,Auto Merging (Practice),Branch,False,0,0,0,0
Version-1,65f7d18ae5681b767119e597,Thanathiti,Merge Conflicts (Practice),Branch,False,0,0,0,0
Version-1,65f7d18ae5681b767119e597,Thanathiti,Create Remote Repository (Practice),Remote,False,0,0,0,0
Version-1,65f7d18ae5681b767119e597,Thanathiti,Push to Remote Branches (Practice),Remote,False,0,0,0,0
Version-1,65f7d18ae5681b767119e597,Thanathiti,Keep Branches in Sync (Practice),Remote,False,0,0,0,0
Version-1,65f7d18ae5681b767119e597,Thanathiti,Preparation for Merging (Practice),Remote,False,0,0,0,0
Version-1,65f7d18ae5681b767119e597,Thanathiti,Creating a Pull Request (Practice),Remote,False,0,0,0,0
Version-1,65f7d18ae5681b767119e597,Thanathiti,Review and Merge Pull Requests (Practice),Remote,False,0,0,0,0
Version-1,65f7d18fe5681b767119e5a6,D1051432,Game Introduction (Tutorial),Basic,True,2,4,7000,50
Version-1,65f7d18fe5681b767119e5a6,D1051432,Version Control and Git (Tutorial),Basic,True,1,4,3000,195
Version-1,65f7d18fe5681b767119e5a6,D1051432,Create Local Repository (Tutorial),Basic,True,1,4,4000,180
Version-1,65f7d18fe5681b767119e5a6,D1051432,Basic Staging Area (Tutorial),Basic,True,1,4,5000,256
Version-1,65f7d18fe5681b767119e5a6,D1051432,Advanced Staging Area (Tutorial),Basic,True,1,4,6000,179
Version-1,65f7d18fe5681b767119e5a6,D1051432,Creating First Version (Tutorial),Basic,True,1,4,16000,438
Version-1,65f7d18fe5681b767119e5a6,D1051432,Switching Project Versions (Tutorial),Basic,True,1,4,8000,307
Version-1,65f7d18fe5681b767119e5a6,D1051432,Git Branching Basics (Tutorial),Branch,True,1,4,9000,356
Version-1,65f7d18fe5681b767119e5a6,D1051432,Fast-Forward Merging (Tutorial),Branch,True,1,4,6000,167
Version-1,65f7d18fe5681b767119e5a6,D1051432,Auto Merging (Tutorial),Branch,True,1,4,8000,329
Version-1,65f7d18fe5681b767119e5a6,D1051432,Merge Conflicts (Tutorial),Branch,True,1,4,7000,311
Version-1,65f7d18fe5681b767119e5a6,D1051432,Create Remote Repository (Tutorial),Remote,True,1,4,6000,170
Version-1,65f7d18fe5681b767119e5a6,D1051432,Push to Remote Branches (Tutorial),Remote,True,1,4,6000,207
Version-1,65f7d18fe5681b767119e5a6,D1051432,Keep Branches in Sync (Tutorial),Remote,True,1,4,5000,196
Version-1,65f7d18fe5681b767119e5a6,D1051432,Preparation for Merging (Tutorial),Remote,True,1,4,8000,331
Version-1,65f7d18fe5681b767119e5a6,D1051432,Creating a Pull Request (Tutorial),Remote,True,1,4,11000,398
Version-1,65f7d18fe5681b767119e5a6,D1051432,Review and Merge Pull Requests (Tutorial),Remote,True,1,4,4000,214
Version-1,65f7d18fe5681b767119e5a6,D1051432,Game Introduction (Practice),Basic,True,1,4,7000,40
Version-1,65f7d18fe5681b767119e5a6,D1051432,Version Control and Git (Practice),Basic,True,1,4,7000,63
Version-1,65f7d18fe5681b767119e5a6,D1051432,Create Local Repository (Practice),Basic,True,1,4,3000,27
Version-1,65f7d18fe5681b767119e5a6,D1051432,Basic Staging Area (Practice),Basic,True,0,0,0,0
Version-1,65f7d18fe5681b767119e5a6,D1051432,Advanced Staging Area (Practice),Basic,True,0,0,0,0
Version-1,65f7d18fe5681b767119e5a6,D1051432,Creating First Version (Practice),Basic,True,0,0,0,0
Version-1,65f7d18fe5681b767119e5a6,D1051432,Switching Project Versions (Practice),Basic,True,0,0,0,0
Version-1,65f7d18fe5681b767119e5a6,D1051432,Git Branching Basics (Practice),Branch,True,0,0,0,0
Version-1,65f7d18fe5681b767119e5a6,D1051432,Fast-Forward Merging (Practice),Branch,True,0,0,0,0
Version-1,65f7d18fe5681b767119e5a6,D1051432,Auto Merging (Practice),Branch,True,0,0,0,0
Version-1,65f7d18fe5681b767119e5a6,D1051432,Merge Conflicts (Practice),Branch,True,0,0,0,0
Version-1,65f7d18fe5681b767119e5a6,D1051432,Create Remote Repository (Practice),Remote,True,0,0,0,0
Version-1,65f7d18fe5681b767119e5a6,D1051432,Push to Remote Branches (Practice),Remote,True,0,0,0,0
Version-1,65f7d18fe5681b767119e5a6,D1051432,Keep Branches in Sync (Practice),Remote,True,0,0,0,0
Version-1,65f7d18fe5681b767119e5a6,D1051432,Preparation for Merging (Practice),Remote,True,0,0,0,0
Version-1,65f7d18fe5681b767119e5a6,D1051432,Creating a Pull Request (Practice),Remote,True,0,0,0,0
Version-1,65f7d18fe5681b767119e5a6,D1051432,Review and Merge Pull Requests (Practice),Remote,True,0,0,0,0
Version-1,65f7d18fe5681b767119e5ac,D0948214,Game Introduction (Tutorial),Basic,True,3,4,7000,51
Version-1,65f7d18fe5681b767119e5ac,D0948214,Version Control and Git (Tutorial),Basic,True,1,4,3000,126
Version-1,65f7d18fe5681b767119e5ac,D0948214,Create Local Repository (Tutorial),Basic,True,2,4,4000,33
Version-1,65f7d18fe5681b767119e5ac,D0948214,Basic Staging Area (Tutorial),Basic,True,1,4,5000,213
Version-1,65f7d18fe5681b767119e5ac,D0948214,Advanced Staging Area (Tutorial),Basic,True,1,4,6000,229
Version-1,65f7d18fe5681b767119e5ac,D0948214,Creating First Version (Tutorial),Basic,True,1,4,16000,524
Version-1,65f7d18fe5681b767119e5ac,D0948214,Switching Project Versions (Tutorial),Basic,True,1,4,8000,423
Version-1,65f7d18fe5681b767119e5ac,D0948214,Git Branching Basics (Tutorial),Branch,True,1,4,9000,292
Version-1,65f7d18fe5681b767119e5ac,D0948214,Fast-Forward Merging (Tutorial),Branch,True,1,4,6000,181
Version-1,65f7d18fe5681b767119e5ac,D0948214,Auto Merging (Tutorial),Branch,True,2,4,8000,211
Version-1,65f7d18fe5681b767119e5ac,D0948214,Merge Conflicts (Tutorial),Branch,True,1,4,7000,191
Version-1,65f7d18fe5681b767119e5ac,D0948214,Create Remote Repository (Tutorial),Remote,True,1,4,6000,120
Version-1,65f7d18fe5681b767119e5ac,D0948214,Push to Remote Branches (Tutorial),Remote,True,1,4,6000,266
Version-1,65f7d18fe5681b767119e5ac,D0948214,Keep Branches in Sync (Tutorial),Remote,True,1,4,5000,143
Version-1,65f7d18fe5681b767119e5ac,D0948214,Preparation for Merging (Tutorial),Remote,True,1,4,8000,339
Version-1,65f7d18fe5681b767119e5ac,D0948214,Creating a Pull Request (Tutorial),Remote,True,1,4,11000,346
Version-1,65f7d18fe5681b767119e5ac,D0948214,Review and Merge Pull Requests (Tutorial),Remote,True,1,4,4000,266
Version-1,65f7d18fe5681b767119e5ac,D0948214,Game Introduction (Practice),Basic,True,0,0,0,0
Version-1,65f7d18fe5681b767119e5ac,D0948214,Version Control and Git (Practice),Basic,True,0,0,0,0
Version-1,65f7d18fe5681b767119e5ac,D0948214,Create Local Repository (Practice),Basic,True,0,0,0,0
Version-1,65f7d18fe5681b767119e5ac,D0948214,Basic Staging Area (Practice),Basic,True,0,0,0,0
Version-1,65f7d18fe5681b767119e5ac,D0948214,Advanced Staging Area (Practice),Basic,True,0,0,0,0
Version-1,65f7d18fe5681b767119e5ac,D0948214,Creating First Version (Practice),Basic,True,0,0,0,0
Version-1,65f7d18fe5681b767119e5ac,D0948214,Switching Project Versions (Practice),Basic,True,0,0,0,0
Version-1,65f7d18fe5681b767119e5ac,D0948214,Git Branching Basics (Practice),Branch,True,0,0,0,0
Version-1,65f7d18fe5681b767119e5ac,D0948214,Fast-Forward Merging (Practice),Branch,True,0,0,0,0
Version-1,65f7d18fe5681b767119e5ac,D0948214,Auto Merging (Practice),Branch,True,0,0,0,0
Version-1,65f7d18fe5681b767119e5ac,D0948214,Merge Conflicts (Practice),Branch,True,0,0,0,0
Version-1,65f7d18fe5681b767119e5ac,D0948214,Create Remote Repository (Practice),Remote,True,0,0,0,0
Version-1,65f7d18fe5681b767119e5ac,D0948214,Push to Remote Branches (Practice),Remote,True,0,0,0,0
Version-1,65f7d18fe5681b767119e5ac,D0948214,Keep Branches in Sync (Practice),Remote,True,0,0,0,0
Version-1,65f7d18fe5681b767119e5ac,D0948214,Preparation for Merging (Practice),Remote,True,0,0,0,0
Version-1,65f7d18fe5681b767119e5ac,D0948214,Creating a Pull Request (Practice),Remote,True,0,0,0,0
Version-1,65f7d18fe5681b767119e5ac,D0948214,Review and Merge Pull Requests (Practice),Remote,True,0,0,0,0
Version-1,65f7d199e5681b767119e5c3,Monstung,Game Introduction (Tutorial),Basic,True,1,1,5250,1881
Version-1,65f7d199e5681b767119e5c3,Monstung,Version Control and Git (Tutorial),Basic,True,1,3,2000,194
Version-1,65f7d199e5681b767119e5c3,Monstung,Create Local Repository (Tutorial),Basic,True,1,3,3750,728
Version-1,65f7d199e5681b767119e5c3,Monstung,Basic Staging Area (Tutorial),Basic,True,1,3,4750,1325
Version-1,65f7d199e5681b767119e5c3,Monstung,Advanced Staging Area (Tutorial),Basic,True,1,4,6000,262
Version-1,65f7d199e5681b767119e5c3,Monstung,Creating First Version (Tutorial),Basic,True,1,3,15750,245
Version-1,65f7d199e5681b767119e5c3,Monstung,Switching Project Versions (Tutorial),Basic,True,1,3,7750,468
Version-1,65f7d199e5681b767119e5c3,Monstung,Git Branching Basics (Tutorial),Branch,True,0,0,0,0
Version-1,65f7d199e5681b767119e5c3,Monstung,Fast-Forward Merging (Tutorial),Branch,False,0,0,0,0
Version-1,65f7d199e5681b767119e5c3,Monstung,Auto Merging (Tutorial),Branch,False,0,0,0,0
Version-1,65f7d199e5681b767119e5c3,Monstung,Merge Conflicts (Tutorial),Branch,False,0,0,0,0
Version-1,65f7d199e5681b767119e5c3,Monstung,Create Remote Repository (Tutorial),Remote,False,0,0,0,0
Version-1,65f7d199e5681b767119e5c3,Monstung,Push to Remote Branches (Tutorial),Remote,False,0,0,0,0
Version-1,65f7d199e5681b767119e5c3,Monstung,Keep Branches in Sync (Tutorial),Remote,False,0,0,0,0
Version-1,65f7d199e5681b767119e5c3,Monstung,Preparation for Merging (Tutorial),Remote,False,0,0,0,0
Version-1,65f7d199e5681b767119e5c3,Monstung,Creating a Pull Request (Tutorial),Remote,False,0,0,0,0
Version-1,65f7d199e5681b767119e5c3,Monstung,Review and Merge Pull Requests (Tutorial),Remote,False,0,0,0,0
Version-1,65f7d199e5681b767119e5c3,Monstung,Game Introduction (Practice),Basic,True,0,0,0,0
Version-1,65f7d199e5681b767119e5c3,Monstung,Version Control and Git (Practice),Basic,True,0,0,0,0
Version-1,65f7d199e5681b767119e5c3,Monstung,Create Local Repository (Practice),Basic,True,0,0,0,0
Version-1,65f7d199e5681b767119e5c3,Monstung,Basic Staging Area (Practice),Basic,True,0,0,0,0
Version-1,65f7d199e5681b767119e5c3,Monstung,Advanced Staging Area (Practice),Basic,True,0,0,0,0
Version-1,65f7d199e5681b767119e5c3,Monstung,Creating First Version (Practice),Basic,True,0,0,0,0
Version-1,65f7d199e5681b767119e5c3,Monstung,Switching Project Versions (Practice),Basic,True,0,0,0,0
Version-1,65f7d199e5681b767119e5c3,Monstung,Git Branching Basics (Practice),Branch,False,0,0,0,0
Version-1,65f7d199e5681b767119e5c3,Monstung,Fast-Forward Merging (Practice),Branch,False,0,0,0,0
Version-1,65f7d199e5681b767119e5c3,Monstung,Auto Merging (Practice),Branch,False,0,0,0,0
Version-1,65f7d199e5681b767119e5c3,Monstung,Merge Conflicts (Practice),Branch,False,0,0,0,0
Version-1,65f7d199e5681b767119e5c3,Monstung,Create Remote Repository (Practice),Remote,False,0,0,0,0
Version-1,65f7d199e5681b767119e5c3,Monstung,Push to Remote Branches (Practice),Remote,False,0,0,0,0
Version-1,65f7d199e5681b767119e5c3,Monstung,Keep Branches in Sync (Practice),Remote,False,0,0,0,0
Version-1,65f7d199e5681b767119e5c3,Monstung,Preparation for Merging (Practice),Remote,False,0,0,0,0
Version-1,65f7d199e5681b767119e5c3,Monstung,Creating a Pull Request (Practice),Remote,False,0,0,0,0
Version-1,65f7d199e5681b767119e5c3,Monstung,Review and Merge Pull Requests (Practice),Remote,False,0,0,0,0
Version-1,65f7d19ee5681b767119e5da,D0948019,Game Introduction (Tutorial),Basic,True,4,4,7000,37
Version-1,65f7d19ee5681b767119e5da,D0948019,Version Control and Git (Tutorial),Basic,True,1,4,3000,228
Version-1,65f7d19ee5681b767119e5da,D0948019,Create Local Repository (Tutorial),Basic,True,1,4,4000,171
Version-1,65f7d19ee5681b767119e5da,D0948019,Basic Staging Area (Tutorial),Basic,True,1,4,5000,445
Version-1,65f7d19ee5681b767119e5da,D0948019,Advanced Staging Area (Tutorial),Basic,True,1,4,6000,210
Version-1,65f7d19ee5681b767119e5da,D0948019,Creating First Version (Tutorial),Basic,True,1,4,16000,512
Version-1,65f7d19ee5681b767119e5da,D0948019,Switching Project Versions (Tutorial),Basic,True,1,4,8000,316
Version-1,65f7d19ee5681b767119e5da,D0948019,Git Branching Basics (Tutorial),Branch,True,1,4,9000,233
Version-1,65f7d19ee5681b767119e5da,D0948019,Fast-Forward Merging (Tutorial),Branch,True,1,4,6000,158
Version-1,65f7d19ee5681b767119e5da,D0948019,Auto Merging (Tutorial),Branch,True,1,4,8000,255
Version-1,65f7d19ee5681b767119e5da,D0948019,Merge Conflicts (Tutorial),Branch,True,1,4,7000,183
Version-1,65f7d19ee5681b767119e5da,D0948019,Create Remote Repository (Tutorial),Remote,True,1,4,6000,54
Version-1,65f7d19ee5681b767119e5da,D0948019,Push to Remote Branches (Tutorial),Remote,True,1,4,6000,216
Version-1,65f7d19ee5681b767119e5da,D0948019,Keep Branches in Sync (Tutorial),Remote,True,1,4,5000,166
Version-1,65f7d19ee5681b767119e5da,D0948019,Preparation for Merging (Tutorial),Remote,True,2,4,8000,210
Version-1,65f7d19ee5681b767119e5da,D0948019,Creating a Pull Request (Tutorial),Remote,True,2,4,11000,189
Version-1,65f7d19ee5681b767119e5da,D0948019,Review and Merge Pull Requests (Tutorial),Remote,True,1,4,4000,71
Version-1,65f7d19ee5681b767119e5da,D0948019,Game Introduction (Practice),Basic,True,0,0,0,0
Version-1,65f7d19ee5681b767119e5da,D0948019,Version Control and Git (Practice),Basic,True,0,0,0,0
Version-1,65f7d19ee5681b767119e5da,D0948019,Create Local Repository (Practice),Basic,True,0,0,0,0
Version-1,65f7d19ee5681b767119e5da,D0948019,Basic Staging Area (Practice),Basic,True,0,0,0,0
Version-1,65f7d19ee5681b767119e5da,D0948019,Advanced Staging Area (Practice),Basic,True,0,0,0,0
Version-1,65f7d19ee5681b767119e5da,D0948019,Creating First Version (Practice),Basic,True,0,0,0,0
Version-1,65f7d19ee5681b767119e5da,D0948019,Switching Project Versions (Practice),Basic,True,0,0,0,0
Version-1,65f7d19ee5681b767119e5da,D0948019,Git Branching Basics (Practice),Branch,True,0,0,0,0
Version-1,65f7d19ee5681b767119e5da,D0948019,Fast-Forward Merging (Practice),Branch,True,0,0,0,0
Version-1,65f7d19ee5681b767119e5da,D0948019,Auto Merging (Practice),Branch,True,0,0,0,0
Version-1,65f7d19ee5681b767119e5da,D0948019,Merge Conflicts (Practice),Branch,True,0,0,0,0
Version-1,65f7d19ee5681b767119e5da,D0948019,Create Remote Repository (Practice),Remote,True,0,0,0,0
Version-1,65f7d19ee5681b767119e5da,D0948019,Push to Remote Branches (Practice),Remote,True,0,0,0,0
Version-1,65f7d19ee5681b767119e5da,D0948019,Keep Branches in Sync (Practice),Remote,True,0,0,0,0
Version-1,65f7d19ee5681b767119e5da,D0948019,Preparation for Merging (Practice),Remote,True,0,0,0,0
Version-1,65f7d19ee5681b767119e5da,D0948019,Creating a Pull Request (Practice),Remote,True,0,0,0,0
Version-1,65f7d19ee5681b767119e5da,D0948019,Review and Merge Pull Requests (Practice),Remote,True,0,0,0,0
Version-1,65f7d1a0e5681b767119e5e8,D1051652,Game Introduction (Tutorial),Basic,True,1,4,7000,228
Version-1,65f7d1a0e5681b767119e5e8,D1051652,Version Control and Git (Tutorial),Basic,True,2,4,3000,80
Version-1,65f7d1a0e5681b767119e5e8,D1051652,Create Local Repository (Tutorial),Basic,True,1,4,4000,147
Version-1,65f7d1a0e5681b767119e5e8,D1051652,Basic Staging Area (Tutorial),Basic,True,1,4,5000,206
Version-1,65f7d1a0e5681b767119e5e8,D1051652,Advanced Staging Area (Tutorial),Basic,True,1,4,6000,239
Version-1,65f7d1a0e5681b767119e5e8,D1051652,Creating First Version (Tutorial),Basic,True,1,4,16000,495
Version-1,65f7d1a0e5681b767119e5e8,D1051652,Switching Project Versions (Tutorial),Basic,True,1,4,8000,258
Version-1,65f7d1a0e5681b767119e5e8,D1051652,Git Branching Basics (Tutorial),Branch,True,1,3,8750,755
Version-1,65f7d1a0e5681b767119e5e8,D1051652,Fast-Forward Merging (Tutorial),Branch,True,1,4,6000,559
Version-1,65f7d1a0e5681b767119e5e8,D1051652,Auto Merging (Tutorial),Branch,True,0,0,0,0
Version-1,65f7d1a0e5681b767119e5e8,D1051652,Merge Conflicts (Tutorial),Branch,False,0,0,0,0
Version-1,65f7d1a0e5681b767119e5e8,D1051652,Create Remote Repository (Tutorial),Remote,False,0,0,0,0
Version-1,65f7d1a0e5681b767119e5e8,D1051652,Push to Remote Branches (Tutorial),Remote,False,0,0,0,0
Version-1,65f7d1a0e5681b767119e5e8,D1051652,Keep Branches in Sync (Tutorial),Remote,False,0,0,0,0
Version-1,65f7d1a0e5681b767119e5e8,D1051652,Preparation for Merging (Tutorial),Remote,False,0,0,0,0
Version-1,65f7d1a0e5681b767119e5e8,D1051652,Creating a Pull Request (Tutorial),Remote,False,0,0,0,0
Version-1,65f7d1a0e5681b767119e5e8,D1051652,Review and Merge Pull Requests (Tutorial),Remote,False,0,0,0,0
Version-1,65f7d1a0e5681b767119e5e8,D1051652,Game Introduction (Practice),Basic,True,0,0,0,0
Version-1,65f7d1a0e5681b767119e5e8,D1051652,Version Control and Git (Practice),Basic,True,0,0,0,0
Version-1,65f7d1a0e5681b767119e5e8,D1051652,Create Local Repository (Practice),Basic,True,0,0,0,0
Version-1,65f7d1a0e5681b767119e5e8,D1051652,Basic Staging Area (Practice),Basic,True,0,0,0,0
Version-1,65f7d1a0e5681b767119e5e8,D1051652,Advanced Staging Area (Practice),Basic,True,0,0,0,0
Version-1,65f7d1a0e5681b767119e5e8,D1051652,Creating First Version (Practice),Basic,True,0,0,0,0
Version-1,65f7d1a0e5681b767119e5e8,D1051652,Switching Project Versions (Practice),Basic,True,0,0,0,0
Version-1,65f7d1a0e5681b767119e5e8,D1051652,Git Branching Basics (Practice),Branch,True,0,0,0,0
Version-1,65f7d1a0e5681b767119e5e8,D1051652,Fast-Forward Merging (Practice),Branch,True,0,0,0,0
Version-1,65f7d1a0e5681b767119e5e8,D1051652,Auto Merging (Practice),Branch,False,0,0,0,0
Version-1,65f7d1a0e5681b767119e5e8,D1051652,Merge Conflicts (Practice),Branch,False,0,0,0,0
Version-1,65f7d1a0e5681b767119e5e8,D1051652,Create Remote Repository (Practice),Remote,False,0,0,0,0
Version-1,65f7d1a0e5681b767119e5e8,D1051652,Push to Remote Branches (Practice),Remote,False,0,0,0,0
Version-1,65f7d1a0e5681b767119e5e8,D1051652,Keep Branches in Sync (Practice),Remote,False,0,0,0,0
Version-1,65f7d1a0e5681b767119e5e8,D1051652,Preparation for Merging (Practice),Remote,False,0,0,0,0
Version-1,65f7d1a0e5681b767119e5e8,D1051652,Creating a Pull Request (Practice),Remote,False,0,0,0,0
Version-1,65f7d1a0e5681b767119e5e8,D1051652,Review and Merge Pull Requests (Practice),Remote,False,0,0,0,0
Version-1,65f7d1a1e5681b767119e5f2,tukta26884,Game Introduction (Tutorial),Basic,True,1,2,5500,1837
Version-1,65f7d1a1e5681b767119e5f2,tukta26884,Version Control and Git (Tutorial),Basic,True,1,4,3000,378
Version-1,65f7d1a1e5681b767119e5f2,tukta26884,Create Local Repository (Tutorial),Basic,True,1,3,3500,796
Version-1,65f7d1a1e5681b767119e5f2,tukta26884,Basic Staging Area (Tutorial),Basic,True,1,3,4750,1297
Version-1,65f7d1a1e5681b767119e5f2,tukta26884,Advanced Staging Area (Tutorial),Basic,True,1,3,5750,372
Version-1,65f7d1a1e5681b767119e5f2,tukta26884,Creating First Version (Tutorial),Basic,True,1,3,15750,573
Version-1,65f7d1a1e5681b767119e5f2,tukta26884,Switching Project Versions (Tutorial),Basic,True,1,4,8000,565
Version-1,65f7d1a1e5681b767119e5f2,tukta26884,Git Branching Basics (Tutorial),Branch,True,0,0,0,0
Version-1,65f7d1a1e5681b767119e5f2,tukta26884,Fast-Forward Merging (Tutorial),Branch,False,0,0,0,0
Version-1,65f7d1a1e5681b767119e5f2,tukta26884,Auto Merging (Tutorial),Branch,False,0,0,0,0
Version-1,65f7d1a1e5681b767119e5f2,tukta26884,Merge Conflicts (Tutorial),Branch,False,0,0,0,0
Version-1,65f7d1a1e5681b767119e5f2,tukta26884,Create Remote Repository (Tutorial),Remote,False,0,0,0,0
Version-1,65f7d1a1e5681b767119e5f2,tukta26884,Push to Remote Branches (Tutorial),Remote,False,0,0,0,0
Version-1,65f7d1a1e5681b767119e5f2,tukta26884,Keep Branches in Sync (Tutorial),Remote,False,0,0,0,0
Version-1,65f7d1a1e5681b767119e5f2,tukta26884,Preparation for Merging (Tutorial),Remote,False,0,0,0,0
Version-1,65f7d1a1e5681b767119e5f2,tukta26884,Creating a Pull Request (Tutorial),Remote,False,0,0,0,0
Version-1,65f7d1a1e5681b767119e5f2,tukta26884,Review and Merge Pull Requests (Tutorial),Remote,False,0,0,0,0
Version-1,65f7d1a1e5681b767119e5f2,tukta26884,Game Introduction (Practice),Basic,True,0,0,0,0
Version-1,65f7d1a1e5681b767119e5f2,tukta26884,Version Control and Git (Practice),Basic,True,0,0,0,0
Version-1,65f7d1a1e5681b767119e5f2,tukta26884,Create Local Repository (Practice),Basic,True,0,0,0,0
Version-1,65f7d1a1e5681b767119e5f2,tukta26884,Basic Staging Area (Practice),Basic,True,0,0,0,0
Version-1,65f7d1a1e5681b767119e5f2,tukta26884,Advanced Staging Area (Practice),Basic,True,0,0,0,0
Version-1,65f7d1a1e5681b767119e5f2,tukta26884,Creating First Version (Practice),Basic,True,0,0,0,0
Version-1,65f7d1a1e5681b767119e5f2,tukta26884,Switching Project Versions (Practice),Basic,True,0,0,0,0
Version-1,65f7d1a1e5681b767119e5f2,tukta26884,Git Branching Basics (Practice),Branch,False,0,0,0,0
Version-1,65f7d1a1e5681b767119e5f2,tukta26884,Fast-Forward Merging (Practice),Branch,False,0,0,0,0
Version-1,65f7d1a1e5681b767119e5f2,tukta26884,Auto Merging (Practice),Branch,False,0,0,0,0
Version-1,65f7d1a1e5681b767119e5f2,tukta26884,Merge Conflicts (Practice),Branch,False,0,0,0,0
Version-1,65f7d1a1e5681b767119e5f2,tukta26884,Create Remote Repository (Practice),Remote,False,0,0,0,0
Version-1,65f7d1a1e5681b767119e5f2,tukta26884,Push to Remote Branches (Practice),Remote,False,0,0,0,0
Version-1,65f7d1a1e5681b767119e5f2,tukta26884,Keep Branches in Sync (Practice),Remote,False,0,0,0,0
Version-1,65f7d1a1e5681b767119e5f2,tukta26884,Preparation for Merging (Practice),Remote,False,0,0,0,0
Version-1,65f7d1a1e5681b767119e5f2,tukta26884,Creating a Pull Request (Practice),Remote,False,0,0,0,0
Version-1,65f7d1a1e5681b767119e5f2,tukta26884,Review and Merge Pull Requests (Practice),Remote,False,0,0,0,0
Version-1,65f7d1a3e5681b767119e600,D1076775,Game Introduction (Tutorial),Basic,True,1,2,6000,987
Version-1,65f7d1a3e5681b767119e600,D1076775,Version Control and Git (Tutorial),Basic,True,0,0,0,0
Version-1,65f7d1a3e5681b767119e600,D1076775,Create Local Repository (Tutorial),Basic,False,0,0,0,0
Version-1,65f7d1a3e5681b767119e600,D1076775,Basic Staging Area (Tutorial),Basic,False,0,0,0,0
Version-1,65f7d1a3e5681b767119e600,D1076775,Advanced Staging Area (Tutorial),Basic,False,0,0,0,0
Version-1,65f7d1a3e5681b767119e600,D1076775,Creating First Version (Tutorial),Basic,False,0,0,0,0
Version-1,65f7d1a3e5681b767119e600,D1076775,Switching Project Versions (Tutorial),Basic,False,0,0,0,0
Version-1,65f7d1a3e5681b767119e600,D1076775,Git Branching Basics (Tutorial),Branch,False,0,0,0,0
Version-1,65f7d1a3e5681b767119e600,D1076775,Fast-Forward Merging (Tutorial),Branch,False,0,0,0,0
Version-1,65f7d1a3e5681b767119e600,D1076775,Auto Merging (Tutorial),Branch,False,0,0,0,0
Version-1,65f7d1a3e5681b767119e600,D1076775,Merge Conflicts (Tutorial),Branch,False,0,0,0,0
Version-1,65f7d1a3e5681b767119e600,D1076775,Create Remote Repository (Tutorial),Remote,False,0,0,0,0
Version-1,65f7d1a3e5681b767119e600,D1076775,Push to Remote Branches (Tutorial),Remote,False,0,0,0,0
Version-1,65f7d1a3e5681b767119e600,D1076775,Keep Branches in Sync (Tutorial),Remote,False,0,0,0,0
Version-1,65f7d1a3e5681b767119e600,D1076775,Preparation for Merging (Tutorial),Remote,False,0,0,0,0
Version-1,65f7d1a3e5681b767119e600,D1076775,Creating a Pull Request (Tutorial),Remote,False,0,0,0,0
Version-1,65f7d1a3e5681b767119e600,D1076775,Review and Merge Pull Requests (Tutorial),Remote,False,0,0,0,0
Version-1,65f7d1a3e5681b767119e600,D1076775,Game Introduction (Practice),Basic,True,0,0,0,0
Version-1,65f7d1a3e5681b767119e600,D1076775,Version Control and Git (Practice),Basic,False,0,0,0,0
Version-1,65f7d1a3e5681b767119e600,D1076775,Create Local Repository (Practice),Basic,False,0,0,0,0
Version-1,65f7d1a3e5681b767119e600,D1076775,Basic Staging Area (Practice),Basic,False,0,0,0,0
Version-1,65f7d1a3e5681b767119e600,D1076775,Advanced Staging Area (Practice),Basic,False,0,0,0,0
Version-1,65f7d1a3e5681b767119e600,D1076775,Creating First Version (Practice),Basic,False,0,0,0,0
Version-1,65f7d1a3e5681b767119e600,D1076775,Switching Project Versions (Practice),Basic,False,0,0,0,0
Version-1,65f7d1a3e5681b767119e600,D1076775,Git Branching Basics (Practice),Branch,False,0,0,0,0
Version-1,65f7d1a3e5681b767119e600,D1076775,Fast-Forward Merging (Practice),Branch,False,0,0,0,0
Version-1,65f7d1a3e5681b767119e600,D1076775,Auto Merging (Practice),Branch,False,0,0,0,0
Version-1,65f7d1a3e5681b767119e600,D1076775,Merge Conflicts (Practice),Branch,False,0,0,0,0
Version-1,65f7d1a3e5681b767119e600,D1076775,Create Remote Repository (Practice),Remote,False,0,0,0,0
Version-1,65f7d1a3e5681b767119e600,D1076775,Push to Remote Branches (Practice),Remote,False,0,0,0,0
Version-1,65f7d1a3e5681b767119e600,D1076775,Keep Branches in Sync (Practice),Remote,False,0,0,0,0
Version-1,65f7d1a3e5681b767119e600,D1076775,Preparation for Merging (Practice),Remote,False,0,0,0,0
Version-1,65f7d1a3e5681b767119e600,D1076775,Creating a Pull Request (Practice),Remote,False,0,0,0,0
Version-1,65f7d1a3e5681b767119e600,D1076775,Review and Merge Pull Requests (Practice),Remote,False,0,0,0,0
Version-1,65f7d1ade5681b767119e62c,D0916167,Game Introduction (Tutorial),Basic,True,1,3,6500,149
Version-1,65f7d1ade5681b767119e62c,D0916167,Version Control and Git (Tutorial),Basic,True,1,4,3000,119
Version-1,65f7d1ade5681b767119e62c,D0916167,Create Local Repository (Tutorial),Basic,True,1,4,4000,121
Version-1,65f7d1ade5681b767119e62c,D0916167,Basic Staging Area (Tutorial),Basic,True,1,4,5000,129
Version-1,65f7d1ade5681b767119e62c,D0916167,Advanced Staging Area (Tutorial),Basic,True,1,4,6000,229
Version-1,65f7d1ade5681b767119e62c,D0916167,Creating First Version (Tutorial),Basic,True,1,4,16000,265
Version-1,65f7d1ade5681b767119e62c,D0916167,Switching Project Versions (Tutorial),Basic,True,1,4,8000,499
Version-1,65f7d1ade5681b767119e62c,D0916167,Git Branching Basics (Tutorial),Branch,True,1,4,9000,254
Version-1,65f7d1ade5681b767119e62c,D0916167,Fast-Forward Merging (Tutorial),Branch,True,0,0,0,0
Version-1,65f7d1ade5681b767119e62c,D0916167,Auto Merging (Tutorial),Branch,False,0,0,0,0
Version-1,65f7d1ade5681b767119e62c,D0916167,Merge Conflicts (Tutorial),Branch,False,0,0,0,0
Version-1,65f7d1ade5681b767119e62c,D0916167,Create Remote Repository (Tutorial),Remote,False,0,0,0,0
Version-1,65f7d1ade5681b767119e62c,D0916167,Push to Remote Branches (Tutorial),Remote,False,0,0,0,0
Version-1,65f7d1ade5681b767119e62c,D0916167,Keep Branches in Sync (Tutorial),Remote,False,0,0,0,0
Version-1,65f7d1ade5681b767119e62c,D0916167,Preparation for Merging (Tutorial),Remote,False,0,0,0,0
Version-1,65f7d1ade5681b767119e62c,D0916167,Creating a Pull Request (Tutorial),Remote,False,0,0,0,0
Version-1,65f7d1ade5681b767119e62c,D0916167,Review and Merge Pull Requests (Tutorial),Remote,False,0,0,0,0
Version-1,65f7d1ade5681b767119e62c,D0916167,Game Introduction (Practice),Basic,True,0,0,0,0
Version-1,65f7d1ade5681b767119e62c,D0916167,Version Control and Git (Practice),Basic,True,0,0,0,0
Version-1,65f7d1ade5681b767119e62c,D0916167,Create Local Repository (Practice),Basic,True,0,0,0,0
Version-1,65f7d1ade5681b767119e62c,D0916167,Basic Staging Area (Practice),Basic,True,0,0,0,0
Version-1,65f7d1ade5681b767119e62c,D0916167,Advanced Staging Area (Practice),Basic,True,0,0,0,0
Version-1,65f7d1ade5681b767119e62c,D0916167,Creating First Version (Practice),Basic,True,0,0,0,0
Version-1,65f7d1ade5681b767119e62c,D0916167,Switching Project Versions (Practice),Basic,True,0,0,0,0
Version-1,65f7d1ade5681b767119e62c,D0916167,Git Branching Basics (Practice),Branch,True,0,0,0,0
Version-1,65f7d1ade5681b767119e62c,D0916167,Fast-Forward Merging (Practice),Branch,False,0,0,0,0
Version-1,65f7d1ade5681b767119e62c,D0916167,Auto Merging (Practice),Branch,False,0,0,0,0
Version-1,65f7d1ade5681b767119e62c,D0916167,Merge Conflicts (Practice),Branch,False,0,0,0,0
Version-1,65f7d1ade5681b767119e62c,D0916167,Create Remote Repository (Practice),Remote,False,0,0,0,0
Version-1,65f7d1ade5681b767119e62c,D0916167,Push to Remote Branches (Practice),Remote,False,0,0,0,0
Version-1,65f7d1ade5681b767119e62c,D0916167,Keep Branches in Sync (Practice),Remote,False,0,0,0,0
Version-1,65f7d1ade5681b767119e62c,D0916167,Preparation for Merging (Practice),Remote,False,0,0,0,0
Version-1,65f7d1ade5681b767119e62c,D0916167,Creating a Pull Request (Practice),Remote,False,0,0,0,0
Version-1,65f7d1ade5681b767119e62c,D0916167,Review and Merge Pull Requests (Practice),Remote,False,0,0,0,0
Version-1,65f7d1afe5681b767119e636,d1051284,Game Introduction (Tutorial),Basic,True,1,3,6500,320
Version-1,65f7d1afe5681b767119e636,d1051284,Version Control and Git (Tutorial),Basic,True,1,3,2000,234
Version-1,65f7d1afe5681b767119e636,d1051284,Create Local Repository (Tutorial),Basic,True,2,4,4000,60
Version-1,65f7d1afe5681b767119e636,d1051284,Basic Staging Area (Tutorial),Basic,True,1,4,5000,243
Version-1,65f7d1afe5681b767119e636,d1051284,Advanced Staging Area (Tutorial),Basic,True,1,4,6000,307
Version-1,65f7d1afe5681b767119e636,d1051284,Creating First Version (Tutorial),Basic,True,1,4,16000,741
Version-1,65f7d1afe5681b767119e636,d1051284,Switching Project Versions (Tutorial),Basic,True,1,4,8000,351
Version-1,65f7d1afe5681b767119e636,d1051284,Git Branching Basics (Tutorial),Branch,True,1,3,8750,701
Version-1,65f7d1afe5681b767119e636,d1051284,Fast-Forward Merging (Tutorial),Branch,True,2,4,6000,282
Version-1,65f7d1afe5681b767119e636,d1051284,Auto Merging (Tutorial),Branch,True,1,4,8000,580
Version-1,65f7d1afe5681b767119e636,d1051284,Merge Conflicts (Tutorial),Branch,True,0,0,0,0
Version-1,65f7d1afe5681b767119e636,d1051284,Create Remote Repository (Tutorial),Remote,False,0,0,0,0
Version-1,65f7d1afe5681b767119e636,d1051284,Push to Remote Branches (Tutorial),Remote,False,0,0,0,0
Version-1,65f7d1afe5681b767119e636,d1051284,Keep Branches in Sync (Tutorial),Remote,False,0,0,0,0
Version-1,65f7d1afe5681b767119e636,d1051284,Preparation for Merging (Tutorial),Remote,False,0,0,0,0
Version-1,65f7d1afe5681b767119e636,d1051284,Creating a Pull Request (Tutorial),Remote,False,0,0,0,0
Version-1,65f7d1afe5681b767119e636,d1051284,Review and Merge Pull Requests (Tutorial),Remote,False,0,0,0,0
Version-1,65f7d1afe5681b767119e636,d1051284,Game Introduction (Practice),Basic,True,0,0,0,0
Version-1,65f7d1afe5681b767119e636,d1051284,Version Control and Git (Practice),Basic,True,0,0,0,0
Version-1,65f7d1afe5681b767119e636,d1051284,Create Local Repository (Practice),Basic,True,0,0,0,0
Version-1,65f7d1afe5681b767119e636,d1051284,Basic Staging Area (Practice),Basic,True,0,0,0,0
Version-1,65f7d1afe5681b767119e636,d1051284,Advanced Staging Area (Practice),Basic,True,0,0,0,0
Version-1,65f7d1afe5681b767119e636,d1051284,Creating First Version (Practice),Basic,True,0,0,0,0
Version-1,65f7d1afe5681b767119e636,d1051284,Switching Project Versions (Practice),Basic,True,0,0,0,0
Version-1,65f7d1afe5681b767119e636,d1051284,Git Branching Basics (Practice),Branch,True,0,0,0,0
Version-1,65f7d1afe5681b767119e636,d1051284,Fast-Forward Merging (Practice),Branch,True,0,0,0,0
Version-1,65f7d1afe5681b767119e636,d1051284,Auto Merging (Practice),Branch,True,0,0,0,0
Version-1,65f7d1afe5681b767119e636,d1051284,Merge Conflicts (Practice),Branch,False,0,0,0,0
Version-1,65f7d1afe5681b767119e636,d1051284,Create Remote Repository (Practice),Remote,False,0,0,0,0
Version-1,65f7d1afe5681b767119e636,d1051284,Push to Remote Branches (Practice),Remote,False,0,0,0,0
Version-1,65f7d1afe5681b767119e636,d1051284,Keep Branches in Sync (Practice),Remote,False,0,0,0,0
Version-1,65f7d1afe5681b767119e636,d1051284,Preparation for Merging (Practice),Remote,False,0,0,0,0
Version-1,65f7d1afe5681b767119e636,d1051284,Creating a Pull Request (Practice),Remote,False,0,0,0,0
Version-1,65f7d1afe5681b767119e636,d1051284,Review and Merge Pull Requests (Practice),Remote,False,0,0,0,0
Version-1,65f7d1c5e5681b767119e6a2,d1090685,Game Introduction (Tutorial),Basic,True,1,3,6500,371
Version-1,65f7d1c5e5681b767119e6a2,d1090685,Version Control and Git (Tutorial),Basic,True,1,3,2000,152
Version-1,65f7d1c5e5681b767119e6a2,d1090685,Create Local Repository (Tutorial),Basic,True,1,4,4000,225
Version-1,65f7d1c5e5681b767119e6a2,d1090685,Basic Staging Area (Tutorial),Basic,True,1,4,5000,189
Version-1,65f7d1c5e5681b767119e6a2,d1090685,Advanced Staging Area (Tutorial),Basic,True,1,4,6000,245
Version-1,65f7d1c5e5681b767119e6a2,d1090685,Creating First Version (Tutorial),Basic,True,1,4,16000,583
Version-1,65f7d1c5e5681b767119e6a2,d1090685,Switching Project Versions (Tutorial),Basic,True,1,4,8000,277
Version-1,65f7d1c5e5681b767119e6a2,d1090685,Git Branching Basics (Tutorial),Branch,True,1,4,9000,354
Version-1,65f7d1c5e5681b767119e6a2,d1090685,Fast-Forward Merging (Tutorial),Branch,True,1,4,6000,248
Version-1,65f7d1c5e5681b767119e6a2,d1090685,Auto Merging (Tutorial),Branch,True,1,3,7750,467
Version-1,65f7d1c5e5681b767119e6a2,d1090685,Merge Conflicts (Tutorial),Branch,True,1,4,7000,408
Version-1,65f7d1c5e5681b767119e6a2,d1090685,Create Remote Repository (Tutorial),Remote,True,1,4,6000,367
Version-1,65f7d1c5e5681b767119e6a2,d1090685,Push to Remote Branches (Tutorial),Remote,True,1,3,5500,793
Version-1,65f7d1c5e5681b767119e6a2,d1090685,Keep Branches in Sync (Tutorial),Remote,True,1,4,5000,539
Version-1,65f7d1c5e5681b767119e6a2,d1090685,Preparation for Merging (Tutorial),Remote,True,0,0,0,0
Version-1,65f7d1c5e5681b767119e6a2,d1090685,Creating a Pull Request (Tutorial),Remote,False,0,0,0,0
Version-1,65f7d1c5e5681b767119e6a2,d1090685,Review and Merge Pull Requests (Tutorial),Remote,False,0,0,0,0
Version-1,65f7d1c5e5681b767119e6a2,d1090685,Game Introduction (Practice),Basic,True,1,4,7000,47
Version-1,65f7d1c5e5681b767119e6a2,d1090685,Version Control and Git (Practice),Basic,True,1,4,7000,100
Version-1,65f7d1c5e5681b767119e6a2,d1090685,Create Local Repository (Practice),Basic,True,2,4,3000,34
Version-1,65f7d1c5e5681b767119e6a2,d1090685,Basic Staging Area (Practice),Basic,True,0,0,0,0
Version-1,65f7d1c5e5681b767119e6a2,d1090685,Advanced Staging Area (Practice),Basic,True,0,0,0,0
Version-1,65f7d1c5e5681b767119e6a2,d1090685,Creating First Version (Practice),Basic,True,0,0,0,0
Version-1,65f7d1c5e5681b767119e6a2,d1090685,Switching Project Versions (Practice),Basic,True,0,0,0,0
Version-1,65f7d1c5e5681b767119e6a2,d1090685,Git Branching Basics (Practice),Branch,True,0,0,0,0
Version-1,65f7d1c5e5681b767119e6a2,d1090685,Fast-Forward Merging (Practice),Branch,True,0,0,0,0
Version-1,65f7d1c5e5681b767119e6a2,d1090685,Auto Merging (Practice),Branch,True,0,0,0,0
Version-1,65f7d1c5e5681b767119e6a2,d1090685,Merge Conflicts (Practice),Branch,True,0,0,0,0
Version-1,65f7d1c5e5681b767119e6a2,d1090685,Create Remote Repository (Practice),Remote,True,0,0,0,0
Version-1,65f7d1c5e5681b767119e6a2,d1090685,Push to Remote Branches (Practice),Remote,True,0,0,0,0
Version-1,65f7d1c5e5681b767119e6a2,d1090685,Keep Branches in Sync (Practice),Remote,True,0,0,0,0
Version-1,65f7d1c5e5681b767119e6a2,d1090685,Preparation for Merging (Practice),Remote,False,0,0,0,0
Version-1,65f7d1c5e5681b767119e6a2,d1090685,Creating a Pull Request (Practice),Remote,False,0,0,0,0
Version-1,65f7d1c5e5681b767119e6a2,d1090685,Review and Merge Pull Requests (Practice),Remote,False,0,0,0,0
Version-1,65f7d1e1e5681b767119e731,D1051492,Game Introduction (Tutorial),Basic,True,1,3,6750,268
Version-1,65f7d1e1e5681b767119e731,D1051492,Version Control and Git (Tutorial),Basic,True,2,4,3000,55
Version-1,65f7d1e1e5681b767119e731,D1051492,Create Local Repository (Tutorial),Basic,True,1,4,4000,162
Version-1,65f7d1e1e5681b767119e731,D1051492,Basic Staging Area (Tutorial),Basic,True,1,4,5000,248
Version-1,65f7d1e1e5681b767119e731,D1051492,Advanced Staging Area (Tutorial),Basic,True,1,4,6000,213
Version-1,65f7d1e1e5681b767119e731,D1051492,Creating First Version (Tutorial),Basic,True,1,3,15750,431
Version-1,65f7d1e1e5681b767119e731,D1051492,Switching Project Versions (Tutorial),Basic,True,1,4,8000,277
Version-1,65f7d1e1e5681b767119e731,D1051492,Git Branching Basics (Tutorial),Branch,True,1,4,9000,255
Version-1,65f7d1e1e5681b767119e731,D1051492,Fast-Forward Merging (Tutorial),Branch,True,1,4,6000,171
Version-1,65f7d1e1e5681b767119e731,D1051492,Auto Merging (Tutorial),Branch,True,1,3,7750,247
Version-1,65f7d1e1e5681b767119e731,D1051492,Merge Conflicts (Tutorial),Branch,True,1,1,5000,408
Version-1,65f7d1e1e5681b767119e731,D1051492,Create Remote Repository (Tutorial),Remote,True,1,4,6000,145
Version-1,65f7d1e1e5681b767119e731,D1051492,Push to Remote Branches (Tutorial),Remote,True,1,4,6000,199
Version-1,65f7d1e1e5681b767119e731,D1051492,Keep Branches in Sync (Tutorial),Remote,True,1,4,5000,138
Version-1,65f7d1e1e5681b767119e731,D1051492,Preparation for Merging (Tutorial),Remote,True,1,2,6000,388
Version-1,65f7d1e1e5681b767119e731,D1051492,Creating a Pull Request (Tutorial),Remote,True,0,0,0,0
Version-1,65f7d1e1e5681b767119e731,D1051492,Review and Merge Pull Requests (Tutorial),Remote,False,0,0,0,0
Version-1,65f7d1e1e5681b767119e731,D1051492,Game Introduction (Practice),Basic,True,1,4,7000,45
Version-1,65f7d1e1e5681b767119e731,D1051492,Version Control and Git (Practice),Basic,True,1,4,7000,94
Version-1,65f7d1e1e5681b767119e731,D1051492,Create Local Repository (Practice),Basic,True,1,4,3000,76
Version-1,65f7d1e1e5681b767119e731,D1051492,Basic Staging Area (Practice),Basic,True,0,0,0,0
Version-1,65f7d1e1e5681b767119e731,D1051492,Advanced Staging Area (Practice),Basic,True,0,0,0,0
Version-1,65f7d1e1e5681b767119e731,D1051492,Creating First Version (Practice),Basic,True,1,4,8000,109
Version-1,65f7d1e1e5681b767119e731,D1051492,Switching Project Versions (Practice),Basic,True,1,2,6000,270
Version-1,65f7d1e1e5681b767119e731,D1051492,Git Branching Basics (Practice),Branch,True,0,0,0,0
Version-1,65f7d1e1e5681b767119e731,D1051492,Fast-Forward Merging (Practice),Branch,True,0,0,0,0
Version-1,65f7d1e1e5681b767119e731,D1051492,Auto Merging (Practice),Branch,True,0,0,0,0
Version-1,65f7d1e1e5681b767119e731,D1051492,Merge Conflicts (Practice),Branch,True,0,0,0,0
Version-1,65f7d1e1e5681b767119e731,D1051492,Create Remote Repository (Practice),Remote,True,0,0,0,0
Version-1,65f7d1e1e5681b767119e731,D1051492,Push to Remote Branches (Practice),Remote,True,0,0,0,0
Version-1,65f7d1e1e5681b767119e731,D1051492,Keep Branches in Sync (Practice),Remote,True,0,0,0,0
Version-1,65f7d1e1e5681b767119e731,D1051492,Preparation for Merging (Practice),Remote,True,0,0,0,0
Version-1,65f7d1e1e5681b767119e731,D1051492,Creating a Pull Request (Practice),Remote,False,0,0,0,0
Version-1,65f7d1e1e5681b767119e731,D1051492,Review and Merge Pull Requests (Practice),Remote,False,0,0,0,0
Version-1,66039438e5681b76711aa2d5,test,Game Introduction (Tutorial),Basic,True,0,0,0,0
Version-1,66039438e5681b76711aa2d5,test,Version Control and Git (Tutorial),Basic,False,0,0,0,0
Version-1,66039438e5681b76711aa2d5,test,Create Local Repository (Tutorial),Basic,False,0,0,0,0
Version-1,66039438e5681b76711aa2d5,test,Basic Staging Area (Tutorial),Basic,False,0,0,0,0
Version-1,66039438e5681b76711aa2d5,test,Advanced Staging Area (Tutorial),Basic,False,0,0,0,0
Version-1,66039438e5681b76711aa2d5,test,Creating First Version (Tutorial),Basic,False,0,0,0,0
Version-1,66039438e5681b76711aa2d5,test,Switching Project Versions (Tutorial),Basic,False,0,0,0,0
Version-1,66039438e5681b76711aa2d5,test,Git Branching Basics (Tutorial),Branch,False,0,0,0,0
Version-1,66039438e5681b76711aa2d5,test,Fast-Forward Merging (Tutorial),Branch,False,0,0,0,0
Version-1,66039438e5681b76711aa2d5,test,Auto Merging (Tutorial),Branch,False,0,0,0,0
Version-1,66039438e5681b76711aa2d5,test,Merge Conflicts (Tutorial),Branch,False,0,0,0,0
Version-1,66039438e5681b76711aa2d5,test,Create Remote Repository (Tutorial),Remote,False,0,0,0,0
Version-1,66039438e5681b76711aa2d5,test,Push to Remote Branches (Tutorial),Remote,False,0,0,0,0
Version-1,66039438e5681b76711aa2d5,test,Keep Branches in Sync (Tutorial),Remote,False,0,0,0,0
Version-1,66039438e5681b76711aa2d5,test,Preparation for Merging (Tutorial),Remote,False,0,0,0,0
Version-1,66039438e5681b76711aa2d5,test,Creating a Pull Request (Tutorial),Remote,False,0,0,0,0
Version-1,66039438e5681b76711aa2d5,test,Review and Merge Pull Requests (Tutorial),Remote,False,0,0,0,0
Version-1,66039438e5681b76711aa2d5,test,Game Introduction (Practice),Basic,False,0,0,0,0
Version-1,66039438e5681b76711aa2d5,test,Version Control and Git (Practice),Basic,False,0,0,0,0
Version-1,66039438e5681b76711aa2d5,test,Create Local Repository (Practice),Basic,False,0,0,0,0
Version-1,66039438e5681b76711aa2d5,test,Basic Staging Area (Practice),Basic,False,0,0,0,0
Version-1,66039438e5681b76711aa2d5,test,Advanced Staging Area (Practice),Basic,False,0,0,0,0
Version-1,66039438e5681b76711aa2d5,test,Creating First Version (Practice),Basic,False,0,0,0,0
Version-1,66039438e5681b76711aa2d5,test,Switching Project Versions (Practice),Basic,False,0,0,0,0
Version-1,66039438e5681b76711aa2d5,test,Git Branching Basics (Practice),Branch,False,0,0,0,0
Version-1,66039438e5681b76711aa2d5,test,Fast-Forward Merging (Practice),Branch,False,0,0,0,0
Version-1,66039438e5681b76711aa2d5,test,Auto Merging (Practice),Branch,False,0,0,0,0
Version-1,66039438e5681b76711aa2d5,test,Merge Conflicts (Practice),Branch,False,0,0,0,0
Version-1,66039438e5681b76711aa2d5,test,Create Remote Repository (Practice),Remote,False,0,0,0,0
Version-1,66039438e5681b76711aa2d5,test,Push to Remote Branches (Practice),Remote,False,0,0,0,0
Version-1,66039438e5681b76711aa2d5,test,Keep Branches in Sync (Practice),Remote,False,0,0,0,0
Version-1,66039438e5681b76711aa2d5,test,Preparation for Merging (Practice),Remote,False,0,0,0,0
Version-1,66039438e5681b76711aa2d5,test,Creating a Pull Request (Practice),Remote,False,0,0,0,0
Version-1,66039438e5681b76711aa2d5,test,Review and Merge Pull Requests (Practice),Remote,False,0,0,0,0
Version-2,6a5ad0e7ff79bf083c5271ff,thomasvi,Game Introduction (Tutorial),Basic,True,1,3,6500,420
Version-2,6a5ad0e7ff79bf083c5271ff,thomasvi,Version Control and Git (Tutorial),Basic,True,1,4,3000,103
Version-2,6a5ad0e7ff79bf083c5271ff,thomasvi,Create Local Repository (Tutorial),Basic,True,1,4,4000,49
Version-2,6a5ad0e7ff79bf083c5271ff,thomasvi,Basic Staging Area (Tutorial),Basic,True,1,4,5000,117
Version-2,6a5ad0e7ff79bf083c5271ff,thomasvi,Advanced Staging Area (Tutorial),Basic,True,1,4,6000,125
Version-2,6a5ad0e7ff79bf083c5271ff,thomasvi,Creating First Version (Tutorial),Basic,True,1,4,16000,222
Version-2,6a5ad0e7ff79bf083c5271ff,thomasvi,Switching Project Versions (Tutorial),Basic,True,1,4,8000,169
Version-2,6a5ad0e7ff79bf083c5271ff,thomasvi,Git Branching Basics (Tutorial),Branch,True,1,4,9000,236
Version-2,6a5ad0e7ff79bf083c5271ff,thomasvi,Fast-Forward Merging (Tutorial),Branch,True,1,4,6000,109
Version-2,6a5ad0e7ff79bf083c5271ff,thomasvi,Auto Merging (Tutorial),Branch,True,1,2,6750,352
Version-2,6a5ad0e7ff79bf083c5271ff,thomasvi,Merge Conflicts (Tutorial),Branch,True,1,4,7000,122
Version-2,6a5ad0e7ff79bf083c5271ff,thomasvi,Create Remote Repository (Tutorial),Remote,True,2,4,6000,80
Version-2,6a5ad0e7ff79bf083c5271ff,thomasvi,Push to Remote Branches (Tutorial),Remote,True,1,1,4000,284
Version-2,6a5ad0e7ff79bf083c5271ff,thomasvi,Keep Branches in Sync (Tutorial),Remote,True,0,0,0,0
Version-2,6a5ad0e7ff79bf083c5271ff,thomasvi,Preparation for Merging (Tutorial),Remote,False,0,0,0,0
Version-2,6a5ad0e7ff79bf083c5271ff,thomasvi,Creating a Pull Request (Tutorial),Remote,False,0,0,0,0
Version-2,6a5ad0e7ff79bf083c5271ff,thomasvi,Review and Merge Pull Requests (Tutorial),Remote,False,0,0,0,0
Version-2,6a5ad0e7ff79bf083c5271ff,thomasvi,Game Introduction (Practice),Basic,True,0,0,0,0
Version-2,6a5ad0e7ff79bf083c5271ff,thomasvi,Version Control and Git (Practice),Basic,True,0,0,0,0
Version-2,6a5ad0e7ff79bf083c5271ff,thomasvi,Create Local Repository (Practice),Basic,True,0,0,0,0
Version-2,6a5ad0e7ff79bf083c5271ff,thomasvi,Basic Staging Area (Practice),Basic,True,0,0,0,0
Version-2,6a5ad0e7ff79bf083c5271ff,thomasvi,Advanced Staging Area (Practice),Basic,True,0,0,0,0
Version-2,6a5ad0e7ff79bf083c5271ff,thomasvi,Creating First Version (Practice),Basic,True,0,0,0,0
Version-2,6a5ad0e7ff79bf083c5271ff,thomasvi,Switching Project Versions (Practice),Basic,True,0,0,0,0
Version-2,6a5ad0e7ff79bf083c5271ff,thomasvi,Git Branching Basics (Practice),Branch,True,0,0,0,0
Version-2,6a5ad0e7ff79bf083c5271ff,thomasvi,Fast-Forward Merging (Practice),Branch,True,0,0,0,0
Version-2,6a5ad0e7ff79bf083c5271ff,thomasvi,Auto Merging (Practice),Branch,True,0,0,0,0
Version-2,6a5ad0e7ff79bf083c5271ff,thomasvi,Merge Conflicts (Practice),Branch,True,0,0,0,0
Version-2,6a5ad0e7ff79bf083c5271ff,thomasvi,Create Remote Repository (Practice),Remote,True,0,0,0,0
Version-2,6a5ad0e7ff79bf083c5271ff,thomasvi,Push to Remote Branches (Practice),Remote,True,0,0,0,0
Version-2,6a5ad0e7ff79bf083c5271ff,thomasvi,Keep Branches in Sync (Practice),Remote,False,0,0,0,0
Version-2,6a5ad0e7ff79bf083c5271ff,thomasvi,Preparation for Merging (Practice),Remote,False,0,0,0,0
Version-2,6a5ad0e7ff79bf083c5271ff,thomasvi,Creating a Pull Request (Practice),Remote,False,0,0,0,0
Version-2,6a5ad0e7ff79bf083c5271ff,thomasvi,Review and Merge Pull Requests (Practice),Remote,False,0,0,0,0
Version-2,6a641f10ff79bf083c527621,nhat123,Game Introduction (Tutorial),Basic,True,0,0,0,0
Version-2,6a641f10ff79bf083c527621,nhat123,Version Control and Git (Tutorial),Basic,False,0,0,0,0
Version-2,6a641f10ff79bf083c527621,nhat123,Create Local Repository (Tutorial),Basic,False,0,0,0,0
Version-2,6a641f10ff79bf083c527621,nhat123,Basic Staging Area (Tutorial),Basic,False,0,0,0,0
Version-2,6a641f10ff79bf083c527621,nhat123,Advanced Staging Area (Tutorial),Basic,False,0,0,0,0
Version-2,6a641f10ff79bf083c527621,nhat123,Creating First Version (Tutorial),Basic,False,0,0,0,0
Version-2,6a641f10ff79bf083c527621,nhat123,Switching Project Versions (Tutorial),Basic,False,0,0,0,0
Version-2,6a641f10ff79bf083c527621,nhat123,Git Branching Basics (Tutorial),Branch,False,0,0,0,0
Version-2,6a641f10ff79bf083c527621,nhat123,Fast-Forward Merging (Tutorial),Branch,False,0,0,0,0
Version-2,6a641f10ff79bf083c527621,nhat123,Auto Merging (Tutorial),Branch,False,0,0,0,0
Version-2,6a641f10ff79bf083c527621,nhat123,Merge Conflicts (Tutorial),Branch,False,0,0,0,0
Version-2,6a641f10ff79bf083c527621,nhat123,Create Remote Repository (Tutorial),Remote,False,0,0,0,0
Version-2,6a641f10ff79bf083c527621,nhat123,Push to Remote Branches (Tutorial),Remote,False,0,0,0,0
Version-2,6a641f10ff79bf083c527621,nhat123,Keep Branches in Sync (Tutorial),Remote,False,0,0,0,0
Version-2,6a641f10ff79bf083c527621,nhat123,Preparation for Merging (Tutorial),Remote,False,0,0,0,0
Version-2,6a641f10ff79bf083c527621,nhat123,Creating a Pull Request (Tutorial),Remote,False,0,0,0,0
Version-2,6a641f10ff79bf083c527621,nhat123,Review and Merge Pull Requests (Tutorial),Remote,False,0,0,0,0
Version-2,6a641f10ff79bf083c527621,nhat123,Game Introduction (Practice),Basic,False,0,0,0,0
Version-2,6a641f10ff79bf083c527621,nhat123,Version Control and Git (Practice),Basic,False,0,0,0,0
Version-2,6a641f10ff79bf083c527621,nhat123,Create Local Repository (Practice),Basic,False,0,0,0,0
Version-2,6a641f10ff79bf083c527621,nhat123,Basic Staging Area (Practice),Basic,False,0,0,0,0
Version-2,6a641f10ff79bf083c527621,nhat123,Advanced Staging Area (Practice),Basic,False,0,0,0,0
Version-2,6a641f10ff79bf083c527621,nhat123,Creating First Version (Practice),Basic,False,0,0,0,0
Version-2,6a641f10ff79bf083c527621,nhat123,Switching Project Versions (Practice),Basic,False,0,0,0,0
Version-2,6a641f10ff79bf083c527621,nhat123,Git Branching Basics (Practice),Branch,False,0,0,0,0
Version-2,6a641f10ff79bf083c527621,nhat123,Fast-Forward Merging (Practice),Branch,False,0,0,0,0
Version-2,6a641f10ff79bf083c527621,nhat123,Auto Merging (Practice),Branch,False,0,0,0,0
Version-2,6a641f10ff79bf083c527621,nhat123,Merge Conflicts (Practice),Branch,False,0,0,0,0
Version-2,6a641f10ff79bf083c527621,nhat123,Create Remote Repository (Practice),Remote,False,0,0,0,0
Version-2,6a641f10ff79bf083c527621,nhat123,Push to Remote Branches (Practice),Remote,False,0,0,0,0
Version-2,6a641f10ff79bf083c527621,nhat123,Keep Branches in Sync (Practice),Remote,False,0,0,0,0
Version-2,6a641f10ff79bf083c527621,nhat123,Preparation for Merging (Practice),Remote,False,0,0,0,0
Version-2,6a641f10ff79bf083c527621,nhat123,Creating a Pull Request (Practice),Remote,False,0,0,0,0
Version-2,6a641f10ff79bf083c527621,nhat123,Review and Merge Pull Requests (Practice),Remote,False,0,0,0,0
Version-2,6a641f2aff79bf083c527627,HuynhThienSon,Game Introduction (Tutorial),Basic,True,0,0,0,0
Version-2,6a641f2aff79bf083c527627,HuynhThienSon,Version Control and Git (Tutorial),Basic,False,0,0,0,0
Version-2,6a641f2aff79bf083c527627,HuynhThienSon,Create Local Repository (Tutorial),Basic,False,0,0,0,0
Version-2,6a641f2aff79bf083c527627,HuynhThienSon,Basic Staging Area (Tutorial),Basic,False,0,0,0,0
Version-2,6a641f2aff79bf083c527627,HuynhThienSon,Advanced Staging Area (Tutorial),Basic,False,0,0,0,0
Version-2,6a641f2aff79bf083c527627,HuynhThienSon,Creating First Version (Tutorial),Basic,False,0,0,0,0
Version-2,6a641f2aff79bf083c527627,HuynhThienSon,Switching Project Versions (Tutorial),Basic,False,0,0,0,0
Version-2,6a641f2aff79bf083c527627,HuynhThienSon,Git Branching Basics (Tutorial),Branch,False,0,0,0,0
Version-2,6a641f2aff79bf083c527627,HuynhThienSon,Fast-Forward Merging (Tutorial),Branch,False,0,0,0,0
Version-2,6a641f2aff79bf083c527627,HuynhThienSon,Auto Merging (Tutorial),Branch,False,0,0,0,0
Version-2,6a641f2aff79bf083c527627,HuynhThienSon,Merge Conflicts (Tutorial),Branch,False,0,0,0,0
Version-2,6a641f2aff79bf083c527627,HuynhThienSon,Create Remote Repository (Tutorial),Remote,False,0,0,0,0
Version-2,6a641f2aff79bf083c527627,HuynhThienSon,Push to Remote Branches (Tutorial),Remote,False,0,0,0,0
Version-2,6a641f2aff79bf083c527627,HuynhThienSon,Keep Branches in Sync (Tutorial),Remote,False,0,0,0,0
Version-2,6a641f2aff79bf083c527627,HuynhThienSon,Preparation for Merging (Tutorial),Remote,False,0,0,0,0
Version-2,6a641f2aff79bf083c527627,HuynhThienSon,Creating a Pull Request (Tutorial),Remote,False,0,0,0,0
Version-2,6a641f2aff79bf083c527627,HuynhThienSon,Review and Merge Pull Requests (Tutorial),Remote,False,0,0,0,0
Version-2,6a641f2aff79bf083c527627,HuynhThienSon,Game Introduction (Practice),Basic,False,0,0,0,0
Version-2,6a641f2aff79bf083c527627,HuynhThienSon,Version Control and Git (Practice),Basic,False,0,0,0,0
Version-2,6a641f2aff79bf083c527627,HuynhThienSon,Create Local Repository (Practice),Basic,False,0,0,0,0
Version-2,6a641f2aff79bf083c527627,HuynhThienSon,Basic Staging Area (Practice),Basic,False,0,0,0,0
Version-2,6a641f2aff79bf083c527627,HuynhThienSon,Advanced Staging Area (Practice),Basic,False,0,0,0,0
Version-2,6a641f2aff79bf083c527627,HuynhThienSon,Creating First Version (Practice),Basic,False,0,0,0,0
Version-2,6a641f2aff79bf083c527627,HuynhThienSon,Switching Project Versions (Practice),Basic,False,0,0,0,0
Version-2,6a641f2aff79bf083c527627,HuynhThienSon,Git Branching Basics (Practice),Branch,False,0,0,0,0
Version-2,6a641f2aff79bf083c527627,HuynhThienSon,Fast-Forward Merging (Practice),Branch,False,0,0,0,0
Version-2,6a641f2aff79bf083c527627,HuynhThienSon,Auto Merging (Practice),Branch,False,0,0,0,0
Version-2,6a641f2aff79bf083c527627,HuynhThienSon,Merge Conflicts (Practice),Branch,False,0,0,0,0
Version-2,6a641f2aff79bf083c527627,HuynhThienSon,Create Remote Repository (Practice),Remote,False,0,0,0,0
Version-2,6a641f2aff79bf083c527627,HuynhThienSon,Push to Remote Branches (Practice),Remote,False,0,0,0,0
Version-2,6a641f2aff79bf083c527627,HuynhThienSon,Keep Branches in Sync (Practice),Remote,False,0,0,0,0
Version-2,6a641f2aff79bf083c527627,HuynhThienSon,Preparation for Merging (Practice),Remote,False,0,0,0,0
Version-2,6a641f2aff79bf083c527627,HuynhThienSon,Creating a Pull Request (Practice),Remote,False,0,0,0,0
Version-2,6a641f2aff79bf083c527627,HuynhThienSon,Review and Merge Pull Requests (Practice),Remote,False,0,0,0,0
Version-2,6a641f8bff79bf083c527644,duytannguyen36,Game Introduction (Tutorial),Basic,True,0,0,0,0
Version-2,6a641f8bff79bf083c527644,duytannguyen36,Version Control and Git (Tutorial),Basic,False,0,0,0,0
Version-2,6a641f8bff79bf083c527644,duytannguyen36,Create Local Repository (Tutorial),Basic,False,0,0,0,0
Version-2,6a641f8bff79bf083c527644,duytannguyen36,Basic Staging Area (Tutorial),Basic,False,0,0,0,0
Version-2,6a641f8bff79bf083c527644,duytannguyen36,Advanced Staging Area (Tutorial),Basic,False,0,0,0,0
Version-2,6a641f8bff79bf083c527644,duytannguyen36,Creating First Version (Tutorial),Basic,False,0,0,0,0
Version-2,6a641f8bff79bf083c527644,duytannguyen36,Switching Project Versions (Tutorial),Basic,False,0,0,0,0
Version-2,6a641f8bff79bf083c527644,duytannguyen36,Git Branching Basics (Tutorial),Branch,False,0,0,0,0
Version-2,6a641f8bff79bf083c527644,duytannguyen36,Fast-Forward Merging (Tutorial),Branch,False,0,0,0,0
Version-2,6a641f8bff79bf083c527644,duytannguyen36,Auto Merging (Tutorial),Branch,False,0,0,0,0
Version-2,6a641f8bff79bf083c527644,duytannguyen36,Merge Conflicts (Tutorial),Branch,False,0,0,0,0
Version-2,6a641f8bff79bf083c527644,duytannguyen36,Create Remote Repository (Tutorial),Remote,False,0,0,0,0
Version-2,6a641f8bff79bf083c527644,duytannguyen36,Push to Remote Branches (Tutorial),Remote,False,0,0,0,0
Version-2,6a641f8bff79bf083c527644,duytannguyen36,Keep Branches in Sync (Tutorial),Remote,False,0,0,0,0
Version-2,6a641f8bff79bf083c527644,duytannguyen36,Preparation for Merging (Tutorial),Remote,False,0,0,0,0
Version-2,6a641f8bff79bf083c527644,duytannguyen36,Creating a Pull Request (Tutorial),Remote,False,0,0,0,0
Version-2,6a641f8bff79bf083c527644,duytannguyen36,Review and Merge Pull Requests (Tutorial),Remote,False,0,0,0,0
Version-2,6a641f8bff79bf083c527644,duytannguyen36,Game Introduction (Practice),Basic,False,0,0,0,0
Version-2,6a641f8bff79bf083c527644,duytannguyen36,Version Control and Git (Practice),Basic,False,0,0,0,0
Version-2,6a641f8bff79bf083c527644,duytannguyen36,Create Local Repository (Practice),Basic,False,0,0,0,0
Version-2,6a641f8bff79bf083c527644,duytannguyen36,Basic Staging Area (Practice),Basic,False,0,0,0,0
Version-2,6a641f8bff79bf083c527644,duytannguyen36,Advanced Staging Area (Practice),Basic,False,0,0,0,0
Version-2,6a641f8bff79bf083c527644,duytannguyen36,Creating First Version (Practice),Basic,False,0,0,0,0
Version-2,6a641f8bff79bf083c527644,duytannguyen36,Switching Project Versions (Practice),Basic,False,0,0,0,0
Version-2,6a641f8bff79bf083c527644,duytannguyen36,Git Branching Basics (Practice),Branch,False,0,0,0,0
Version-2,6a641f8bff79bf083c527644,duytannguyen36,Fast-Forward Merging (Practice),Branch,False,0,0,0,0
Version-2,6a641f8bff79bf083c527644,duytannguyen36,Auto Merging (Practice),Branch,False,0,0,0,0
Version-2,6a641f8bff79bf083c527644,duytannguyen36,Merge Conflicts (Practice),Branch,False,0,0,0,0
Version-2,6a641f8bff79bf083c527644,duytannguyen36,Create Remote Repository (Practice),Remote,False,0,0,0,0
Version-2,6a641f8bff79bf083c527644,duytannguyen36,Push to Remote Branches (Practice),Remote,False,0,0,0,0
Version-2,6a641f8bff79bf083c527644,duytannguyen36,Keep Branches in Sync (Practice),Remote,False,0,0,0,0
Version-2,6a641f8bff79bf083c527644,duytannguyen36,Preparation for Merging (Practice),Remote,False,0,0,0,0
Version-2,6a641f8bff79bf083c527644,duytannguyen36,Creating a Pull Request (Practice),Remote,False,0,0,0,0
Version-2,6a641f8bff79bf083c527644,duytannguyen36,Review and Merge Pull Requests (Practice),Remote,False,0,0,0,0
Version-2,6a642013ff79bf083c527667,minnhcangda23tta,Game Introduction (Tutorial),Basic,True,0,0,0,0
Version-2,6a642013ff79bf083c527667,minnhcangda23tta,Version Control and Git (Tutorial),Basic,False,0,0,0,0
Version-2,6a642013ff79bf083c527667,minnhcangda23tta,Create Local Repository (Tutorial),Basic,False,0,0,0,0
Version-2,6a642013ff79bf083c527667,minnhcangda23tta,Basic Staging Area (Tutorial),Basic,False,0,0,0,0
Version-2,6a642013ff79bf083c527667,minnhcangda23tta,Advanced Staging Area (Tutorial),Basic,False,0,0,0,0
Version-2,6a642013ff79bf083c527667,minnhcangda23tta,Creating First Version (Tutorial),Basic,False,0,0,0,0
Version-2,6a642013ff79bf083c527667,minnhcangda23tta,Switching Project Versions (Tutorial),Basic,False,0,0,0,0
Version-2,6a642013ff79bf083c527667,minnhcangda23tta,Git Branching Basics (Tutorial),Branch,False,0,0,0,0
Version-2,6a642013ff79bf083c527667,minnhcangda23tta,Fast-Forward Merging (Tutorial),Branch,False,0,0,0,0
Version-2,6a642013ff79bf083c527667,minnhcangda23tta,Auto Merging (Tutorial),Branch,False,0,0,0,0
Version-2,6a642013ff79bf083c527667,minnhcangda23tta,Merge Conflicts (Tutorial),Branch,False,0,0,0,0
Version-2,6a642013ff79bf083c527667,minnhcangda23tta,Create Remote Repository (Tutorial),Remote,False,0,0,0,0
Version-2,6a642013ff79bf083c527667,minnhcangda23tta,Push to Remote Branches (Tutorial),Remote,False,0,0,0,0
Version-2,6a642013ff79bf083c527667,minnhcangda23tta,Keep Branches in Sync (Tutorial),Remote,False,0,0,0,0
Version-2,6a642013ff79bf083c527667,minnhcangda23tta,Preparation for Merging (Tutorial),Remote,False,0,0,0,0
Version-2,6a642013ff79bf083c527667,minnhcangda23tta,Creating a Pull Request (Tutorial),Remote,False,0,0,0,0
Version-2,6a642013ff79bf083c527667,minnhcangda23tta,Review and Merge Pull Requests (Tutorial),Remote,False,0,0,0,0
Version-2,6a642013ff79bf083c527667,minnhcangda23tta,Game Introduction (Practice),Basic,False,0,0,0,0
Version-2,6a642013ff79bf083c527667,minnhcangda23tta,Version Control and Git (Practice),Basic,False,0,0,0,0
Version-2,6a642013ff79bf083c527667,minnhcangda23tta,Create Local Repository (Practice),Basic,False,0,0,0,0
Version-2,6a642013ff79bf083c527667,minnhcangda23tta,Basic Staging Area (Practice),Basic,False,0,0,0,0
Version-2,6a642013ff79bf083c527667,minnhcangda23tta,Advanced Staging Area (Practice),Basic,False,0,0,0,0
Version-2,6a642013ff79bf083c527667,minnhcangda23tta,Creating First Version (Practice),Basic,False,0,0,0,0
Version-2,6a642013ff79bf083c527667,minnhcangda23tta,Switching Project Versions (Practice),Basic,False,0,0,0,0
Version-2,6a642013ff79bf083c527667,minnhcangda23tta,Git Branching Basics (Practice),Branch,False,0,0,0,0
Version-2,6a642013ff79bf083c527667,minnhcangda23tta,Fast-Forward Merging (Practice),Branch,False,0,0,0,0
Version-2,6a642013ff79bf083c527667,minnhcangda23tta,Auto Merging (Practice),Branch,False,0,0,0,0
Version-2,6a642013ff79bf083c527667,minnhcangda23tta,Merge Conflicts (Practice),Branch,False,0,0,0,0
Version-2,6a642013ff79bf083c527667,minnhcangda23tta,Create Remote Repository (Practice),Remote,False,0,0,0,0
Version-2,6a642013ff79bf083c527667,minnhcangda23tta,Push to Remote Branches (Practice),Remote,False,0,0,0,0
Version-2,6a642013ff79bf083c527667,minnhcangda23tta,Keep Branches in Sync (Practice),Remote,False,0,0,0,0
Version-2,6a642013ff79bf083c527667,minnhcangda23tta,Preparation for Merging (Practice),Remote,False,0,0,0,0
Version-2,6a642013ff79bf083c527667,minnhcangda23tta,Creating a Pull Request (Practice),Remote,False,0,0,0,0
Version-2,6a642013ff79bf083c527667,minnhcangda23tta,Review and Merge Pull Requests (Practice),Remote,False,0,0,0,0
Version-2,6a64228bff79bf083c5276ee,minhcangda23tta,Game Introduction (Tutorial),Basic,True,0,0,0,0
Version-2,6a64228bff79bf083c5276ee,minhcangda23tta,Version Control and Git (Tutorial),Basic,False,0,0,0,0
Version-2,6a64228bff79bf083c5276ee,minhcangda23tta,Create Local Repository (Tutorial),Basic,False,0,0,0,0
Version-2,6a64228bff79bf083c5276ee,minhcangda23tta,Basic Staging Area (Tutorial),Basic,False,0,0,0,0
Version-2,6a64228bff79bf083c5276ee,minhcangda23tta,Advanced Staging Area (Tutorial),Basic,False,0,0,0,0
Version-2,6a64228bff79bf083c5276ee,minhcangda23tta,Creating First Version (Tutorial),Basic,False,0,0,0,0
Version-2,6a64228bff79bf083c5276ee,minhcangda23tta,Switching Project Versions (Tutorial),Basic,False,0,0,0,0
Version-2,6a64228bff79bf083c5276ee,minhcangda23tta,Git Branching Basics (Tutorial),Branch,False,0,0,0,0
Version-2,6a64228bff79bf083c5276ee,minhcangda23tta,Fast-Forward Merging (Tutorial),Branch,False,0,0,0,0
Version-2,6a64228bff79bf083c5276ee,minhcangda23tta,Auto Merging (Tutorial),Branch,False,0,0,0,0
Version-2,6a64228bff79bf083c5276ee,minhcangda23tta,Merge Conflicts (Tutorial),Branch,False,0,0,0,0
Version-2,6a64228bff79bf083c5276ee,minhcangda23tta,Create Remote Repository (Tutorial),Remote,False,0,0,0,0
Version-2,6a64228bff79bf083c5276ee,minhcangda23tta,Push to Remote Branches (Tutorial),Remote,False,0,0,0,0
Version-2,6a64228bff79bf083c5276ee,minhcangda23tta,Keep Branches in Sync (Tutorial),Remote,False,0,0,0,0
Version-2,6a64228bff79bf083c5276ee,minhcangda23tta,Preparation for Merging (Tutorial),Remote,False,0,0,0,0
Version-2,6a64228bff79bf083c5276ee,minhcangda23tta,Creating a Pull Request (Tutorial),Remote,False,0,0,0,0
Version-2,6a64228bff79bf083c5276ee,minhcangda23tta,Review and Merge Pull Requests (Tutorial),Remote,False,0,0,0,0
Version-2,6a64228bff79bf083c5276ee,minhcangda23tta,Game Introduction (Practice),Basic,False,0,0,0,0
Version-2,6a64228bff79bf083c5276ee,minhcangda23tta,Version Control and Git (Practice),Basic,False,0,0,0,0
Version-2,6a64228bff79bf083c5276ee,minhcangda23tta,Create Local Repository (Practice),Basic,False,0,0,0,0
Version-2,6a64228bff79bf083c5276ee,minhcangda23tta,Basic Staging Area (Practice),Basic,False,0,0,0,0
Version-2,6a64228bff79bf083c5276ee,minhcangda23tta,Advanced Staging Area (Practice),Basic,False,0,0,0,0
Version-2,6a64228bff79bf083c5276ee,minhcangda23tta,Creating First Version (Practice),Basic,False,0,0,0,0
Version-2,6a64228bff79bf083c5276ee,minhcangda23tta,Switching Project Versions (Practice),Basic,False,0,0,0,0
Version-2,6a64228bff79bf083c5276ee,minhcangda23tta,Git Branching Basics (Practice),Branch,False,0,0,0,0
Version-2,6a64228bff79bf083c5276ee,minhcangda23tta,Fast-Forward Merging (Practice),Branch,False,0,0,0,0
Version-2,6a64228bff79bf083c5276ee,minhcangda23tta,Auto Merging (Practice),Branch,False,0,0,0,0
Version-2,6a64228bff79bf083c5276ee,minhcangda23tta,Merge Conflicts (Practice),Branch,False,0,0,0,0
Version-2,6a64228bff79bf083c5276ee,minhcangda23tta,Create Remote Repository (Practice),Remote,False,0,0,0,0
Version-2,6a64228bff79bf083c5276ee,minhcangda23tta,Push to Remote Branches (Practice),Remote,False,0,0,0,0
Version-2,6a64228bff79bf083c5276ee,minhcangda23tta,Keep Branches in Sync (Practice),Remote,False,0,0,0,0
Version-2,6a64228bff79bf083c5276ee,minhcangda23tta,Preparation for Merging (Practice),Remote,False,0,0,0,0
Version-2,6a64228bff79bf083c5276ee,minhcangda23tta,Creating a Pull Request (Practice),Remote,False,0,0,0,0
Version-2,6a64228bff79bf083c5276ee,minhcangda23tta,Review and Merge Pull Requests (Practice),Remote,False,0,0,0,0
Version-2,6a643ae5ff79bf083c5277a0,tranhoanglong,Game Introduction (Tutorial),Basic,True,1,3,6500,439
Version-2,6a643ae5ff79bf083c5277a0,tranhoanglong,Version Control and Git (Tutorial),Basic,True,1,4,3000,105
Version-2,6a643ae5ff79bf083c5277a0,tranhoanglong,Create Local Repository (Tutorial),Basic,True,1,4,4000,356
Version-2,6a643ae5ff79bf083c5277a0,tranhoanglong,Basic Staging Area (Tutorial),Basic,True,1,4,5000,264
Version-2,6a643ae5ff79bf083c5277a0,tranhoanglong,Advanced Staging Area (Tutorial),Basic,True,1,4,6000,140
Version-2,6a643ae5ff79bf083c5277a0,tranhoanglong,Creating First Version (Tutorial),Basic,True,1,4,16000,338
Version-2,6a643ae5ff79bf083c5277a0,tranhoanglong,Switching Project Versions (Tutorial),Basic,True,1,4,8000,249
Version-2,6a643ae5ff79bf083c5277a0,tranhoanglong,Git Branching Basics (Tutorial),Branch,True,0,0,0,0
Version-2,6a643ae5ff79bf083c5277a0,tranhoanglong,Fast-Forward Merging (Tutorial),Branch,False,0,0,0,0
Version-2,6a643ae5ff79bf083c5277a0,tranhoanglong,Auto Merging (Tutorial),Branch,False,0,0,0,0
Version-2,6a643ae5ff79bf083c5277a0,tranhoanglong,Merge Conflicts (Tutorial),Branch,False,0,0,0,0
Version-2,6a643ae5ff79bf083c5277a0,tranhoanglong,Create Remote Repository (Tutorial),Remote,False,0,0,0,0
Version-2,6a643ae5ff79bf083c5277a0,tranhoanglong,Push to Remote Branches (Tutorial),Remote,False,0,0,0,0
Version-2,6a643ae5ff79bf083c5277a0,tranhoanglong,Keep Branches in Sync (Tutorial),Remote,False,0,0,0,0
Version-2,6a643ae5ff79bf083c5277a0,tranhoanglong,Preparation for Merging (Tutorial),Remote,False,0,0,0,0
Version-2,6a643ae5ff79bf083c5277a0,tranhoanglong,Creating a Pull Request (Tutorial),Remote,False,0,0,0,0
Version-2,6a643ae5ff79bf083c5277a0,tranhoanglong,Review and Merge Pull Requests (Tutorial),Remote,False,0,0,0,0
Version-2,6a643ae5ff79bf083c5277a0,tranhoanglong,Game Introduction (Practice),Basic,True,1,3,6500,42
Version-2,6a643ae5ff79bf083c5277a0,tranhoanglong,Version Control and Git (Practice),Basic,True,1,3,6000,142
Version-2,6a643ae5ff79bf083c5277a0,tranhoanglong,Create Local Repository (Practice),Basic,True,1,4,3000,31
Version-2,6a643ae5ff79bf083c5277a0,tranhoanglong,Basic Staging Area (Practice),Basic,True,1,4,3000,408
Version-2,6a643ae5ff79bf083c5277a0,tranhoanglong,Advanced Staging Area (Practice),Basic,True,1,4,3000,74
Version-2,6a643ae5ff79bf083c5277a0,tranhoanglong,Creating First Version (Practice),Basic,True,1,4,8000,126
Version-2,6a643ae5ff79bf083c5277a0,tranhoanglong,Switching Project Versions (Practice),Basic,True,1,2,6000,782
Version-2,6a643ae5ff79bf083c5277a0,tranhoanglong,Git Branching Basics (Practice),Branch,False,0,0,0,0
Version-2,6a643ae5ff79bf083c5277a0,tranhoanglong,Fast-Forward Merging (Practice),Branch,False,0,0,0,0
Version-2,6a643ae5ff79bf083c5277a0,tranhoanglong,Auto Merging (Practice),Branch,False,0,0,0,0
Version-2,6a643ae5ff79bf083c5277a0,tranhoanglong,Merge Conflicts (Practice),Branch,False,0,0,0,0
Version-2,6a643ae5ff79bf083c5277a0,tranhoanglong,Create Remote Repository (Practice),Remote,False,0,0,0,0
Version-2,6a643ae5ff79bf083c5277a0,tranhoanglong,Push to Remote Branches (Practice),Remote,False,0,0,0,0
Version-2,6a643ae5ff79bf083c5277a0,tranhoanglong,Keep Branches in Sync (Practice),Remote,False,0,0,0,0
Version-2,6a643ae5ff79bf083c5277a0,tranhoanglong,Preparation for Merging (Practice),Remote,False,0,0,0,0
Version-2,6a643ae5ff79bf083c5277a0,tranhoanglong,Creating a Pull Request (Practice),Remote,False,0,0,0,0
Version-2,6a643ae5ff79bf083c5277a0,tranhoanglong,Review and Merge Pull Requests (Practice),Remote,False,0,0,0,0
Version-2,6a64475aff79bf083c527a7b,Thach Ngoc Phu,Game Introduction (Tutorial),Basic,True,1,3,6500,450
Version-2,6a64475aff79bf083c527a7b,Thach Ngoc Phu,Version Control and Git (Tutorial),Basic,True,0,0,0,0
Version-2,6a64475aff79bf083c527a7b,Thach Ngoc Phu,Create Local Repository (Tutorial),Basic,False,0,0,0,0
Version-2,6a64475aff79bf083c527a7b,Thach Ngoc Phu,Basic Staging Area (Tutorial),Basic,False,0,0,0,0
Version-2,6a64475aff79bf083c527a7b,Thach Ngoc Phu,Advanced Staging Area (Tutorial),Basic,False,0,0,0,0
Version-2,6a64475aff79bf083c527a7b,Thach Ngoc Phu,Creating First Version (Tutorial),Basic,False,0,0,0,0
Version-2,6a64475aff79bf083c527a7b,Thach Ngoc Phu,Switching Project Versions (Tutorial),Basic,False,0,0,0,0
Version-2,6a64475aff79bf083c527a7b,Thach Ngoc Phu,Git Branching Basics (Tutorial),Branch,False,0,0,0,0
Version-2,6a64475aff79bf083c527a7b,Thach Ngoc Phu,Fast-Forward Merging (Tutorial),Branch,False,0,0,0,0
Version-2,6a64475aff79bf083c527a7b,Thach Ngoc Phu,Auto Merging (Tutorial),Branch,False,0,0,0,0
Version-2,6a64475aff79bf083c527a7b,Thach Ngoc Phu,Merge Conflicts (Tutorial),Branch,False,0,0,0,0
Version-2,6a64475aff79bf083c527a7b,Thach Ngoc Phu,Create Remote Repository (Tutorial),Remote,False,0,0,0,0
Version-2,6a64475aff79bf083c527a7b,Thach Ngoc Phu,Push to Remote Branches (Tutorial),Remote,False,0,0,0,0
Version-2,6a64475aff79bf083c527a7b,Thach Ngoc Phu,Keep Branches in Sync (Tutorial),Remote,False,0,0,0,0
Version-2,6a64475aff79bf083c527a7b,Thach Ngoc Phu,Preparation for Merging (Tutorial),Remote,False,0,0,0,0
Version-2,6a64475aff79bf083c527a7b,Thach Ngoc Phu,Creating a Pull Request (Tutorial),Remote,False,0,0,0,0
Version-2,6a64475aff79bf083c527a7b,Thach Ngoc Phu,Review and Merge Pull Requests (Tutorial),Remote,False,0,0,0,0
Version-2,6a64475aff79bf083c527a7b,Thach Ngoc Phu,Game Introduction (Practice),Basic,True,0,0,0,0
Version-2,6a64475aff79bf083c527a7b,Thach Ngoc Phu,Version Control and Git (Practice),Basic,False,0,0,0,0
Version-2,6a64475aff79bf083c527a7b,Thach Ngoc Phu,Create Local Repository (Practice),Basic,False,0,0,0,0
Version-2,6a64475aff79bf083c527a7b,Thach Ngoc Phu,Basic Staging Area (Practice),Basic,False,0,0,0,0
Version-2,6a64475aff79bf083c527a7b,Thach Ngoc Phu,Advanced Staging Area (Practice),Basic,False,0,0,0,0
Version-2,6a64475aff79bf083c527a7b,Thach Ngoc Phu,Creating First Version (Practice),Basic,False,0,0,0,0
Version-2,6a64475aff79bf083c527a7b,Thach Ngoc Phu,Switching Project Versions (Practice),Basic,False,0,0,0,0
Version-2,6a64475aff79bf083c527a7b,Thach Ngoc Phu,Git Branching Basics (Practice),Branch,False,0,0,0,0
Version-2,6a64475aff79bf083c527a7b,Thach Ngoc Phu,Fast-Forward Merging (Practice),Branch,False,0,0,0,0
Version-2,6a64475aff79bf083c527a7b,Thach Ngoc Phu,Auto Merging (Practice),Branch,False,0,0,0,0
Version-2,6a64475aff79bf083c527a7b,Thach Ngoc Phu,Merge Conflicts (Practice),Branch,False,0,0,0,0
Version-2,6a64475aff79bf083c527a7b,Thach Ngoc Phu,Create Remote Repository (Practice),Remote,False,0,0,0,0
Version-2,6a64475aff79bf083c527a7b,Thach Ngoc Phu,Push to Remote Branches (Practice),Remote,False,0,0,0,0
Version-2,6a64475aff79bf083c527a7b,Thach Ngoc Phu,Keep Branches in Sync (Practice),Remote,False,0,0,0,0
Version-2,6a64475aff79bf083c527a7b,Thach Ngoc Phu,Preparation for Merging (Practice),Remote,False,0,0,0,0
Version-2,6a64475aff79bf083c527a7b,Thach Ngoc Phu,Creating a Pull Request (Practice),Remote,False,0,0,0,0
Version-2,6a64475aff79bf083c527a7b,Thach Ngoc Phu,Review and Merge Pull Requests (Practice),Remote,False,0,0,0,0
Version-2,6a644f77ff79bf083c527b73,TranCongHau,Game Introduction (Tutorial),Basic,True,2,4,7000,58
Version-2,6a644f77ff79bf083c527b73,TranCongHau,Version Control and Git (Tutorial),Basic,True,1,4,3000,79
Version-2,6a644f77ff79bf083c527b73,TranCongHau,Create Local Repository (Tutorial),Basic,True,1,4,4000,43
Version-2,6a644f77ff79bf083c527b73,TranCongHau,Basic Staging Area (Tutorial),Basic,True,1,4,5000,109
Version-2,6a644f77ff79bf083c527b73,TranCongHau,Advanced Staging Area (Tutorial),Basic,True,1,4,6000,241
Version-2,6a644f77ff79bf083c527b73,TranCongHau,Creating First Version (Tutorial),Basic,True,1,4,16000,294
Version-2,6a644f77ff79bf083c527b73,TranCongHau,Switching Project Versions (Tutorial),Basic,True,1,4,8000,159
Version-2,6a644f77ff79bf083c527b73,TranCongHau,Git Branching Basics (Tutorial),Branch,True,1,4,9000,309
Version-2,6a644f77ff79bf083c527b73,TranCongHau,Fast-Forward Merging (Tutorial),Branch,True,0,0,0,0
Version-2,6a644f77ff79bf083c527b73,TranCongHau,Auto Merging (Tutorial),Branch,False,0,0,0,0
Version-2,6a644f77ff79bf083c527b73,TranCongHau,Merge Conflicts (Tutorial),Branch,False,0,0,0,0
Version-2,6a644f77ff79bf083c527b73,TranCongHau,Create Remote Repository (Tutorial),Remote,False,0,0,0,0
Version-2,6a644f77ff79bf083c527b73,TranCongHau,Push to Remote Branches (Tutorial),Remote,False,0,0,0,0
Version-2,6a644f77ff79bf083c527b73,TranCongHau,Keep Branches in Sync (Tutorial),Remote,False,0,0,0,0
Version-2,6a644f77ff79bf083c527b73,TranCongHau,Preparation for Merging (Tutorial),Remote,False,0,0,0,0
Version-2,6a644f77ff79bf083c527b73,TranCongHau,Creating a Pull Request (Tutorial),Remote,False,0,0,0,0
Version-2,6a644f77ff79bf083c527b73,TranCongHau,Review and Merge Pull Requests (Tutorial),Remote,False,0,0,0,0
Version-2,6a644f77ff79bf083c527b73,TranCongHau,Game Introduction (Practice),Basic,True,1,4,7000,52
Version-2,6a644f77ff79bf083c527b73,TranCongHau,Version Control and Git (Practice),Basic,True,1,3,6000,139
Version-2,6a644f77ff79bf083c527b73,TranCongHau,Create Local Repository (Practice),Basic,True,0,0,0,0
Version-2,6a644f77ff79bf083c527b73,TranCongHau,Basic Staging Area (Practice),Basic,True,0,0,0,0
Version-2,6a644f77ff79bf083c527b73,TranCongHau,Advanced Staging Area (Practice),Basic,True,0,0,0,0
Version-2,6a644f77ff79bf083c527b73,TranCongHau,Creating First Version (Practice),Basic,True,0,0,0,0
Version-2,6a644f77ff79bf083c527b73,TranCongHau,Switching Project Versions (Practice),Basic,True,0,0,0,0
Version-2,6a644f77ff79bf083c527b73,TranCongHau,Git Branching Basics (Practice),Branch,True,0,0,0,0
Version-2,6a644f77ff79bf083c527b73,TranCongHau,Fast-Forward Merging (Practice),Branch,False,0,0,0,0
Version-2,6a644f77ff79bf083c527b73,TranCongHau,Auto Merging (Practice),Branch,False,0,0,0,0
Version-2,6a644f77ff79bf083c527b73,TranCongHau,Merge Conflicts (Practice),Branch,False,0,0,0,0
Version-2,6a644f77ff79bf083c527b73,TranCongHau,Create Remote Repository (Practice),Remote,False,0,0,0,0
Version-2,6a644f77ff79bf083c527b73,TranCongHau,Push to Remote Branches (Practice),Remote,False,0,0,0,0
Version-2,6a644f77ff79bf083c527b73,TranCongHau,Keep Branches in Sync (Practice),Remote,False,0,0,0,0
Version-2,6a644f77ff79bf083c527b73,TranCongHau,Preparation for Merging (Practice),Remote,False,0,0,0,0
Version-2,6a644f77ff79bf083c527b73,TranCongHau,Creating a Pull Request (Practice),Remote,False,0,0,0,0
Version-2,6a644f77ff79bf083c527b73,TranCongHau,Review and Merge Pull Requests (Practice),Remote,False,0,0,0,0
Version-2,6a6450f6ff79bf083c527bcc,Do Thanh Nhan,Game Introduction (Tutorial),Basic,True,0,0,0,0
Version-2,6a6450f6ff79bf083c527bcc,Do Thanh Nhan,Version Control and Git (Tutorial),Basic,False,0,0,0,0
Version-2,6a6450f6ff79bf083c527bcc,Do Thanh Nhan,Create Local Repository (Tutorial),Basic,False,0,0,0,0
Version-2,6a6450f6ff79bf083c527bcc,Do Thanh Nhan,Basic Staging Area (Tutorial),Basic,False,0,0,0,0
Version-2,6a6450f6ff79bf083c527bcc,Do Thanh Nhan,Advanced Staging Area (Tutorial),Basic,False,0,0,0,0
Version-2,6a6450f6ff79bf083c527bcc,Do Thanh Nhan,Creating First Version (Tutorial),Basic,False,0,0,0,0
Version-2,6a6450f6ff79bf083c527bcc,Do Thanh Nhan,Switching Project Versions (Tutorial),Basic,False,0,0,0,0
Version-2,6a6450f6ff79bf083c527bcc,Do Thanh Nhan,Git Branching Basics (Tutorial),Branch,False,0,0,0,0
Version-2,6a6450f6ff79bf083c527bcc,Do Thanh Nhan,Fast-Forward Merging (Tutorial),Branch,False,0,0,0,0
Version-2,6a6450f6ff79bf083c527bcc,Do Thanh Nhan,Auto Merging (Tutorial),Branch,False,0,0,0,0
Version-2,6a6450f6ff79bf083c527bcc,Do Thanh Nhan,Merge Conflicts (Tutorial),Branch,False,0,0,0,0
Version-2,6a6450f6ff79bf083c527bcc,Do Thanh Nhan,Create Remote Repository (Tutorial),Remote,False,0,0,0,0
Version-2,6a6450f6ff79bf083c527bcc,Do Thanh Nhan,Push to Remote Branches (Tutorial),Remote,False,0,0,0,0
Version-2,6a6450f6ff79bf083c527bcc,Do Thanh Nhan,Keep Branches in Sync (Tutorial),Remote,False,0,0,0,0
Version-2,6a6450f6ff79bf083c527bcc,Do Thanh Nhan,Preparation for Merging (Tutorial),Remote,False,0,0,0,0
Version-2,6a6450f6ff79bf083c527bcc,Do Thanh Nhan,Creating a Pull Request (Tutorial),Remote,False,0,0,0,0
Version-2,6a6450f6ff79bf083c527bcc,Do Thanh Nhan,Review and Merge Pull Requests (Tutorial),Remote,False,0,0,0,0
Version-2,6a6450f6ff79bf083c527bcc,Do Thanh Nhan,Game Introduction (Practice),Basic,False,0,0,0,0
Version-2,6a6450f6ff79bf083c527bcc,Do Thanh Nhan,Version Control and Git (Practice),Basic,False,0,0,0,0
Version-2,6a6450f6ff79bf083c527bcc,Do Thanh Nhan,Create Local Repository (Practice),Basic,False,0,0,0,0
Version-2,6a6450f6ff79bf083c527bcc,Do Thanh Nhan,Basic Staging Area (Practice),Basic,False,0,0,0,0
Version-2,6a6450f6ff79bf083c527bcc,Do Thanh Nhan,Advanced Staging Area (Practice),Basic,False,0,0,0,0
Version-2,6a6450f6ff79bf083c527bcc,Do Thanh Nhan,Creating First Version (Practice),Basic,False,0,0,0,0
Version-2,6a6450f6ff79bf083c527bcc,Do Thanh Nhan,Switching Project Versions (Practice),Basic,False,0,0,0,0
Version-2,6a6450f6ff79bf083c527bcc,Do Thanh Nhan,Git Branching Basics (Practice),Branch,False,0,0,0,0
Version-2,6a6450f6ff79bf083c527bcc,Do Thanh Nhan,Fast-Forward Merging (Practice),Branch,False,0,0,0,0
Version-2,6a6450f6ff79bf083c527bcc,Do Thanh Nhan,Auto Merging (Practice),Branch,False,0,0,0,0
Version-2,6a6450f6ff79bf083c527bcc,Do Thanh Nhan,Merge Conflicts (Practice),Branch,False,0,0,0,0
Version-2,6a6450f6ff79bf083c527bcc,Do Thanh Nhan,Create Remote Repository (Practice),Remote,False,0,0,0,0
Version-2,6a6450f6ff79bf083c527bcc,Do Thanh Nhan,Push to Remote Branches (Practice),Remote,False,0,0,0,0
Version-2,6a6450f6ff79bf083c527bcc,Do Thanh Nhan,Keep Branches in Sync (Practice),Remote,False,0,0,0,0
Version-2,6a6450f6ff79bf083c527bcc,Do Thanh Nhan,Preparation for Merging (Practice),Remote,False,0,0,0,0
Version-2,6a6450f6ff79bf083c527bcc,Do Thanh Nhan,Creating a Pull Request (Practice),Remote,False,0,0,0,0
Version-2,6a6450f6ff79bf083c527bcc,Do Thanh Nhan,Review and Merge Pull Requests (Practice),Remote,False,0,0,0,0
Version-2,6a64647aff79bf083c527c7f,dat,Game Introduction (Tutorial),Basic,True,1,2,6000,285
Version-2,6a64647aff79bf083c527c7f,dat,Version Control and Git (Tutorial),Basic,True,0,0,0,0
Version-2,6a64647aff79bf083c527c7f,dat,Create Local Repository (Tutorial),Basic,False,0,0,0,0
Version-2,6a64647aff79bf083c527c7f,dat,Basic Staging Area (Tutorial),Basic,False,0,0,0,0
Version-2,6a64647aff79bf083c527c7f,dat,Advanced Staging Area (Tutorial),Basic,False,0,0,0,0
Version-2,6a64647aff79bf083c527c7f,dat,Creating First Version (Tutorial),Basic,False,0,0,0,0
Version-2,6a64647aff79bf083c527c7f,dat,Switching Project Versions (Tutorial),Basic,False,0,0,0,0
Version-2,6a64647aff79bf083c527c7f,dat,Git Branching Basics (Tutorial),Branch,False,0,0,0,0
Version-2,6a64647aff79bf083c527c7f,dat,Fast-Forward Merging (Tutorial),Branch,False,0,0,0,0
Version-2,6a64647aff79bf083c527c7f,dat,Auto Merging (Tutorial),Branch,False,0,0,0,0
Version-2,6a64647aff79bf083c527c7f,dat,Merge Conflicts (Tutorial),Branch,False,0,0,0,0
Version-2,6a64647aff79bf083c527c7f,dat,Create Remote Repository (Tutorial),Remote,False,0,0,0,0
Version-2,6a64647aff79bf083c527c7f,dat,Push to Remote Branches (Tutorial),Remote,False,0,0,0,0
Version-2,6a64647aff79bf083c527c7f,dat,Keep Branches in Sync (Tutorial),Remote,False,0,0,0,0
Version-2,6a64647aff79bf083c527c7f,dat,Preparation for Merging (Tutorial),Remote,False,0,0,0,0
Version-2,6a64647aff79bf083c527c7f,dat,Creating a Pull Request (Tutorial),Remote,False,0,0,0,0
Version-2,6a64647aff79bf083c527c7f,dat,Review and Merge Pull Requests (Tutorial),Remote,False,0,0,0,0
Version-2,6a64647aff79bf083c527c7f,dat,Game Introduction (Practice),Basic,True,0,0,0,0
Version-2,6a64647aff79bf083c527c7f,dat,Version Control and Git (Practice),Basic,False,0,0,0,0
Version-2,6a64647aff79bf083c527c7f,dat,Create Local Repository (Practice),Basic,False,0,0,0,0
Version-2,6a64647aff79bf083c527c7f,dat,Basic Staging Area (Practice),Basic,False,0,0,0,0
Version-2,6a64647aff79bf083c527c7f,dat,Advanced Staging Area (Practice),Basic,False,0,0,0,0
Version-2,6a64647aff79bf083c527c7f,dat,Creating First Version (Practice),Basic,False,0,0,0,0
Version-2,6a64647aff79bf083c527c7f,dat,Switching Project Versions (Practice),Basic,False,0,0,0,0
Version-2,6a64647aff79bf083c527c7f,dat,Git Branching Basics (Practice),Branch,False,0,0,0,0
Version-2,6a64647aff79bf083c527c7f,dat,Fast-Forward Merging (Practice),Branch,False,0,0,0,0
Version-2,6a64647aff79bf083c527c7f,dat,Auto Merging (Practice),Branch,False,0,0,0,0
Version-2,6a64647aff79bf083c527c7f,dat,Merge Conflicts (Practice),Branch,False,0,0,0,0
Version-2,6a64647aff79bf083c527c7f,dat,Create Remote Repository (Practice),Remote,False,0,0,0,0
Version-2,6a64647aff79bf083c527c7f,dat,Push to Remote Branches (Practice),Remote,False,0,0,0,0
Version-2,6a64647aff79bf083c527c7f,dat,Keep Branches in Sync (Practice),Remote,False,0,0,0,0
Version-2,6a64647aff79bf083c527c7f,dat,Preparation for Merging (Practice),Remote,False,0,0,0,0
Version-2,6a64647aff79bf083c527c7f,dat,Creating a Pull Request (Practice),Remote,False,0,0,0,0
Version-2,6a64647aff79bf083c527c7f,dat,Review and Merge Pull Requests (Practice),Remote,False,0,0,0,0
Version-2,6a6464afff79bf083c527c87,tranhoangoanh,Game Introduction (Tutorial),Basic,True,1,3,6250,452
Version-2,6a6464afff79bf083c527c87,tranhoangoanh,Version Control and Git (Tutorial),Basic,True,1,4,3000,105
Version-2,6a6464afff79bf083c527c87,tranhoangoanh,Create Local Repository (Tutorial),Basic,True,1,4,4000,53
Version-2,6a6464afff79bf083c527c87,tranhoangoanh,Basic Staging Area (Tutorial),Basic,True,1,4,5000,358
Version-2,6a6464afff79bf083c527c87,tranhoangoanh,Advanced Staging Area (Tutorial),Basic,True,1,2,5000,222
Version-2,6a6464afff79bf083c527c87,tranhoangoanh,Creating First Version (Tutorial),Basic,True,1,4,16000,678
Version-2,6a6464afff79bf083c527c87,tranhoangoanh,Switching Project Versions (Tutorial),Basic,True,0,0,0,0
Version-2,6a6464afff79bf083c527c87,tranhoangoanh,Git Branching Basics (Tutorial),Branch,False,0,0,0,0
Version-2,6a6464afff79bf083c527c87,tranhoangoanh,Fast-Forward Merging (Tutorial),Branch,False,0,0,0,0
Version-2,6a6464afff79bf083c527c87,tranhoangoanh,Auto Merging (Tutorial),Branch,False,0,0,0,0
Version-2,6a6464afff79bf083c527c87,tranhoangoanh,Merge Conflicts (Tutorial),Branch,False,0,0,0,0
Version-2,6a6464afff79bf083c527c87,tranhoangoanh,Create Remote Repository (Tutorial),Remote,False,0,0,0,0
Version-2,6a6464afff79bf083c527c87,tranhoangoanh,Push to Remote Branches (Tutorial),Remote,False,0,0,0,0
Version-2,6a6464afff79bf083c527c87,tranhoangoanh,Keep Branches in Sync (Tutorial),Remote,False,0,0,0,0
Version-2,6a6464afff79bf083c527c87,tranhoangoanh,Preparation for Merging (Tutorial),Remote,False,0,0,0,0
Version-2,6a6464afff79bf083c527c87,tranhoangoanh,Creating a Pull Request (Tutorial),Remote,False,0,0,0,0
Version-2,6a6464afff79bf083c527c87,tranhoangoanh,Review and Merge Pull Requests (Tutorial),Remote,False,0,0,0,0
Version-2,6a6464afff79bf083c527c87,tranhoangoanh,Game Introduction (Practice),Basic,True,0,0,0,0
Version-2,6a6464afff79bf083c527c87,tranhoangoanh,Version Control and Git (Practice),Basic,True,0,0,0,0
Version-2,6a6464afff79bf083c527c87,tranhoangoanh,Create Local Repository (Practice),Basic,True,0,0,0,0
Version-2,6a6464afff79bf083c527c87,tranhoangoanh,Basic Staging Area (Practice),Basic,True,0,0,0,0
Version-2,6a6464afff79bf083c527c87,tranhoangoanh,Advanced Staging Area (Practice),Basic,True,0,0,0,0
Version-2,6a6464afff79bf083c527c87,tranhoangoanh,Creating First Version (Practice),Basic,True,0,0,0,0
Version-2,6a6464afff79bf083c527c87,tranhoangoanh,Switching Project Versions (Practice),Basic,False,0,0,0,0
Version-2,6a6464afff79bf083c527c87,tranhoangoanh,Git Branching Basics (Practice),Branch,False,0,0,0,0
Version-2,6a6464afff79bf083c527c87,tranhoangoanh,Fast-Forward Merging (Practice),Branch,False,0,0,0,0
Version-2,6a6464afff79bf083c527c87,tranhoangoanh,Auto Merging (Practice),Branch,False,0,0,0,0
Version-2,6a6464afff79bf083c527c87,tranhoangoanh,Merge Conflicts (Practice),Branch,False,0,0,0,0
Version-2,6a6464afff79bf083c527c87,tranhoangoanh,Create Remote Repository (Practice),Remote,False,0,0,0,0
Version-2,6a6464afff79bf083c527c87,tranhoangoanh,Push to Remote Branches (Practice),Remote,False,0,0,0,0
Version-2,6a6464afff79bf083c527c87,tranhoangoanh,Keep Branches in Sync (Practice),Remote,False,0,0,0,0
Version-2,6a6464afff79bf083c527c87,tranhoangoanh,Preparation for Merging (Practice),Remote,False,0,0,0,0
Version-2,6a6464afff79bf083c527c87,tranhoangoanh,Creating a Pull Request (Practice),Remote,False,0,0,0,0
Version-2,6a6464afff79bf083c527c87,tranhoangoanh,Review and Merge Pull Requests (Practice),Remote,False,0,0,0,0
Version-2,6a64669dff79bf083c527cc8,PhanHoangDinh,Game Introduction (Tutorial),Basic,True,1,1,2750,571
Version-2,6a64669dff79bf083c527cc8,PhanHoangDinh,Version Control and Git (Tutorial),Basic,True,0,0,0,0
Version-2,6a64669dff79bf083c527cc8,PhanHoangDinh,Create Local Repository (Tutorial),Basic,False,0,0,0,0
Version-2,6a64669dff79bf083c527cc8,PhanHoangDinh,Basic Staging Area (Tutorial),Basic,False,0,0,0,0
Version-2,6a64669dff79bf083c527cc8,PhanHoangDinh,Advanced Staging Area (Tutorial),Basic,False,0,0,0,0
Version-2,6a64669dff79bf083c527cc8,PhanHoangDinh,Creating First Version (Tutorial),Basic,False,0,0,0,0
Version-2,6a64669dff79bf083c527cc8,PhanHoangDinh,Switching Project Versions (Tutorial),Basic,False,0,0,0,0
Version-2,6a64669dff79bf083c527cc8,PhanHoangDinh,Git Branching Basics (Tutorial),Branch,False,0,0,0,0
Version-2,6a64669dff79bf083c527cc8,PhanHoangDinh,Fast-Forward Merging (Tutorial),Branch,False,0,0,0,0
Version-2,6a64669dff79bf083c527cc8,PhanHoangDinh,Auto Merging (Tutorial),Branch,False,0,0,0,0
Version-2,6a64669dff79bf083c527cc8,PhanHoangDinh,Merge Conflicts (Tutorial),Branch,False,0,0,0,0
Version-2,6a64669dff79bf083c527cc8,PhanHoangDinh,Create Remote Repository (Tutorial),Remote,False,0,0,0,0
Version-2,6a64669dff79bf083c527cc8,PhanHoangDinh,Push to Remote Branches (Tutorial),Remote,False,0,0,0,0
Version-2,6a64669dff79bf083c527cc8,PhanHoangDinh,Keep Branches in Sync (Tutorial),Remote,False,0,0,0,0
Version-2,6a64669dff79bf083c527cc8,PhanHoangDinh,Preparation for Merging (Tutorial),Remote,False,0,0,0,0
Version-2,6a64669dff79bf083c527cc8,PhanHoangDinh,Creating a Pull Request (Tutorial),Remote,False,0,0,0,0
Version-2,6a64669dff79bf083c527cc8,PhanHoangDinh,Review and Merge Pull Requests (Tutorial),Remote,False,0,0,0,0
Version-2,6a64669dff79bf083c527cc8,PhanHoangDinh,Game Introduction (Practice),Basic,True,0,0,0,0
Version-2,6a64669dff79bf083c527cc8,PhanHoangDinh,Version Control and Git (Practice),Basic,False,0,0,0,0
Version-2,6a64669dff79bf083c527cc8,PhanHoangDinh,Create Local Repository (Practice),Basic,False,0,0,0,0
Version-2,6a64669dff79bf083c527cc8,PhanHoangDinh,Basic Staging Area (Practice),Basic,False,0,0,0,0
Version-2,6a64669dff79bf083c527cc8,PhanHoangDinh,Advanced Staging Area (Practice),Basic,False,0,0,0,0
Version-2,6a64669dff79bf083c527cc8,PhanHoangDinh,Creating First Version (Practice),Basic,False,0,0,0,0
Version-2,6a64669dff79bf083c527cc8,PhanHoangDinh,Switching Project Versions (Practice),Basic,False,0,0,0,0
Version-2,6a64669dff79bf083c527cc8,PhanHoangDinh,Git Branching Basics (Practice),Branch,False,0,0,0,0
Version-2,6a64669dff79bf083c527cc8,PhanHoangDinh,Fast-Forward Merging (Practice),Branch,False,0,0,0,0
Version-2,6a64669dff79bf083c527cc8,PhanHoangDinh,Auto Merging (Practice),Branch,False,0,0,0,0
Version-2,6a64669dff79bf083c527cc8,PhanHoangDinh,Merge Conflicts (Practice),Branch,False,0,0,0,0
Version-2,6a64669dff79bf083c527cc8,PhanHoangDinh,Create Remote Repository (Practice),Remote,False,0,0,0,0
Version-2,6a64669dff79bf083c527cc8,PhanHoangDinh,Push to Remote Branches (Practice),Remote,False,0,0,0,0
Version-2,6a64669dff79bf083c527cc8,PhanHoangDinh,Keep Branches in Sync (Practice),Remote,False,0,0,0,0
Version-2,6a64669dff79bf083c527cc8,PhanHoangDinh,Preparation for Merging (Practice),Remote,False,0,0,0,0
Version-2,6a64669dff79bf083c527cc8,PhanHoangDinh,Creating a Pull Request (Practice),Remote,False,0,0,0,0
Version-2,6a64669dff79bf083c527cc8,PhanHoangDinh,Review and Merge Pull Requests (Practice),Remote,False,0,0,0,0
Version-2,6a6467faff79bf083c527cf4,TranVuNgocHuynh,Game Introduction (Tutorial),Basic,True,2,4,7000,54
Version-2,6a6467faff79bf083c527cf4,TranVuNgocHuynh,Version Control and Git (Tutorial),Basic,True,1,4,3000,157
Version-2,6a6467faff79bf083c527cf4,TranVuNgocHuynh,Create Local Repository (Tutorial),Basic,True,2,4,4000,33
Version-2,6a6467faff79bf083c527cf4,TranVuNgocHuynh,Basic Staging Area (Tutorial),Basic,True,1,4,5000,231
Version-2,6a6467faff79bf083c527cf4,TranVuNgocHuynh,Advanced Staging Area (Tutorial),Basic,True,1,4,6000,295
Version-2,6a6467faff79bf083c527cf4,TranVuNgocHuynh,Creating First Version (Tutorial),Basic,True,1,4,16000,281
Version-2,6a6467faff79bf083c527cf4,TranVuNgocHuynh,Switching Project Versions (Tutorial),Basic,True,1,4,8000,243
Version-2,6a6467faff79bf083c527cf4,TranVuNgocHuynh,Git Branching Basics (Tutorial),Branch,True,0,0,0,0
Version-2,6a6467faff79bf083c527cf4,TranVuNgocHuynh,Fast-Forward Merging (Tutorial),Branch,False,0,0,0,0
Version-2,6a6467faff79bf083c527cf4,TranVuNgocHuynh,Auto Merging (Tutorial),Branch,False,0,0,0,0
Version-2,6a6467faff79bf083c527cf4,TranVuNgocHuynh,Merge Conflicts (Tutorial),Branch,False,0,0,0,0
Version-2,6a6467faff79bf083c527cf4,TranVuNgocHuynh,Create Remote Repository (Tutorial),Remote,False,0,0,0,0
Version-2,6a6467faff79bf083c527cf4,TranVuNgocHuynh,Push to Remote Branches (Tutorial),Remote,False,0,0,0,0
Version-2,6a6467faff79bf083c527cf4,TranVuNgocHuynh,Keep Branches in Sync (Tutorial),Remote,False,0,0,0,0
Version-2,6a6467faff79bf083c527cf4,TranVuNgocHuynh,Preparation for Merging (Tutorial),Remote,False,0,0,0,0
Version-2,6a6467faff79bf083c527cf4,TranVuNgocHuynh,Creating a Pull Request (Tutorial),Remote,False,0,0,0,0
Version-2,6a6467faff79bf083c527cf4,TranVuNgocHuynh,Review and Merge Pull Requests (Tutorial),Remote,False,0,0,0,0
Version-2,6a6467faff79bf083c527cf4,TranVuNgocHuynh,Game Introduction (Practice),Basic,True,1,4,7000,38
Version-2,6a6467faff79bf083c527cf4,TranVuNgocHuynh,Version Control and Git (Practice),Basic,True,1,4,7000,171
Version-2,6a6467faff79bf083c527cf4,TranVuNgocHuynh,Create Local Repository (Practice),Basic,True,0,0,0,0
Version-2,6a6467faff79bf083c527cf4,TranVuNgocHuynh,Basic Staging Area (Practice),Basic,True,0,0,0,0
Version-2,6a6467faff79bf083c527cf4,TranVuNgocHuynh,Advanced Staging Area (Practice),Basic,True,0,0,0,0
Version-2,6a6467faff79bf083c527cf4,TranVuNgocHuynh,Creating First Version (Practice),Basic,True,0,0,0,0
Version-2,6a6467faff79bf083c527cf4,TranVuNgocHuynh,Switching Project Versions (Practice),Basic,True,0,0,0,0
Version-2,6a6467faff79bf083c527cf4,TranVuNgocHuynh,Git Branching Basics (Practice),Branch,False,0,0,0,0
Version-2,6a6467faff79bf083c527cf4,TranVuNgocHuynh,Fast-Forward Merging (Practice),Branch,False,0,0,0,0
Version-2,6a6467faff79bf083c527cf4,TranVuNgocHuynh,Auto Merging (Practice),Branch,False,0,0,0,0
Version-2,6a6467faff79bf083c527cf4,TranVuNgocHuynh,Merge Conflicts (Practice),Branch,False,0,0,0,0
Version-2,6a6467faff79bf083c527cf4,TranVuNgocHuynh,Create Remote Repository (Practice),Remote,False,0,0,0,0
Version-2,6a6467faff79bf083c527cf4,TranVuNgocHuynh,Push to Remote Branches (Practice),Remote,False,0,0,0,0
Version-2,6a6467faff79bf083c527cf4,TranVuNgocHuynh,Keep Branches in Sync (Practice),Remote,False,0,0,0,0
Version-2,6a6467faff79bf083c527cf4,TranVuNgocHuynh,Preparation for Merging (Practice),Remote,False,0,0,0,0
Version-2,6a6467faff79bf083c527cf4,TranVuNgocHuynh,Creating a Pull Request (Practice),Remote,False,0,0,0,0
Version-2,6a6467faff79bf083c527cf4,TranVuNgocHuynh,Review and Merge Pull Requests (Practice),Remote,False,0,0,0,0
Version-2,6a646bfeff79bf083c527e4a,huynhduongtanphat,Game Introduction (Tutorial),Basic,True,1,3,6750,327
Version-2,6a646bfeff79bf083c527e4a,huynhduongtanphat,Version Control and Git (Tutorial),Basic,True,1,2,1000,156
Version-2,6a646bfeff79bf083c527e4a,huynhduongtanphat,Create Local Repository (Tutorial),Basic,True,1,3,3750,124
Version-2,6a646bfeff79bf083c527e4a,huynhduongtanphat,Basic Staging Area (Tutorial),Basic,True,1,4,5000,135
Version-2,6a646bfeff79bf083c527e4a,huynhduongtanphat,Advanced Staging Area (Tutorial),Basic,True,1,4,6000,486
Version-2,6a646bfeff79bf083c527e4a,huynhduongtanphat,Creating First Version (Tutorial),Basic,True,1,4,16000,272
Version-2,6a646bfeff79bf083c527e4a,huynhduongtanphat,Switching Project Versions (Tutorial),Basic,True,0,0,0,0
Version-2,6a646bfeff79bf083c527e4a,huynhduongtanphat,Git Branching Basics (Tutorial),Branch,False,0,0,0,0
Version-2,6a646bfeff79bf083c527e4a,huynhduongtanphat,Fast-Forward Merging (Tutorial),Branch,False,0,0,0,0
Version-2,6a646bfeff79bf083c527e4a,huynhduongtanphat,Auto Merging (Tutorial),Branch,False,0,0,0,0
Version-2,6a646bfeff79bf083c527e4a,huynhduongtanphat,Merge Conflicts (Tutorial),Branch,False,0,0,0,0
Version-2,6a646bfeff79bf083c527e4a,huynhduongtanphat,Create Remote Repository (Tutorial),Remote,False,0,0,0,0
Version-2,6a646bfeff79bf083c527e4a,huynhduongtanphat,Push to Remote Branches (Tutorial),Remote,False,0,0,0,0
Version-2,6a646bfeff79bf083c527e4a,huynhduongtanphat,Keep Branches in Sync (Tutorial),Remote,False,0,0,0,0
Version-2,6a646bfeff79bf083c527e4a,huynhduongtanphat,Preparation for Merging (Tutorial),Remote,False,0,0,0,0
Version-2,6a646bfeff79bf083c527e4a,huynhduongtanphat,Creating a Pull Request (Tutorial),Remote,False,0,0,0,0
Version-2,6a646bfeff79bf083c527e4a,huynhduongtanphat,Review and Merge Pull Requests (Tutorial),Remote,False,0,0,0,0
Version-2,6a646bfeff79bf083c527e4a,huynhduongtanphat,Game Introduction (Practice),Basic,True,0,0,0,0
Version-2,6a646bfeff79bf083c527e4a,huynhduongtanphat,Version Control and Git (Practice),Basic,True,0,0,0,0
Version-2,6a646bfeff79bf083c527e4a,huynhduongtanphat,Create Local Repository (Practice),Basic,True,0,0,0,0
Version-2,6a646bfeff79bf083c527e4a,huynhduongtanphat,Basic Staging Area (Practice),Basic,True,0,0,0,0
Version-2,6a646bfeff79bf083c527e4a,huynhduongtanphat,Advanced Staging Area (Practice),Basic,True,0,0,0,0
Version-2,6a646bfeff79bf083c527e4a,huynhduongtanphat,Creating First Version (Practice),Basic,True,0,0,0,0
Version-2,6a646bfeff79bf083c527e4a,huynhduongtanphat,Switching Project Versions (Practice),Basic,False,0,0,0,0
Version-2,6a646bfeff79bf083c527e4a,huynhduongtanphat,Git Branching Basics (Practice),Branch,False,0,0,0,0
Version-2,6a646bfeff79bf083c527e4a,huynhduongtanphat,Fast-Forward Merging (Practice),Branch,False,0,0,0,0
Version-2,6a646bfeff79bf083c527e4a,huynhduongtanphat,Auto Merging (Practice),Branch,False,0,0,0,0
Version-2,6a646bfeff79bf083c527e4a,huynhduongtanphat,Merge Conflicts (Practice),Branch,False,0,0,0,0
Version-2,6a646bfeff79bf083c527e4a,huynhduongtanphat,Create Remote Repository (Practice),Remote,False,0,0,0,0
Version-2,6a646bfeff79bf083c527e4a,huynhduongtanphat,Push to Remote Branches (Practice),Remote,False,0,0,0,0
Version-2,6a646bfeff79bf083c527e4a,huynhduongtanphat,Keep Branches in Sync (Practice),Remote,False,0,0,0,0
Version-2,6a646bfeff79bf083c527e4a,huynhduongtanphat,Preparation for Merging (Practice),Remote,False,0,0,0,0
Version-2,6a646bfeff79bf083c527e4a,huynhduongtanphat,Creating a Pull Request (Practice),Remote,False,0,0,0,0
Version-2,6a646bfeff79bf083c527e4a,huynhduongtanphat,Review and Merge Pull Requests (Practice),Remote,False,0,0,0,0
Version-2,6a6474aeff79bf083c5280ee,Le Trung Hieu,Game Introduction (Tutorial),Basic,True,2,4,7000,69
Version-2,6a6474aeff79bf083c5280ee,Le Trung Hieu,Version Control and Git (Tutorial),Basic,True,0,0,0,0
Version-2,6a6474aeff79bf083c5280ee,Le Trung Hieu,Create Local Repository (Tutorial),Basic,False,0,0,0,0
Version-2,6a6474aeff79bf083c5280ee,Le Trung Hieu,Basic Staging Area (Tutorial),Basic,False,0,0,0,0
Version-2,6a6474aeff79bf083c5280ee,Le Trung Hieu,Advanced Staging Area (Tutorial),Basic,False,0,0,0,0
Version-2,6a6474aeff79bf083c5280ee,Le Trung Hieu,Creating First Version (Tutorial),Basic,False,0,0,0,0
Version-2,6a6474aeff79bf083c5280ee,Le Trung Hieu,Switching Project Versions (Tutorial),Basic,False,0,0,0,0
Version-2,6a6474aeff79bf083c5280ee,Le Trung Hieu,Git Branching Basics (Tutorial),Branch,False,0,0,0,0
Version-2,6a6474aeff79bf083c5280ee,Le Trung Hieu,Fast-Forward Merging (Tutorial),Branch,False,0,0,0,0
Version-2,6a6474aeff79bf083c5280ee,Le Trung Hieu,Auto Merging (Tutorial),Branch,False,0,0,0,0
Version-2,6a6474aeff79bf083c5280ee,Le Trung Hieu,Merge Conflicts (Tutorial),Branch,False,0,0,0,0
Version-2,6a6474aeff79bf083c5280ee,Le Trung Hieu,Create Remote Repository (Tutorial),Remote,False,0,0,0,0
Version-2,6a6474aeff79bf083c5280ee,Le Trung Hieu,Push to Remote Branches (Tutorial),Remote,False,0,0,0,0
Version-2,6a6474aeff79bf083c5280ee,Le Trung Hieu,Keep Branches in Sync (Tutorial),Remote,False,0,0,0,0
Version-2,6a6474aeff79bf083c5280ee,Le Trung Hieu,Preparation for Merging (Tutorial),Remote,False,0,0,0,0
Version-2,6a6474aeff79bf083c5280ee,Le Trung Hieu,Creating a Pull Request (Tutorial),Remote,False,0,0,0,0
Version-2,6a6474aeff79bf083c5280ee,Le Trung Hieu,Review and Merge Pull Requests (Tutorial),Remote,False,0,0,0,0
Version-2,6a6474aeff79bf083c5280ee,Le Trung Hieu,Game Introduction (Practice),Basic,True,0,0,0,0
Version-2,6a6474aeff79bf083c5280ee,Le Trung Hieu,Version Control and Git (Practice),Basic,False,0,0,0,0
Version-2,6a6474aeff79bf083c5280ee,Le Trung Hieu,Create Local Repository (Practice),Basic,False,0,0,0,0
Version-2,6a6474aeff79bf083c5280ee,Le Trung Hieu,Basic Staging Area (Practice),Basic,False,0,0,0,0
Version-2,6a6474aeff79bf083c5280ee,Le Trung Hieu,Advanced Staging Area (Practice),Basic,False,0,0,0,0
Version-2,6a6474aeff79bf083c5280ee,Le Trung Hieu,Creating First Version (Practice),Basic,False,0,0,0,0
Version-2,6a6474aeff79bf083c5280ee,Le Trung Hieu,Switching Project Versions (Practice),Basic,False,0,0,0,0
Version-2,6a6474aeff79bf083c5280ee,Le Trung Hieu,Git Branching Basics (Practice),Branch,False,0,0,0,0
Version-2,6a6474aeff79bf083c5280ee,Le Trung Hieu,Fast-Forward Merging (Practice),Branch,False,0,0,0,0
Version-2,6a6474aeff79bf083c5280ee,Le Trung Hieu,Auto Merging (Practice),Branch,False,0,0,0,0
Version-2,6a6474aeff79bf083c5280ee,Le Trung Hieu,Merge Conflicts (Practice),Branch,False,0,0,0,0
Version-2,6a6474aeff79bf083c5280ee,Le Trung Hieu,Create Remote Repository (Practice),Remote,False,0,0,0,0
Version-2,6a6474aeff79bf083c5280ee,Le Trung Hieu,Push to Remote Branches (Practice),Remote,False,0,0,0,0
Version-2,6a6474aeff79bf083c5280ee,Le Trung Hieu,Keep Branches in Sync (Practice),Remote,False,0,0,0,0
Version-2,6a6474aeff79bf083c5280ee,Le Trung Hieu,Preparation for Merging (Practice),Remote,False,0,0,0,0
Version-2,6a6474aeff79bf083c5280ee,Le Trung Hieu,Creating a Pull Request (Practice),Remote,False,0,0,0,0
Version-2,6a6474aeff79bf083c5280ee,Le Trung Hieu,Review and Merge Pull Requests (Practice),Remote,False,0,0,0,0
Version-2,6a64755bff79bf083c528156,NguyenNhatTan,Game Introduction (Tutorial),Basic,True,0,0,0,0
Version-2,6a64755bff79bf083c528156,NguyenNhatTan,Version Control and Git (Tutorial),Basic,False,0,0,0,0
Version-2,6a64755bff79bf083c528156,NguyenNhatTan,Create Local Repository (Tutorial),Basic,False,0,0,0,0
Version-2,6a64755bff79bf083c528156,NguyenNhatTan,Basic Staging Area (Tutorial),Basic,False,0,0,0,0
Version-2,6a64755bff79bf083c528156,NguyenNhatTan,Advanced Staging Area (Tutorial),Basic,False,0,0,0,0
Version-2,6a64755bff79bf083c528156,NguyenNhatTan,Creating First Version (Tutorial),Basic,False,0,0,0,0
Version-2,6a64755bff79bf083c528156,NguyenNhatTan,Switching Project Versions (Tutorial),Basic,False,0,0,0,0
Version-2,6a64755bff79bf083c528156,NguyenNhatTan,Git Branching Basics (Tutorial),Branch,False,0,0,0,0
Version-2,6a64755bff79bf083c528156,NguyenNhatTan,Fast-Forward Merging (Tutorial),Branch,False,0,0,0,0
Version-2,6a64755bff79bf083c528156,NguyenNhatTan,Auto Merging (Tutorial),Branch,False,0,0,0,0
Version-2,6a64755bff79bf083c528156,NguyenNhatTan,Merge Conflicts (Tutorial),Branch,False,0,0,0,0
Version-2,6a64755bff79bf083c528156,NguyenNhatTan,Create Remote Repository (Tutorial),Remote,False,0,0,0,0
Version-2,6a64755bff79bf083c528156,NguyenNhatTan,Push to Remote Branches (Tutorial),Remote,False,0,0,0,0
Version-2,6a64755bff79bf083c528156,NguyenNhatTan,Keep Branches in Sync (Tutorial),Remote,False,0,0,0,0
Version-2,6a64755bff79bf083c528156,NguyenNhatTan,Preparation for Merging (Tutorial),Remote,False,0,0,0,0
Version-2,6a64755bff79bf083c528156,NguyenNhatTan,Creating a Pull Request (Tutorial),Remote,False,0,0,0,0
Version-2,6a64755bff79bf083c528156,NguyenNhatTan,Review and Merge Pull Requests (Tutorial),Remote,False,0,0,0,0
Version-2,6a64755bff79bf083c528156,NguyenNhatTan,Game Introduction (Practice),Basic,False,0,0,0,0
Version-2,6a64755bff79bf083c528156,NguyenNhatTan,Version Control and Git (Practice),Basic,False,0,0,0,0
Version-2,6a64755bff79bf083c528156,NguyenNhatTan,Create Local Repository (Practice),Basic,False,0,0,0,0
Version-2,6a64755bff79bf083c528156,NguyenNhatTan,Basic Staging Area (Practice),Basic,False,0,0,0,0
Version-2,6a64755bff79bf083c528156,NguyenNhatTan,Advanced Staging Area (Practice),Basic,False,0,0,0,0
Version-2,6a64755bff79bf083c528156,NguyenNhatTan,Creating First Version (Practice),Basic,False,0,0,0,0
Version-2,6a64755bff79bf083c528156,NguyenNhatTan,Switching Project Versions (Practice),Basic,False,0,0,0,0
Version-2,6a64755bff79bf083c528156,NguyenNhatTan,Git Branching Basics (Practice),Branch,False,0,0,0,0
Version-2,6a64755bff79bf083c528156,NguyenNhatTan,Fast-Forward Merging (Practice),Branch,False,0,0,0,0
Version-2,6a64755bff79bf083c528156,NguyenNhatTan,Auto Merging (Practice),Branch,False,0,0,0,0
Version-2,6a64755bff79bf083c528156,NguyenNhatTan,Merge Conflicts (Practice),Branch,False,0,0,0,0
Version-2,6a64755bff79bf083c528156,NguyenNhatTan,Create Remote Repository (Practice),Remote,False,0,0,0,0
Version-2,6a64755bff79bf083c528156,NguyenNhatTan,Push to Remote Branches (Practice),Remote,False,0,0,0,0
Version-2,6a64755bff79bf083c528156,NguyenNhatTan,Keep Branches in Sync (Practice),Remote,False,0,0,0,0
Version-2,6a64755bff79bf083c528156,NguyenNhatTan,Preparation for Merging (Practice),Remote,False,0,0,0,0
Version-2,6a64755bff79bf083c528156,NguyenNhatTan,Creating a Pull Request (Practice),Remote,False,0,0,0,0
Version-2,6a64755bff79bf083c528156,NguyenNhatTan,Review and Merge Pull Requests (Practice),Remote,False,0,0,0,0
Version-2,6a6477b9ff79bf083c528300,Le trung hieu,Game Introduction (Tutorial),Basic,True,3,4,7000,48
Version-2,6a6477b9ff79bf083c528300,Le trung hieu,Version Control and Git (Tutorial),Basic,True,2,4,3000,47
Version-2,6a6477b9ff79bf083c528300,Le trung hieu,Create Local Repository (Tutorial),Basic,True,2,4,4000,35
Version-2,6a6477b9ff79bf083c528300,Le trung hieu,Basic Staging Area (Tutorial),Basic,True,2,4,5000,67
Version-2,6a6477b9ff79bf083c528300,Le trung hieu,Advanced Staging Area (Tutorial),Basic,True,1,4,6000,87
Version-2,6a6477b9ff79bf083c528300,Le trung hieu,Creating First Version (Tutorial),Basic,True,1,4,16000,195
Version-2,6a6477b9ff79bf083c528300,Le trung hieu,Switching Project Versions (Tutorial),Basic,True,1,4,8000,98
Version-2,6a6477b9ff79bf083c528300,Le trung hieu,Git Branching Basics (Tutorial),Branch,True,1,4,9000,166
Version-2,6a6477b9ff79bf083c528300,Le trung hieu,Fast-Forward Merging (Tutorial),Branch,True,1,4,6000,152
Version-2,6a6477b9ff79bf083c528300,Le trung hieu,Auto Merging (Tutorial),Branch,True,1,4,8000,159
Version-2,6a6477b9ff79bf083c528300,Le trung hieu,Merge Conflicts (Tutorial),Branch,True,1,4,7000,135
Version-2,6a6477b9ff79bf083c528300,Le trung hieu,Create Remote Repository (Tutorial),Remote,True,1,4,6000,80
Version-2,6a6477b9ff79bf083c528300,Le trung hieu,Push to Remote Branches (Tutorial),Remote,True,1,4,6000,149
Version-2,6a6477b9ff79bf083c528300,Le trung hieu,Keep Branches in Sync (Tutorial),Remote,True,1,3,4500,223
Version-2,6a6477b9ff79bf083c528300,Le trung hieu,Preparation for Merging (Tutorial),Remote,True,1,4,8000,169
Version-2,6a6477b9ff79bf083c528300,Le trung hieu,Creating a Pull Request (Tutorial),Remote,True,0,0,0,0
Version-2,6a6477b9ff79bf083c528300,Le trung hieu,Review and Merge Pull Requests (Tutorial),Remote,False,0,0,0,0
Version-2,6a6477b9ff79bf083c528300,Le trung hieu,Game Introduction (Practice),Basic,True,1,4,7000,40
Version-2,6a6477b9ff79bf083c528300,Le trung hieu,Version Control and Git (Practice),Basic,True,1,4,7000,86
Version-2,6a6477b9ff79bf083c528300,Le trung hieu,Create Local Repository (Practice),Basic,True,0,0,0,0
Version-2,6a6477b9ff79bf083c528300,Le trung hieu,Basic Staging Area (Practice),Basic,True,0,0,0,0
Version-2,6a6477b9ff79bf083c528300,Le trung hieu,Advanced Staging Area (Practice),Basic,True,0,0,0,0
Version-2,6a6477b9ff79bf083c528300,Le trung hieu,Creating First Version (Practice),Basic,True,0,0,0,0
Version-2,6a6477b9ff79bf083c528300,Le trung hieu,Switching Project Versions (Practice),Basic,True,0,0,0,0
Version-2,6a6477b9ff79bf083c528300,Le trung hieu,Git Branching Basics (Practice),Branch,True,0,0,0,0
Version-2,6a6477b9ff79bf083c528300,Le trung hieu,Fast-Forward Merging (Practice),Branch,True,0,0,0,0
Version-2,6a6477b9ff79bf083c528300,Le trung hieu,Auto Merging (Practice),Branch,True,0,0,0,0
Version-2,6a6477b9ff79bf083c528300,Le trung hieu,Merge Conflicts (Practice),Branch,True,0,0,0,0
Version-2,6a6477b9ff79bf083c528300,Le trung hieu,Create Remote Repository (Practice),Remote,True,0,0,0,0
Version-2,6a6477b9ff79bf083c528300,Le trung hieu,Push to Remote Branches (Practice),Remote,True,0,0,0,0
Version-2,6a6477b9ff79bf083c528300,Le trung hieu,Keep Branches in Sync (Practice),Remote,True,0,0,0,0
Version-2,6a6477b9ff79bf083c528300,Le trung hieu,Preparation for Merging (Practice),Remote,True,0,0,0,0
Version-2,6a6477b9ff79bf083c528300,Le trung hieu,Creating a Pull Request (Practice),Remote,False,0,0,0,0
Version-2,6a6477b9ff79bf083c528300,Le trung hieu,Review and Merge Pull Requests (Practice),Remote,False,0,0,0,0
Version-2,6a648361ff79bf083c528752,THACH NGUYEN QUE ANH,Game Introduction (Tutorial),Basic,True,1,1,5250,454
Version-2,6a648361ff79bf083c528752,THACH NGUYEN QUE ANH,Version Control and Git (Tutorial),Basic,True,1,4,3000,199
Version-2,6a648361ff79bf083c528752,THACH NGUYEN QUE ANH,Create Local Repository (Tutorial),Basic,True,1,4,4000,174
Version-2,6a648361ff79bf083c528752,THACH NGUYEN QUE ANH,Basic Staging Area (Tutorial),Basic,True,2,4,5000,263
Version-2,6a648361ff79bf083c528752,THACH NGUYEN QUE ANH,Advanced Staging Area (Tutorial),Basic,True,1,4,6000,384
Version-2,6a648361ff79bf083c528752,THACH NGUYEN QUE ANH,Creating First Version (Tutorial),Basic,True,1,3,15000,1240
Version-2,6a648361ff79bf083c528752,THACH NGUYEN QUE ANH,Switching Project Versions (Tutorial),Basic,True,1,4,8000,561
Version-2,6a648361ff79bf083c528752,THACH NGUYEN QUE ANH,Git Branching Basics (Tutorial),Branch,True,0,0,0,0
Version-2,6a648361ff79bf083c528752,THACH NGUYEN QUE ANH,Fast-Forward Merging (Tutorial),Branch,False,0,0,0,0
Version-2,6a648361ff79bf083c528752,THACH NGUYEN QUE ANH,Auto Merging (Tutorial),Branch,False,0,0,0,0
Version-2,6a648361ff79bf083c528752,THACH NGUYEN QUE ANH,Merge Conflicts (Tutorial),Branch,False,0,0,0,0
Version-2,6a648361ff79bf083c528752,THACH NGUYEN QUE ANH,Create Remote Repository (Tutorial),Remote,False,0,0,0,0
Version-2,6a648361ff79bf083c528752,THACH NGUYEN QUE ANH,Push to Remote Branches (Tutorial),Remote,False,0,0,0,0
Version-2,6a648361ff79bf083c528752,THACH NGUYEN QUE ANH,Keep Branches in Sync (Tutorial),Remote,False,0,0,0,0
Version-2,6a648361ff79bf083c528752,THACH NGUYEN QUE ANH,Preparation for Merging (Tutorial),Remote,False,0,0,0,0
Version-2,6a648361ff79bf083c528752,THACH NGUYEN QUE ANH,Creating a Pull Request (Tutorial),Remote,False,0,0,0,0
Version-2,6a648361ff79bf083c528752,THACH NGUYEN QUE ANH,Review and Merge Pull Requests (Tutorial),Remote,False,0,0,0,0
Version-2,6a648361ff79bf083c528752,THACH NGUYEN QUE ANH,Game Introduction (Practice),Basic,True,0,0,0,0
Version-2,6a648361ff79bf083c528752,THACH NGUYEN QUE ANH,Version Control and Git (Practice),Basic,True,0,0,0,0
Version-2,6a648361ff79bf083c528752,THACH NGUYEN QUE ANH,Create Local Repository (Practice),Basic,True,0,0,0,0
Version-2,6a648361ff79bf083c528752,THACH NGUYEN QUE ANH,Basic Staging Area (Practice),Basic,True,0,0,0,0
Version-2,6a648361ff79bf083c528752,THACH NGUYEN QUE ANH,Advanced Staging Area (Practice),Basic,True,0,0,0,0
Version-2,6a648361ff79bf083c528752,THACH NGUYEN QUE ANH,Creating First Version (Practice),Basic,True,0,0,0,0
Version-2,6a648361ff79bf083c528752,THACH NGUYEN QUE ANH,Switching Project Versions (Practice),Basic,True,0,0,0,0
Version-2,6a648361ff79bf083c528752,THACH NGUYEN QUE ANH,Git Branching Basics (Practice),Branch,False,0,0,0,0
Version-2,6a648361ff79bf083c528752,THACH NGUYEN QUE ANH,Fast-Forward Merging (Practice),Branch,False,0,0,0,0
Version-2,6a648361ff79bf083c528752,THACH NGUYEN QUE ANH,Auto Merging (Practice),Branch,False,0,0,0,0
Version-2,6a648361ff79bf083c528752,THACH NGUYEN QUE ANH,Merge Conflicts (Practice),Branch,False,0,0,0,0
Version-2,6a648361ff79bf083c528752,THACH NGUYEN QUE ANH,Create Remote Repository (Practice),Remote,False,0,0,0,0
Version-2,6a648361ff79bf083c528752,THACH NGUYEN QUE ANH,Push to Remote Branches (Practice),Remote,False,0,0,0,0
Version-2,6a648361ff79bf083c528752,THACH NGUYEN QUE ANH,Keep Branches in Sync (Practice),Remote,False,0,0,0,0
Version-2,6a648361ff79bf083c528752,THACH NGUYEN QUE ANH,Preparation for Merging (Practice),Remote,False,0,0,0,0
Version-2,6a648361ff79bf083c528752,THACH NGUYEN QUE ANH,Creating a Pull Request (Practice),Remote,False,0,0,0,0
Version-2,6a648361ff79bf083c528752,THACH NGUYEN QUE ANH,Review and Merge Pull Requests (Practice),Remote,False,0,0,0,0
Version-2,6a649869ff79bf083c528df4,nguyenquocanh,Game Introduction (Tutorial),Basic,True,0,0,0,0
Version-2,6a649869ff79bf083c528df4,nguyenquocanh,Version Control and Git (Tutorial),Basic,False,0,0,0,0
Version-2,6a649869ff79bf083c528df4,nguyenquocanh,Create Local Repository (Tutorial),Basic,False,0,0,0,0
Version-2,6a649869ff79bf083c528df4,nguyenquocanh,Basic Staging Area (Tutorial),Basic,False,0,0,0,0
Version-2,6a649869ff79bf083c528df4,nguyenquocanh,Advanced Staging Area (Tutorial),Basic,False,0,0,0,0
Version-2,6a649869ff79bf083c528df4,nguyenquocanh,Creating First Version (Tutorial),Basic,False,0,0,0,0
Version-2,6a649869ff79bf083c528df4,nguyenquocanh,Switching Project Versions (Tutorial),Basic,False,0,0,0,0
Version-2,6a649869ff79bf083c528df4,nguyenquocanh,Git Branching Basics (Tutorial),Branch,False,0,0,0,0
Version-2,6a649869ff79bf083c528df4,nguyenquocanh,Fast-Forward Merging (Tutorial),Branch,False,0,0,0,0
Version-2,6a649869ff79bf083c528df4,nguyenquocanh,Auto Merging (Tutorial),Branch,False,0,0,0,0
Version-2,6a649869ff79bf083c528df4,nguyenquocanh,Merge Conflicts (Tutorial),Branch,False,0,0,0,0
Version-2,6a649869ff79bf083c528df4,nguyenquocanh,Create Remote Repository (Tutorial),Remote,False,0,0,0,0
Version-2,6a649869ff79bf083c528df4,nguyenquocanh,Push to Remote Branches (Tutorial),Remote,False,0,0,0,0
Version-2,6a649869ff79bf083c528df4,nguyenquocanh,Keep Branches in Sync (Tutorial),Remote,False,0,0,0,0
Version-2,6a649869ff79bf083c528df4,nguyenquocanh,Preparation for Merging (Tutorial),Remote,False,0,0,0,0
Version-2,6a649869ff79bf083c528df4,nguyenquocanh,Creating a Pull Request (Tutorial),Remote,False,0,0,0,0
Version-2,6a649869ff79bf083c528df4,nguyenquocanh,Review and Merge Pull Requests (Tutorial),Remote,False,0,0,0,0
Version-2,6a649869ff79bf083c528df4,nguyenquocanh,Game Introduction (Practice),Basic,False,0,0,0,0
Version-2,6a649869ff79bf083c528df4,nguyenquocanh,Version Control and Git (Practice),Basic,False,0,0,0,0
Version-2,6a649869ff79bf083c528df4,nguyenquocanh,Create Local Repository (Practice),Basic,False,0,0,0,0
Version-2,6a649869ff79bf083c528df4,nguyenquocanh,Basic Staging Area (Practice),Basic,False,0,0,0,0
Version-2,6a649869ff79bf083c528df4,nguyenquocanh,Advanced Staging Area (Practice),Basic,False,0,0,0,0
Version-2,6a649869ff79bf083c528df4,nguyenquocanh,Creating First Version (Practice),Basic,False,0,0,0,0
Version-2,6a649869ff79bf083c528df4,nguyenquocanh,Switching Project Versions (Practice),Basic,False,0,0,0,0
Version-2,6a649869ff79bf083c528df4,nguyenquocanh,Git Branching Basics (Practice),Branch,False,0,0,0,0
Version-2,6a649869ff79bf083c528df4,nguyenquocanh,Fast-Forward Merging (Practice),Branch,False,0,0,0,0
Version-2,6a649869ff79bf083c528df4,nguyenquocanh,Auto Merging (Practice),Branch,False,0,0,0,0
Version-2,6a649869ff79bf083c528df4,nguyenquocanh,Merge Conflicts (Practice),Branch,False,0,0,0,0
Version-2,6a649869ff79bf083c528df4,nguyenquocanh,Create Remote Repository (Practice),Remote,False,0,0,0,0
Version-2,6a649869ff79bf083c528df4,nguyenquocanh,Push to Remote Branches (Practice),Remote,False,0,0,0,0
Version-2,6a649869ff79bf083c528df4,nguyenquocanh,Keep Branches in Sync (Practice),Remote,False,0,0,0,0
Version-2,6a649869ff79bf083c528df4,nguyenquocanh,Preparation for Merging (Practice),Remote,False,0,0,0,0
Version-2,6a649869ff79bf083c528df4,nguyenquocanh,Creating a Pull Request (Practice),Remote,False,0,0,0,0
Version-2,6a649869ff79bf083c528df4,nguyenquocanh,Review and Merge Pull Requests (Practice),Remote,False,0,0,0,0
Version-2,6a649896ff79bf083c528e01,huynhchidat,Game Introduction (Tutorial),Basic,True,2,3,6750,52
Version-2,6a649896ff79bf083c528e01,huynhchidat,Version Control and Git (Tutorial),Basic,True,1,2,1000,264
Version-2,6a649896ff79bf083c528e01,huynhchidat,Create Local Repository (Tutorial),Basic,True,1,4,4000,106
Version-2,6a649896ff79bf083c528e01,huynhchidat,Basic Staging Area (Tutorial),Basic,True,1,4,5000,188
Version-2,6a649896ff79bf083c528e01,huynhchidat,Advanced Staging Area (Tutorial),Basic,True,1,4,6000,246
Version-2,6a649896ff79bf083c528e01,huynhchidat,Creating First Version (Tutorial),Basic,True,1,4,16000,475
Version-2,6a649896ff79bf083c528e01,huynhchidat,Switching Project Versions (Tutorial),Basic,True,1,4,8000,273
Version-2,6a649896ff79bf083c528e01,huynhchidat,Git Branching Basics (Tutorial),Branch,True,0,0,0,0
Version-2,6a649896ff79bf083c528e01,huynhchidat,Fast-Forward Merging (Tutorial),Branch,False,0,0,0,0
Version-2,6a649896ff79bf083c528e01,huynhchidat,Auto Merging (Tutorial),Branch,False,0,0,0,0
Version-2,6a649896ff79bf083c528e01,huynhchidat,Merge Conflicts (Tutorial),Branch,False,0,0,0,0
Version-2,6a649896ff79bf083c528e01,huynhchidat,Create Remote Repository (Tutorial),Remote,False,0,0,0,0
Version-2,6a649896ff79bf083c528e01,huynhchidat,Push to Remote Branches (Tutorial),Remote,False,0,0,0,0
Version-2,6a649896ff79bf083c528e01,huynhchidat,Keep Branches in Sync (Tutorial),Remote,False,0,0,0,0
Version-2,6a649896ff79bf083c528e01,huynhchidat,Preparation for Merging (Tutorial),Remote,False,0,0,0,0
Version-2,6a649896ff79bf083c528e01,huynhchidat,Creating a Pull Request (Tutorial),Remote,False,0,0,0,0
Version-2,6a649896ff79bf083c528e01,huynhchidat,Review and Merge Pull Requests (Tutorial),Remote,False,0,0,0,0
Version-2,6a649896ff79bf083c528e01,huynhchidat,Game Introduction (Practice),Basic,True,0,0,0,0
Version-2,6a649896ff79bf083c528e01,huynhchidat,Version Control and Git (Practice),Basic,True,0,0,0,0
Version-2,6a649896ff79bf083c528e01,huynhchidat,Create Local Repository (Practice),Basic,True,0,0,0,0
Version-2,6a649896ff79bf083c528e01,huynhchidat,Basic Staging Area (Practice),Basic,True,0,0,0,0
Version-2,6a649896ff79bf083c528e01,huynhchidat,Advanced Staging Area (Practice),Basic,True,0,0,0,0
Version-2,6a649896ff79bf083c528e01,huynhchidat,Creating First Version (Practice),Basic,True,0,0,0,0
Version-2,6a649896ff79bf083c528e01,huynhchidat,Switching Project Versions (Practice),Basic,True,0,0,0,0
Version-2,6a649896ff79bf083c528e01,huynhchidat,Git Branching Basics (Practice),Branch,False,0,0,0,0
Version-2,6a649896ff79bf083c528e01,huynhchidat,Fast-Forward Merging (Practice),Branch,False,0,0,0,0
Version-2,6a649896ff79bf083c528e01,huynhchidat,Auto Merging (Practice),Branch,False,0,0,0,0
Version-2,6a649896ff79bf083c528e01,huynhchidat,Merge Conflicts (Practice),Branch,False,0,0,0,0
Version-2,6a649896ff79bf083c528e01,huynhchidat,Create Remote Repository (Practice),Remote,False,0,0,0,0
Version-2,6a649896ff79bf083c528e01,huynhchidat,Push to Remote Branches (Practice),Remote,False,0,0,0,0
Version-2,6a649896ff79bf083c528e01,huynhchidat,Keep Branches in Sync (Practice),Remote,False,0,0,0,0
Version-2,6a649896ff79bf083c528e01,huynhchidat,Preparation for Merging (Practice),Remote,False,0,0,0,0
Version-2,6a649896ff79bf083c528e01,huynhchidat,Creating a Pull Request (Practice),Remote,False,0,0,0,0
Version-2,6a649896ff79bf083c528e01,huynhchidat,Review and Merge Pull Requests (Practice),Remote,False,0,0,0,0
Version-2,6a649b75ff79bf083c528ee0,HuynhLeNgocTrinh,Game Introduction (Tutorial),Basic,True,1,3,6750,404
Version-2,6a649b75ff79bf083c528ee0,HuynhLeNgocTrinh,Version Control and Git (Tutorial),Basic,True,1,4,3000,195
Version-2,6a649b75ff79bf083c528ee0,HuynhLeNgocTrinh,Create Local Repository (Tutorial),Basic,True,1,3,3750,104
Version-2,6a649b75ff79bf083c528ee0,HuynhLeNgocTrinh,Basic Staging Area (Tutorial),Basic,True,1,4,5000,327
Version-2,6a649b75ff79bf083c528ee0,HuynhLeNgocTrinh,Advanced Staging Area (Tutorial),Basic,True,1,4,6000,408
Version-2,6a649b75ff79bf083c528ee0,HuynhLeNgocTrinh,Creating First Version (Tutorial),Basic,True,1,3,15750,480
Version-2,6a649b75ff79bf083c528ee0,HuynhLeNgocTrinh,Switching Project Versions (Tutorial),Basic,True,2,4,8000,117
Version-2,6a649b75ff79bf083c528ee0,HuynhLeNgocTrinh,Git Branching Basics (Tutorial),Branch,True,1,4,9000,542
Version-2,6a649b75ff79bf083c528ee0,HuynhLeNgocTrinh,Fast-Forward Merging (Tutorial),Branch,True,1,4,6000,215
Version-2,6a649b75ff79bf083c528ee0,HuynhLeNgocTrinh,Auto Merging (Tutorial),Branch,True,1,3,7750,570
Version-2,6a649b75ff79bf083c528ee0,HuynhLeNgocTrinh,Merge Conflicts (Tutorial),Branch,True,1,3,6750,172
Version-2,6a649b75ff79bf083c528ee0,HuynhLeNgocTrinh,Create Remote Repository (Tutorial),Remote,True,1,3,5750,176
Version-2,6a649b75ff79bf083c528ee0,HuynhLeNgocTrinh,Push to Remote Branches (Tutorial),Remote,True,1,4,6000,561
Version-2,6a649b75ff79bf083c528ee0,HuynhLeNgocTrinh,Keep Branches in Sync (Tutorial),Remote,True,1,3,4500,1606
Version-2,6a649b75ff79bf083c528ee0,HuynhLeNgocTrinh,Preparation for Merging (Tutorial),Remote,True,0,0,0,0
Version-2,6a649b75ff79bf083c528ee0,HuynhLeNgocTrinh,Creating a Pull Request (Tutorial),Remote,False,0,0,0,0
Version-2,6a649b75ff79bf083c528ee0,HuynhLeNgocTrinh,Review and Merge Pull Requests (Tutorial),Remote,False,0,0,0,0
Version-2,6a649b75ff79bf083c528ee0,HuynhLeNgocTrinh,Game Introduction (Practice),Basic,True,1,4,7000,48
Version-2,6a649b75ff79bf083c528ee0,HuynhLeNgocTrinh,Version Control and Git (Practice),Basic,True,1,4,7000,121
Version-2,6a649b75ff79bf083c528ee0,HuynhLeNgocTrinh,Create Local Repository (Practice),Basic,True,1,3,2750,90
Version-2,6a649b75ff79bf083c528ee0,HuynhLeNgocTrinh,Basic Staging Area (Practice),Basic,True,1,4,3000,253
Version-2,6a649b75ff79bf083c528ee0,HuynhLeNgocTrinh,Advanced Staging Area (Practice),Basic,True,1,3,2750,620
Version-2,6a649b75ff79bf083c528ee0,HuynhLeNgocTrinh,Creating First Version (Practice),Basic,True,1,4,8000,127
Version-2,6a649b75ff79bf083c528ee0,HuynhLeNgocTrinh,Switching Project Versions (Practice),Basic,True,1,3,6750,281
Version-2,6a649b75ff79bf083c528ee0,HuynhLeNgocTrinh,Git Branching Basics (Practice),Branch,True,1,3,8750,229
Version-2,6a649b75ff79bf083c528ee0,HuynhLeNgocTrinh,Fast-Forward Merging (Practice),Branch,True,1,3,6750,383
Version-2,6a649b75ff79bf083c528ee0,HuynhLeNgocTrinh,Auto Merging (Practice),Branch,True,0,0,0,0
Version-2,6a649b75ff79bf083c528ee0,HuynhLeNgocTrinh,Merge Conflicts (Practice),Branch,True,0,0,0,0
Version-2,6a649b75ff79bf083c528ee0,HuynhLeNgocTrinh,Create Remote Repository (Practice),Remote,True,0,0,0,0
Version-2,6a649b75ff79bf083c528ee0,HuynhLeNgocTrinh,Push to Remote Branches (Practice),Remote,True,0,0,0,0
Version-2,6a649b75ff79bf083c528ee0,HuynhLeNgocTrinh,Keep Branches in Sync (Practice),Remote,True,0,0,0,0
Version-2,6a649b75ff79bf083c528ee0,HuynhLeNgocTrinh,Preparation for Merging (Practice),Remote,False,0,0,0,0
Version-2,6a649b75ff79bf083c528ee0,HuynhLeNgocTrinh,Creating a Pull Request (Practice),Remote,False,0,0,0,0
Version-2,6a649b75ff79bf083c528ee0,HuynhLeNgocTrinh,Review and Merge Pull Requests (Practice),Remote,False,0,0,0,0
Version-2,6a64a005ff79bf083c529087,TranThiYenKhoa,Game Introduction (Tutorial),Basic,True,1,2,6000,734
Version-2,6a64a005ff79bf083c529087,TranThiYenKhoa,Version Control and Git (Tutorial),Basic,True,1,0,0,0
Version-2,6a64a005ff79bf083c529087,TranThiYenKhoa,Create Local Repository (Tutorial),Basic,True,0,0,0,0
Version-2,6a64a005ff79bf083c529087,TranThiYenKhoa,Basic Staging Area (Tutorial),Basic,False,0,0,0,0
Version-2,6a64a005ff79bf083c529087,TranThiYenKhoa,Advanced Staging Area (Tutorial),Basic,False,0,0,0,0
Version-2,6a64a005ff79bf083c529087,TranThiYenKhoa,Creating First Version (Tutorial),Basic,False,0,0,0,0
Version-2,6a64a005ff79bf083c529087,TranThiYenKhoa,Switching Project Versions (Tutorial),Basic,False,0,0,0,0
Version-2,6a64a005ff79bf083c529087,TranThiYenKhoa,Git Branching Basics (Tutorial),Branch,False,0,0,0,0
Version-2,6a64a005ff79bf083c529087,TranThiYenKhoa,Fast-Forward Merging (Tutorial),Branch,False,0,0,0,0
Version-2,6a64a005ff79bf083c529087,TranThiYenKhoa,Auto Merging (Tutorial),Branch,False,0,0,0,0
Version-2,6a64a005ff79bf083c529087,TranThiYenKhoa,Merge Conflicts (Tutorial),Branch,False,0,0,0,0
Version-2,6a64a005ff79bf083c529087,TranThiYenKhoa,Create Remote Repository (Tutorial),Remote,False,0,0,0,0
Version-2,6a64a005ff79bf083c529087,TranThiYenKhoa,Push to Remote Branches (Tutorial),Remote,False,0,0,0,0
Version-2,6a64a005ff79bf083c529087,TranThiYenKhoa,Keep Branches in Sync (Tutorial),Remote,False,0,0,0,0
Version-2,6a64a005ff79bf083c529087,TranThiYenKhoa,Preparation for Merging (Tutorial),Remote,False,0,0,0,0
Version-2,6a64a005ff79bf083c529087,TranThiYenKhoa,Creating a Pull Request (Tutorial),Remote,False,0,0,0,0
Version-2,6a64a005ff79bf083c529087,TranThiYenKhoa,Review and Merge Pull Requests (Tutorial),Remote,False,0,0,0,0
Version-2,6a64a005ff79bf083c529087,TranThiYenKhoa,Game Introduction (Practice),Basic,True,0,0,0,0
Version-2,6a64a005ff79bf083c529087,TranThiYenKhoa,Version Control and Git (Practice),Basic,True,0,0,0,0
Version-2,6a64a005ff79bf083c529087,TranThiYenKhoa,Create Local Repository (Practice),Basic,False,0,0,0,0
Version-2,6a64a005ff79bf083c529087,TranThiYenKhoa,Basic Staging Area (Practice),Basic,False,0,0,0,0
Version-2,6a64a005ff79bf083c529087,TranThiYenKhoa,Advanced Staging Area (Practice),Basic,False,0,0,0,0
Version-2,6a64a005ff79bf083c529087,TranThiYenKhoa,Creating First Version (Practice),Basic,False,0,0,0,0
Version-2,6a64a005ff79bf083c529087,TranThiYenKhoa,Switching Project Versions (Practice),Basic,False,0,0,0,0
Version-2,6a64a005ff79bf083c529087,TranThiYenKhoa,Git Branching Basics (Practice),Branch,False,0,0,0,0
Version-2,6a64a005ff79bf083c529087,TranThiYenKhoa,Fast-Forward Merging (Practice),Branch,False,0,0,0,0
Version-2,6a64a005ff79bf083c529087,TranThiYenKhoa,Auto Merging (Practice),Branch,False,0,0,0,0
Version-2,6a64a005ff79bf083c529087,TranThiYenKhoa,Merge Conflicts (Practice),Branch,False,0,0,0,0
Version-2,6a64a005ff79bf083c529087,TranThiYenKhoa,Create Remote Repository (Practice),Remote,False,0,0,0,0
Version-2,6a64a005ff79bf083c529087,TranThiYenKhoa,Push to Remote Branches (Practice),Remote,False,0,0,0,0
Version-2,6a64a005ff79bf083c529087,TranThiYenKhoa,Keep Branches in Sync (Practice),Remote,False,0,0,0,0
Version-2,6a64a005ff79bf083c529087,TranThiYenKhoa,Preparation for Merging (Practice),Remote,False,0,0,0,0
Version-2,6a64a005ff79bf083c529087,TranThiYenKhoa,Creating a Pull Request (Practice),Remote,False,0,0,0,0
Version-2,6a64a005ff79bf083c529087,TranThiYenKhoa,Review and Merge Pull Requests (Practice),Remote,False,0,0,0,0
Version-2,6a64a54eff79bf083c5292bb,Nguyen Thi Thuy Duy,Game Introduction (Tutorial),Basic,True,1,2,5750,614
Version-2,6a64a54eff79bf083c5292bb,Nguyen Thi Thuy Duy,Version Control and Git (Tutorial),Basic,True,1,4,3000,177
Version-2,6a64a54eff79bf083c5292bb,Nguyen Thi Thuy Duy,Create Local Repository (Tutorial),Basic,True,1,2,3000,479
Version-2,6a64a54eff79bf083c5292bb,Nguyen Thi Thuy Duy,Basic Staging Area (Tutorial),Basic,True,1,2,4000,313
Version-2,6a64a54eff79bf083c5292bb,Nguyen Thi Thuy Duy,Advanced Staging Area (Tutorial),Basic,True,1,4,6000,249
Version-2,6a64a54eff79bf083c5292bb,Nguyen Thi Thuy Duy,Creating First Version (Tutorial),Basic,True,1,3,15750,617
Version-2,6a64a54eff79bf083c5292bb,Nguyen Thi Thuy Duy,Switching Project Versions (Tutorial),Basic,True,1,4,8000,345
Version-2,6a64a54eff79bf083c5292bb,Nguyen Thi Thuy Duy,Git Branching Basics (Tutorial),Branch,True,1,3,8500,644
Version-2,6a64a54eff79bf083c5292bb,Nguyen Thi Thuy Duy,Fast-Forward Merging (Tutorial),Branch,True,1,4,6000,211
Version-2,6a64a54eff79bf083c5292bb,Nguyen Thi Thuy Duy,Auto Merging (Tutorial),Branch,True,1,2,7000,761
Version-2,6a64a54eff79bf083c5292bb,Nguyen Thi Thuy Duy,Merge Conflicts (Tutorial),Branch,True,1,4,7000,198
Version-2,6a64a54eff79bf083c5292bb,Nguyen Thi Thuy Duy,Create Remote Repository (Tutorial),Remote,True,1,4,6000,232
Version-2,6a64a54eff79bf083c5292bb,Nguyen Thi Thuy Duy,Push to Remote Branches (Tutorial),Remote,True,1,3,5750,447
Version-2,6a64a54eff79bf083c5292bb,Nguyen Thi Thuy Duy,Keep Branches in Sync (Tutorial),Remote,True,0,0,0,0
Version-2,6a64a54eff79bf083c5292bb,Nguyen Thi Thuy Duy,Preparation for Merging (Tutorial),Remote,False,0,0,0,0
Version-2,6a64a54eff79bf083c5292bb,Nguyen Thi Thuy Duy,Creating a Pull Request (Tutorial),Remote,False,0,0,0,0
Version-2,6a64a54eff79bf083c5292bb,Nguyen Thi Thuy Duy,Review and Merge Pull Requests (Tutorial),Remote,False,0,0,0,0
Version-2,6a64a54eff79bf083c5292bb,Nguyen Thi Thuy Duy,Game Introduction (Practice),Basic,True,0,0,0,0
Version-2,6a64a54eff79bf083c5292bb,Nguyen Thi Thuy Duy,Version Control and Git (Practice),Basic,True,0,0,0,0
Version-2,6a64a54eff79bf083c5292bb,Nguyen Thi Thuy Duy,Create Local Repository (Practice),Basic,True,0,0,0,0
Version-2,6a64a54eff79bf083c5292bb,Nguyen Thi Thuy Duy,Basic Staging Area (Practice),Basic,True,0,0,0,0
Version-2,6a64a54eff79bf083c5292bb,Nguyen Thi Thuy Duy,Advanced Staging Area (Practice),Basic,True,0,0,0,0
Version-2,6a64a54eff79bf083c5292bb,Nguyen Thi Thuy Duy,Creating First Version (Practice),Basic,True,0,0,0,0
Version-2,6a64a54eff79bf083c5292bb,Nguyen Thi Thuy Duy,Switching Project Versions (Practice),Basic,True,0,0,0,0
Version-2,6a64a54eff79bf083c5292bb,Nguyen Thi Thuy Duy,Git Branching Basics (Practice),Branch,True,0,0,0,0
Version-2,6a64a54eff79bf083c5292bb,Nguyen Thi Thuy Duy,Fast-Forward Merging (Practice),Branch,True,0,0,0,0
Version-2,6a64a54eff79bf083c5292bb,Nguyen Thi Thuy Duy,Auto Merging (Practice),Branch,True,0,0,0,0
Version-2,6a64a54eff79bf083c5292bb,Nguyen Thi Thuy Duy,Merge Conflicts (Practice),Branch,True,0,0,0,0
Version-2,6a64a54eff79bf083c5292bb,Nguyen Thi Thuy Duy,Create Remote Repository (Practice),Remote,True,0,0,0,0
Version-2,6a64a54eff79bf083c5292bb,Nguyen Thi Thuy Duy,Push to Remote Branches (Practice),Remote,True,0,0,0,0
Version-2,6a64a54eff79bf083c5292bb,Nguyen Thi Thuy Duy,Keep Branches in Sync (Practice),Remote,False,0,0,0,0
Version-2,6a64a54eff79bf083c5292bb,Nguyen Thi Thuy Duy,Preparation for Merging (Practice),Remote,False,0,0,0,0
Version-2,6a64a54eff79bf083c5292bb,Nguyen Thi Thuy Duy,Creating a Pull Request (Practice),Remote,False,0,0,0,0
Version-2,6a64a54eff79bf083c5292bb,Nguyen Thi Thuy Duy,Review and Merge Pull Requests (Practice),Remote,False,0,0,0,0
Version-2,6a64b229ff79bf083c529418,ledanghuy,Game Introduction (Tutorial),Basic,True,1,3,6250,334
Version-2,6a64b229ff79bf083c529418,ledanghuy,Version Control and Git (Tutorial),Basic,True,1,4,3000,177
Version-2,6a64b229ff79bf083c529418,ledanghuy,Create Local Repository (Tutorial),Basic,True,1,4,4000,167
Version-2,6a64b229ff79bf083c529418,ledanghuy,Basic Staging Area (Tutorial),Basic,True,1,4,5000,403
Version-2,6a64b229ff79bf083c529418,ledanghuy,Advanced Staging Area (Tutorial),Basic,True,1,4,6000,234
Version-2,6a64b229ff79bf083c529418,ledanghuy,Creating First Version (Tutorial),Basic,True,1,3,15250,781
Version-2,6a64b229ff79bf083c529418,ledanghuy,Switching Project Versions (Tutorial),Basic,True,1,4,8000,387
Version-2,6a64b229ff79bf083c529418,ledanghuy,Git Branching Basics (Tutorial),Branch,True,0,0,0,0
Version-2,6a64b229ff79bf083c529418,ledanghuy,Fast-Forward Merging (Tutorial),Branch,False,0,0,0,0
Version-2,6a64b229ff79bf083c529418,ledanghuy,Auto Merging (Tutorial),Branch,False,0,0,0,0
Version-2,6a64b229ff79bf083c529418,ledanghuy,Merge Conflicts (Tutorial),Branch,False,0,0,0,0
Version-2,6a64b229ff79bf083c529418,ledanghuy,Create Remote Repository (Tutorial),Remote,False,0,0,0,0
Version-2,6a64b229ff79bf083c529418,ledanghuy,Push to Remote Branches (Tutorial),Remote,False,0,0,0,0
Version-2,6a64b229ff79bf083c529418,ledanghuy,Keep Branches in Sync (Tutorial),Remote,False,0,0,0,0
Version-2,6a64b229ff79bf083c529418,ledanghuy,Preparation for Merging (Tutorial),Remote,False,0,0,0,0
Version-2,6a64b229ff79bf083c529418,ledanghuy,Creating a Pull Request (Tutorial),Remote,False,0,0,0,0
Version-2,6a64b229ff79bf083c529418,ledanghuy,Review and Merge Pull Requests (Tutorial),Remote,False,0,0,0,0
Version-2,6a64b229ff79bf083c529418,ledanghuy,Game Introduction (Practice),Basic,True,0,0,0,0
Version-2,6a64b229ff79bf083c529418,ledanghuy,Version Control and Git (Practice),Basic,True,0,0,0,0
Version-2,6a64b229ff79bf083c529418,ledanghuy,Create Local Repository (Practice),Basic,True,0,0,0,0
Version-2,6a64b229ff79bf083c529418,ledanghuy,Basic Staging Area (Practice),Basic,True,0,0,0,0
Version-2,6a64b229ff79bf083c529418,ledanghuy,Advanced Staging Area (Practice),Basic,True,0,0,0,0
Version-2,6a64b229ff79bf083c529418,ledanghuy,Creating First Version (Practice),Basic,True,0,0,0,0
Version-2,6a64b229ff79bf083c529418,ledanghuy,Switching Project Versions (Practice),Basic,True,0,0,0,0
Version-2,6a64b229ff79bf083c529418,ledanghuy,Git Branching Basics (Practice),Branch,False,0,0,0,0
Version-2,6a64b229ff79bf083c529418,ledanghuy,Fast-Forward Merging (Practice),Branch,False,0,0,0,0
Version-2,6a64b229ff79bf083c529418,ledanghuy,Auto Merging (Practice),Branch,False,0,0,0,0
Version-2,6a64b229ff79bf083c529418,ledanghuy,Merge Conflicts (Practice),Branch,False,0,0,0,0
Version-2,6a64b229ff79bf083c529418,ledanghuy,Create Remote Repository (Practice),Remote,False,0,0,0,0
Version-2,6a64b229ff79bf083c529418,ledanghuy,Push to Remote Branches (Practice),Remote,False,0,0,0,0
Version-2,6a64b229ff79bf083c529418,ledanghuy,Keep Branches in Sync (Practice),Remote,False,0,0,0,0
Version-2,6a64b229ff79bf083c529418,ledanghuy,Preparation for Merging (Practice),Remote,False,0,0,0,0
Version-2,6a64b229ff79bf083c529418,ledanghuy,Creating a Pull Request (Practice),Remote,False,0,0,0,0
Version-2,6a64b229ff79bf083c529418,ledanghuy,Review and Merge Pull Requests (Practice),Remote,False,0,0,0,0
Version-2,6a64c883ff79bf083c5295d5,phan tran truong huy ,Game Introduction (Tutorial),Basic,True,1,3,6500,687
Version-2,6a64c883ff79bf083c5295d5,phan tran truong huy ,Version Control and Git (Tutorial),Basic,True,0,0,0,0
Version-2,6a64c883ff79bf083c5295d5,phan tran truong huy ,Create Local Repository (Tutorial),Basic,False,0,0,0,0
Version-2,6a64c883ff79bf083c5295d5,phan tran truong huy ,Basic Staging Area (Tutorial),Basic,False,0,0,0,0
Version-2,6a64c883ff79bf083c5295d5,phan tran truong huy ,Advanced Staging Area (Tutorial),Basic,False,0,0,0,0
Version-2,6a64c883ff79bf083c5295d5,phan tran truong huy ,Creating First Version (Tutorial),Basic,False,0,0,0,0
Version-2,6a64c883ff79bf083c5295d5,phan tran truong huy ,Switching Project Versions (Tutorial),Basic,False,0,0,0,0
Version-2,6a64c883ff79bf083c5295d5,phan tran truong huy ,Git Branching Basics (Tutorial),Branch,False,0,0,0,0
Version-2,6a64c883ff79bf083c5295d5,phan tran truong huy ,Fast-Forward Merging (Tutorial),Branch,False,0,0,0,0
Version-2,6a64c883ff79bf083c5295d5,phan tran truong huy ,Auto Merging (Tutorial),Branch,False,0,0,0,0
Version-2,6a64c883ff79bf083c5295d5,phan tran truong huy ,Merge Conflicts (Tutorial),Branch,False,0,0,0,0
Version-2,6a64c883ff79bf083c5295d5,phan tran truong huy ,Create Remote Repository (Tutorial),Remote,False,0,0,0,0
Version-2,6a64c883ff79bf083c5295d5,phan tran truong huy ,Push to Remote Branches (Tutorial),Remote,False,0,0,0,0
Version-2,6a64c883ff79bf083c5295d5,phan tran truong huy ,Keep Branches in Sync (Tutorial),Remote,False,0,0,0,0
Version-2,6a64c883ff79bf083c5295d5,phan tran truong huy ,Preparation for Merging (Tutorial),Remote,False,0,0,0,0
Version-2,6a64c883ff79bf083c5295d5,phan tran truong huy ,Creating a Pull Request (Tutorial),Remote,False,0,0,0,0
Version-2,6a64c883ff79bf083c5295d5,phan tran truong huy ,Review and Merge Pull Requests (Tutorial),Remote,False,0,0,0,0
Version-2,6a64c883ff79bf083c5295d5,phan tran truong huy ,Game Introduction (Practice),Basic,True,0,0,0,0
Version-2,6a64c883ff79bf083c5295d5,phan tran truong huy ,Version Control and Git (Practice),Basic,False,0,0,0,0
Version-2,6a64c883ff79bf083c5295d5,phan tran truong huy ,Create Local Repository (Practice),Basic,False,0,0,0,0
Version-2,6a64c883ff79bf083c5295d5,phan tran truong huy ,Basic Staging Area (Practice),Basic,False,0,0,0,0
Version-2,6a64c883ff79bf083c5295d5,phan tran truong huy ,Advanced Staging Area (Practice),Basic,False,0,0,0,0
Version-2,6a64c883ff79bf083c5295d5,phan tran truong huy ,Creating First Version (Practice),Basic,False,0,0,0,0
Version-2,6a64c883ff79bf083c5295d5,phan tran truong huy ,Switching Project Versions (Practice),Basic,False,0,0,0,0
Version-2,6a64c883ff79bf083c5295d5,phan tran truong huy ,Git Branching Basics (Practice),Branch,False,0,0,0,0
Version-2,6a64c883ff79bf083c5295d5,phan tran truong huy ,Fast-Forward Merging (Practice),Branch,False,0,0,0,0
Version-2,6a64c883ff79bf083c5295d5,phan tran truong huy ,Auto Merging (Practice),Branch,False,0,0,0,0
Version-2,6a64c883ff79bf083c5295d5,phan tran truong huy ,Merge Conflicts (Practice),Branch,False,0,0,0,0
Version-2,6a64c883ff79bf083c5295d5,phan tran truong huy ,Create Remote Repository (Practice),Remote,False,0,0,0,0
Version-2,6a64c883ff79bf083c5295d5,phan tran truong huy ,Push to Remote Branches (Practice),Remote,False,0,0,0,0
Version-2,6a64c883ff79bf083c5295d5,phan tran truong huy ,Keep Branches in Sync (Practice),Remote,False,0,0,0,0
Version-2,6a64c883ff79bf083c5295d5,phan tran truong huy ,Preparation for Merging (Practice),Remote,False,0,0,0,0
Version-2,6a64c883ff79bf083c5295d5,phan tran truong huy ,Creating a Pull Request (Practice),Remote,False,0,0,0,0
Version-2,6a64c883ff79bf083c5295d5,phan tran truong huy ,Review and Merge Pull Requests (Practice),Remote,False,0,0,0,0
Version-2,6a655c19ff79bf083c52981b,HuynhQuocKhanh,Game Introduction (Tutorial),Basic,True,0,0,0,0
Version-2,6a655c19ff79bf083c52981b,HuynhQuocKhanh,Version Control and Git (Tutorial),Basic,False,0,0,0,0
Version-2,6a655c19ff79bf083c52981b,HuynhQuocKhanh,Create Local Repository (Tutorial),Basic,False,0,0,0,0
Version-2,6a655c19ff79bf083c52981b,HuynhQuocKhanh,Basic Staging Area (Tutorial),Basic,False,0,0,0,0
Version-2,6a655c19ff79bf083c52981b,HuynhQuocKhanh,Advanced Staging Area (Tutorial),Basic,False,0,0,0,0
Version-2,6a655c19ff79bf083c52981b,HuynhQuocKhanh,Creating First Version (Tutorial),Basic,False,0,0,0,0
Version-2,6a655c19ff79bf083c52981b,HuynhQuocKhanh,Switching Project Versions (Tutorial),Basic,False,0,0,0,0
Version-2,6a655c19ff79bf083c52981b,HuynhQuocKhanh,Git Branching Basics (Tutorial),Branch,False,0,0,0,0
Version-2,6a655c19ff79bf083c52981b,HuynhQuocKhanh,Fast-Forward Merging (Tutorial),Branch,False,0,0,0,0
Version-2,6a655c19ff79bf083c52981b,HuynhQuocKhanh,Auto Merging (Tutorial),Branch,False,0,0,0,0
Version-2,6a655c19ff79bf083c52981b,HuynhQuocKhanh,Merge Conflicts (Tutorial),Branch,False,0,0,0,0
Version-2,6a655c19ff79bf083c52981b,HuynhQuocKhanh,Create Remote Repository (Tutorial),Remote,False,0,0,0,0
Version-2,6a655c19ff79bf083c52981b,HuynhQuocKhanh,Push to Remote Branches (Tutorial),Remote,False,0,0,0,0
Version-2,6a655c19ff79bf083c52981b,HuynhQuocKhanh,Keep Branches in Sync (Tutorial),Remote,False,0,0,0,0
Version-2,6a655c19ff79bf083c52981b,HuynhQuocKhanh,Preparation for Merging (Tutorial),Remote,False,0,0,0,0
Version-2,6a655c19ff79bf083c52981b,HuynhQuocKhanh,Creating a Pull Request (Tutorial),Remote,False,0,0,0,0
Version-2,6a655c19ff79bf083c52981b,HuynhQuocKhanh,Review and Merge Pull Requests (Tutorial),Remote,False,0,0,0,0
Version-2,6a655c19ff79bf083c52981b,HuynhQuocKhanh,Game Introduction (Practice),Basic,False,0,0,0,0
Version-2,6a655c19ff79bf083c52981b,HuynhQuocKhanh,Version Control and Git (Practice),Basic,False,0,0,0,0
Version-2,6a655c19ff79bf083c52981b,HuynhQuocKhanh,Create Local Repository (Practice),Basic,False,0,0,0,0
Version-2,6a655c19ff79bf083c52981b,HuynhQuocKhanh,Basic Staging Area (Practice),Basic,False,0,0,0,0
Version-2,6a655c19ff79bf083c52981b,HuynhQuocKhanh,Advanced Staging Area (Practice),Basic,False,0,0,0,0
Version-2,6a655c19ff79bf083c52981b,HuynhQuocKhanh,Creating First Version (Practice),Basic,False,0,0,0,0
Version-2,6a655c19ff79bf083c52981b,HuynhQuocKhanh,Switching Project Versions (Practice),Basic,False,0,0,0,0
Version-2,6a655c19ff79bf083c52981b,HuynhQuocKhanh,Git Branching Basics (Practice),Branch,False,0,0,0,0
Version-2,6a655c19ff79bf083c52981b,HuynhQuocKhanh,Fast-Forward Merging (Practice),Branch,False,0,0,0,0
Version-2,6a655c19ff79bf083c52981b,HuynhQuocKhanh,Auto Merging (Practice),Branch,False,0,0,0,0
Version-2,6a655c19ff79bf083c52981b,HuynhQuocKhanh,Merge Conflicts (Practice),Branch,False,0,0,0,0
Version-2,6a655c19ff79bf083c52981b,HuynhQuocKhanh,Create Remote Repository (Practice),Remote,False,0,0,0,0
Version-2,6a655c19ff79bf083c52981b,HuynhQuocKhanh,Push to Remote Branches (Practice),Remote,False,0,0,0,0
Version-2,6a655c19ff79bf083c52981b,HuynhQuocKhanh,Keep Branches in Sync (Practice),Remote,False,0,0,0,0
Version-2,6a655c19ff79bf083c52981b,HuynhQuocKhanh,Preparation for Merging (Practice),Remote,False,0,0,0,0
Version-2,6a655c19ff79bf083c52981b,HuynhQuocKhanh,Creating a Pull Request (Practice),Remote,False,0,0,0,0
Version-2,6a655c19ff79bf083c52981b,HuynhQuocKhanh,Review and Merge Pull Requests (Practice),Remote,False,0,0,0,0
Version-2,6a6564a7ff79bf083c529833,thachthingoctram,Game Introduction (Tutorial),Basic,True,1,4,7000,346
Version-2,6a6564a7ff79bf083c529833,thachthingoctram,Version Control and Git (Tutorial),Basic,True,1,4,3000,181
Version-2,6a6564a7ff79bf083c529833,thachthingoctram,Create Local Repository (Tutorial),Basic,True,1,2,3000,346
Version-2,6a6564a7ff79bf083c529833,thachthingoctram,Basic Staging Area (Tutorial),Basic,True,1,4,5000,550
Version-2,6a6564a7ff79bf083c529833,thachthingoctram,Advanced Staging Area (Tutorial),Basic,True,1,4,6000,314
Version-2,6a6564a7ff79bf083c529833,thachthingoctram,Creating First Version (Tutorial),Basic,True,1,4,16000,721
Version-2,6a6564a7ff79bf083c529833,thachthingoctram,Switching Project Versions (Tutorial),Basic,True,0,0,0,0
Version-2,6a6564a7ff79bf083c529833,thachthingoctram,Git Branching Basics (Tutorial),Branch,False,0,0,0,0
Version-2,6a6564a7ff79bf083c529833,thachthingoctram,Fast-Forward Merging (Tutorial),Branch,False,0,0,0,0
Version-2,6a6564a7ff79bf083c529833,thachthingoctram,Auto Merging (Tutorial),Branch,False,0,0,0,0
Version-2,6a6564a7ff79bf083c529833,thachthingoctram,Merge Conflicts (Tutorial),Branch,False,0,0,0,0
Version-2,6a6564a7ff79bf083c529833,thachthingoctram,Create Remote Repository (Tutorial),Remote,False,0,0,0,0
Version-2,6a6564a7ff79bf083c529833,thachthingoctram,Push to Remote Branches (Tutorial),Remote,False,0,0,0,0
Version-2,6a6564a7ff79bf083c529833,thachthingoctram,Keep Branches in Sync (Tutorial),Remote,False,0,0,0,0
Version-2,6a6564a7ff79bf083c529833,thachthingoctram,Preparation for Merging (Tutorial),Remote,False,0,0,0,0
Version-2,6a6564a7ff79bf083c529833,thachthingoctram,Creating a Pull Request (Tutorial),Remote,False,0,0,0,0
Version-2,6a6564a7ff79bf083c529833,thachthingoctram,Review and Merge Pull Requests (Tutorial),Remote,False,0,0,0,0
Version-2,6a6564a7ff79bf083c529833,thachthingoctram,Game Introduction (Practice),Basic,True,1,4,7000,60
Version-2,6a6564a7ff79bf083c529833,thachthingoctram,Version Control and Git (Practice),Basic,True,1,3,6000,251
Version-2,6a6564a7ff79bf083c529833,thachthingoctram,Create Local Repository (Practice),Basic,True,1,4,3000,75
Version-2,6a6564a7ff79bf083c529833,thachthingoctram,Basic Staging Area (Practice),Basic,True,0,0,0,0
Version-2,6a6564a7ff79bf083c529833,thachthingoctram,Advanced Staging Area (Practice),Basic,True,1,4,3000,274
Version-2,6a6564a7ff79bf083c529833,thachthingoctram,Creating First Version (Practice),Basic,True,1,4,8000,331
Version-2,6a6564a7ff79bf083c529833,thachthingoctram,Switching Project Versions (Practice),Basic,False,0,0,0,0
Version-2,6a6564a7ff79bf083c529833,thachthingoctram,Git Branching Basics (Practice),Branch,False,0,0,0,0
Version-2,6a6564a7ff79bf083c529833,thachthingoctram,Fast-Forward Merging (Practice),Branch,False,0,0,0,0
Version-2,6a6564a7ff79bf083c529833,thachthingoctram,Auto Merging (Practice),Branch,False,0,0,0,0
Version-2,6a6564a7ff79bf083c529833,thachthingoctram,Merge Conflicts (Practice),Branch,False,0,0,0,0
Version-2,6a6564a7ff79bf083c529833,thachthingoctram,Create Remote Repository (Practice),Remote,False,0,0,0,0
Version-2,6a6564a7ff79bf083c529833,thachthingoctram,Push to Remote Branches (Practice),Remote,False,0,0,0,0
Version-2,6a6564a7ff79bf083c529833,thachthingoctram,Keep Branches in Sync (Practice),Remote,False,0,0,0,0
Version-2,6a6564a7ff79bf083c529833,thachthingoctram,Preparation for Merging (Practice),Remote,False,0,0,0,0
Version-2,6a6564a7ff79bf083c529833,thachthingoctram,Creating a Pull Request (Practice),Remote,False,0,0,0,0
Version-2,6a6564a7ff79bf083c529833,thachthingoctram,Review and Merge Pull Requests (Practice),Remote,False,0,0,0,0
Version-2,6a6568c3ff79bf083c5298e0,NguyenTruongMinhCang,Game Introduction (Tutorial),Basic,True,3,4,7000,46
Version-2,6a6568c3ff79bf083c5298e0,NguyenTruongMinhCang,Version Control and Git (Tutorial),Basic,True,0,0,0,0
Version-2,6a6568c3ff79bf083c5298e0,NguyenTruongMinhCang,Create Local Repository (Tutorial),Basic,False,0,0,0,0
Version-2,6a6568c3ff79bf083c5298e0,NguyenTruongMinhCang,Basic Staging Area (Tutorial),Basic,False,0,0,0,0
Version-2,6a6568c3ff79bf083c5298e0,NguyenTruongMinhCang,Advanced Staging Area (Tutorial),Basic,False,0,0,0,0
Version-2,6a6568c3ff79bf083c5298e0,NguyenTruongMinhCang,Creating First Version (Tutorial),Basic,False,0,0,0,0
Version-2,6a6568c3ff79bf083c5298e0,NguyenTruongMinhCang,Switching Project Versions (Tutorial),Basic,False,0,0,0,0
Version-2,6a6568c3ff79bf083c5298e0,NguyenTruongMinhCang,Git Branching Basics (Tutorial),Branch,False,0,0,0,0
Version-2,6a6568c3ff79bf083c5298e0,NguyenTruongMinhCang,Fast-Forward Merging (Tutorial),Branch,False,0,0,0,0
Version-2,6a6568c3ff79bf083c5298e0,NguyenTruongMinhCang,Auto Merging (Tutorial),Branch,False,0,0,0,0
Version-2,6a6568c3ff79bf083c5298e0,NguyenTruongMinhCang,Merge Conflicts (Tutorial),Branch,False,0,0,0,0
Version-2,6a6568c3ff79bf083c5298e0,NguyenTruongMinhCang,Create Remote Repository (Tutorial),Remote,False,0,0,0,0
Version-2,6a6568c3ff79bf083c5298e0,NguyenTruongMinhCang,Push to Remote Branches (Tutorial),Remote,False,0,0,0,0
Version-2,6a6568c3ff79bf083c5298e0,NguyenTruongMinhCang,Keep Branches in Sync (Tutorial),Remote,False,0,0,0,0
Version-2,6a6568c3ff79bf083c5298e0,NguyenTruongMinhCang,Preparation for Merging (Tutorial),Remote,False,0,0,0,0
Version-2,6a6568c3ff79bf083c5298e0,NguyenTruongMinhCang,Creating a Pull Request (Tutorial),Remote,False,0,0,0,0
Version-2,6a6568c3ff79bf083c5298e0,NguyenTruongMinhCang,Review and Merge Pull Requests (Tutorial),Remote,False,0,0,0,0
Version-2,6a6568c3ff79bf083c5298e0,NguyenTruongMinhCang,Game Introduction (Practice),Basic,True,0,0,0,0
Version-2,6a6568c3ff79bf083c5298e0,NguyenTruongMinhCang,Version Control and Git (Practice),Basic,False,0,0,0,0
Version-2,6a6568c3ff79bf083c5298e0,NguyenTruongMinhCang,Create Local Repository (Practice),Basic,False,0,0,0,0
Version-2,6a6568c3ff79bf083c5298e0,NguyenTruongMinhCang,Basic Staging Area (Practice),Basic,False,0,0,0,0
Version-2,6a6568c3ff79bf083c5298e0,NguyenTruongMinhCang,Advanced Staging Area (Practice),Basic,False,0,0,0,0
Version-2,6a6568c3ff79bf083c5298e0,NguyenTruongMinhCang,Creating First Version (Practice),Basic,False,0,0,0,0
Version-2,6a6568c3ff79bf083c5298e0,NguyenTruongMinhCang,Switching Project Versions (Practice),Basic,False,0,0,0,0
Version-2,6a6568c3ff79bf083c5298e0,NguyenTruongMinhCang,Git Branching Basics (Practice),Branch,False,0,0,0,0
Version-2,6a6568c3ff79bf083c5298e0,NguyenTruongMinhCang,Fast-Forward Merging (Practice),Branch,False,0,0,0,0
Version-2,6a6568c3ff79bf083c5298e0,NguyenTruongMinhCang,Auto Merging (Practice),Branch,False,0,0,0,0
Version-2,6a6568c3ff79bf083c5298e0,NguyenTruongMinhCang,Merge Conflicts (Practice),Branch,False,0,0,0,0
Version-2,6a6568c3ff79bf083c5298e0,NguyenTruongMinhCang,Create Remote Repository (Practice),Remote,False,0,0,0,0
Version-2,6a6568c3ff79bf083c5298e0,NguyenTruongMinhCang,Push to Remote Branches (Practice),Remote,False,0,0,0,0
Version-2,6a6568c3ff79bf083c5298e0,NguyenTruongMinhCang,Keep Branches in Sync (Practice),Remote,False,0,0,0,0
Version-2,6a6568c3ff79bf083c5298e0,NguyenTruongMinhCang,Preparation for Merging (Practice),Remote,False,0,0,0,0
Version-2,6a6568c3ff79bf083c5298e0,NguyenTruongMinhCang,Creating a Pull Request (Practice),Remote,False,0,0,0,0
Version-2,6a6568c3ff79bf083c5298e0,NguyenTruongMinhCang,Review and Merge Pull Requests (Practice),Remote,False,0,0,0,0
Version-2,6a6578edff79bf083c529c89,LEPHUCCANG,Game Introduction (Tutorial),Basic,True,0,0,0,0
Version-2,6a6578edff79bf083c529c89,LEPHUCCANG,Version Control and Git (Tutorial),Basic,False,0,0,0,0
Version-2,6a6578edff79bf083c529c89,LEPHUCCANG,Create Local Repository (Tutorial),Basic,False,0,0,0,0
Version-2,6a6578edff79bf083c529c89,LEPHUCCANG,Basic Staging Area (Tutorial),Basic,False,0,0,0,0
Version-2,6a6578edff79bf083c529c89,LEPHUCCANG,Advanced Staging Area (Tutorial),Basic,False,0,0,0,0
Version-2,6a6578edff79bf083c529c89,LEPHUCCANG,Creating First Version (Tutorial),Basic,False,0,0,0,0
Version-2,6a6578edff79bf083c529c89,LEPHUCCANG,Switching Project Versions (Tutorial),Basic,False,0,0,0,0
Version-2,6a6578edff79bf083c529c89,LEPHUCCANG,Git Branching Basics (Tutorial),Branch,False,0,0,0,0
Version-2,6a6578edff79bf083c529c89,LEPHUCCANG,Fast-Forward Merging (Tutorial),Branch,False,0,0,0,0
Version-2,6a6578edff79bf083c529c89,LEPHUCCANG,Auto Merging (Tutorial),Branch,False,0,0,0,0
Version-2,6a6578edff79bf083c529c89,LEPHUCCANG,Merge Conflicts (Tutorial),Branch,False,0,0,0,0
Version-2,6a6578edff79bf083c529c89,LEPHUCCANG,Create Remote Repository (Tutorial),Remote,False,0,0,0,0
Version-2,6a6578edff79bf083c529c89,LEPHUCCANG,Push to Remote Branches (Tutorial),Remote,False,0,0,0,0
Version-2,6a6578edff79bf083c529c89,LEPHUCCANG,Keep Branches in Sync (Tutorial),Remote,False,0,0,0,0
Version-2,6a6578edff79bf083c529c89,LEPHUCCANG,Preparation for Merging (Tutorial),Remote,False,0,0,0,0
Version-2,6a6578edff79bf083c529c89,LEPHUCCANG,Creating a Pull Request (Tutorial),Remote,False,0,0,0,0
Version-2,6a6578edff79bf083c529c89,LEPHUCCANG,Review and Merge Pull Requests (Tutorial),Remote,False,0,0,0,0
Version-2,6a6578edff79bf083c529c89,LEPHUCCANG,Game Introduction (Practice),Basic,False,0,0,0,0
Version-2,6a6578edff79bf083c529c89,LEPHUCCANG,Version Control and Git (Practice),Basic,False,0,0,0,0
Version-2,6a6578edff79bf083c529c89,LEPHUCCANG,Create Local Repository (Practice),Basic,False,0,0,0,0
Version-2,6a6578edff79bf083c529c89,LEPHUCCANG,Basic Staging Area (Practice),Basic,False,0,0,0,0
Version-2,6a6578edff79bf083c529c89,LEPHUCCANG,Advanced Staging Area (Practice),Basic,False,0,0,0,0
Version-2,6a6578edff79bf083c529c89,LEPHUCCANG,Creating First Version (Practice),Basic,False,0,0,0,0
Version-2,6a6578edff79bf083c529c89,LEPHUCCANG,Switching Project Versions (Practice),Basic,False,0,0,0,0
Version-2,6a6578edff79bf083c529c89,LEPHUCCANG,Git Branching Basics (Practice),Branch,False,0,0,0,0
Version-2,6a6578edff79bf083c529c89,LEPHUCCANG,Fast-Forward Merging (Practice),Branch,False,0,0,0,0
Version-2,6a6578edff79bf083c529c89,LEPHUCCANG,Auto Merging (Practice),Branch,False,0,0,0,0
Version-2,6a6578edff79bf083c529c89,LEPHUCCANG,Merge Conflicts (Practice),Branch,False,0,0,0,0
Version-2,6a6578edff79bf083c529c89,LEPHUCCANG,Create Remote Repository (Practice),Remote,False,0,0,0,0
Version-2,6a6578edff79bf083c529c89,LEPHUCCANG,Push to Remote Branches (Practice),Remote,False,0,0,0,0
Version-2,6a6578edff79bf083c529c89,LEPHUCCANG,Keep Branches in Sync (Practice),Remote,False,0,0,0,0
Version-2,6a6578edff79bf083c529c89,LEPHUCCANG,Preparation for Merging (Practice),Remote,False,0,0,0,0
Version-2,6a6578edff79bf083c529c89,LEPHUCCANG,Creating a Pull Request (Practice),Remote,False,0,0,0,0
Version-2,6a6578edff79bf083c529c89,LEPHUCCANG,Review and Merge Pull Requests (Practice),Remote,False,0,0,0,0
Version-2,6a659288ff79bf083c52a02e,TuGiaDat,Game Introduction (Tutorial),Basic,True,1,4,7000,65
Version-2,6a659288ff79bf083c52a02e,TuGiaDat,Version Control and Git (Tutorial),Basic,True,1,4,3000,647
Version-2,6a659288ff79bf083c52a02e,TuGiaDat,Create Local Repository (Tutorial),Basic,True,1,4,4000,510
Version-2,6a659288ff79bf083c52a02e,TuGiaDat,Basic Staging Area (Tutorial),Basic,True,1,4,5000,778
Version-2,6a659288ff79bf083c52a02e,TuGiaDat,Advanced Staging Area (Tutorial),Basic,True,1,4,6000,518
Version-2,6a659288ff79bf083c52a02e,TuGiaDat,Creating First Version (Tutorial),Basic,True,2,4,16000,214
Version-2,6a659288ff79bf083c52a02e,TuGiaDat,Switching Project Versions (Tutorial),Basic,True,1,3,7500,790
Version-2,6a659288ff79bf083c52a02e,TuGiaDat,Git Branching Basics (Tutorial),Branch,True,2,2,8000,865
Version-2,6a659288ff79bf083c52a02e,TuGiaDat,Fast-Forward Merging (Tutorial),Branch,True,0,0,0,0
Version-2,6a659288ff79bf083c52a02e,TuGiaDat,Auto Merging (Tutorial),Branch,False,0,0,0,0
Version-2,6a659288ff79bf083c52a02e,TuGiaDat,Merge Conflicts (Tutorial),Branch,False,0,0,0,0
Version-2,6a659288ff79bf083c52a02e,TuGiaDat,Create Remote Repository (Tutorial),Remote,False,0,0,0,0
Version-2,6a659288ff79bf083c52a02e,TuGiaDat,Push to Remote Branches (Tutorial),Remote,False,0,0,0,0
Version-2,6a659288ff79bf083c52a02e,TuGiaDat,Keep Branches in Sync (Tutorial),Remote,False,0,0,0,0
Version-2,6a659288ff79bf083c52a02e,TuGiaDat,Preparation for Merging (Tutorial),Remote,False,0,0,0,0
Version-2,6a659288ff79bf083c52a02e,TuGiaDat,Creating a Pull Request (Tutorial),Remote,False,0,0,0,0
Version-2,6a659288ff79bf083c52a02e,TuGiaDat,Review and Merge Pull Requests (Tutorial),Remote,False,0,0,0,0
Version-2,6a659288ff79bf083c52a02e,TuGiaDat,Game Introduction (Practice),Basic,True,1,3,6250,101
Version-2,6a659288ff79bf083c52a02e,TuGiaDat,Version Control and Git (Practice),Basic,True,1,2,4000,211
Version-2,6a659288ff79bf083c52a02e,TuGiaDat,Create Local Repository (Practice),Basic,True,0,0,0,0
Version-2,6a659288ff79bf083c52a02e,TuGiaDat,Basic Staging Area (Practice),Basic,True,0,0,0,0
Version-2,6a659288ff79bf083c52a02e,TuGiaDat,Advanced Staging Area (Practice),Basic,True,0,0,0,0
Version-2,6a659288ff79bf083c52a02e,TuGiaDat,Creating First Version (Practice),Basic,True,0,0,0,0
Version-2,6a659288ff79bf083c52a02e,TuGiaDat,Switching Project Versions (Practice),Basic,True,0,0,0,0
Version-2,6a659288ff79bf083c52a02e,TuGiaDat,Git Branching Basics (Practice),Branch,True,0,0,0,0
Version-2,6a659288ff79bf083c52a02e,TuGiaDat,Fast-Forward Merging (Practice),Branch,False,0,0,0,0
Version-2,6a659288ff79bf083c52a02e,TuGiaDat,Auto Merging (Practice),Branch,False,0,0,0,0
Version-2,6a659288ff79bf083c52a02e,TuGiaDat,Merge Conflicts (Practice),Branch,False,0,0,0,0
Version-2,6a659288ff79bf083c52a02e,TuGiaDat,Create Remote Repository (Practice),Remote,False,0,0,0,0
Version-2,6a659288ff79bf083c52a02e,TuGiaDat,Push to Remote Branches (Practice),Remote,False,0,0,0,0
Version-2,6a659288ff79bf083c52a02e,TuGiaDat,Keep Branches in Sync (Practice),Remote,False,0,0,0,0
Version-2,6a659288ff79bf083c52a02e,TuGiaDat,Preparation for Merging (Practice),Remote,False,0,0,0,0
Version-2,6a659288ff79bf083c52a02e,TuGiaDat,Creating a Pull Request (Practice),Remote,False,0,0,0,0
Version-2,6a659288ff79bf083c52a02e,TuGiaDat,Review and Merge Pull Requests (Practice),Remote,False,0,0,0,0
Version-2,6a659400ff79bf083c52a07e,TRANPHUDINH,Game Introduction (Tutorial),Basic,True,0,0,0,0
Version-2,6a659400ff79bf083c52a07e,TRANPHUDINH,Version Control and Git (Tutorial),Basic,False,0,0,0,0
Version-2,6a659400ff79bf083c52a07e,TRANPHUDINH,Create Local Repository (Tutorial),Basic,False,0,0,0,0
Version-2,6a659400ff79bf083c52a07e,TRANPHUDINH,Basic Staging Area (Tutorial),Basic,False,0,0,0,0
Version-2,6a659400ff79bf083c52a07e,TRANPHUDINH,Advanced Staging Area (Tutorial),Basic,False,0,0,0,0
Version-2,6a659400ff79bf083c52a07e,TRANPHUDINH,Creating First Version (Tutorial),Basic,False,0,0,0,0
Version-2,6a659400ff79bf083c52a07e,TRANPHUDINH,Switching Project Versions (Tutorial),Basic,False,0,0,0,0
Version-2,6a659400ff79bf083c52a07e,TRANPHUDINH,Git Branching Basics (Tutorial),Branch,False,0,0,0,0
Version-2,6a659400ff79bf083c52a07e,TRANPHUDINH,Fast-Forward Merging (Tutorial),Branch,False,0,0,0,0
Version-2,6a659400ff79bf083c52a07e,TRANPHUDINH,Auto Merging (Tutorial),Branch,False,0,0,0,0
Version-2,6a659400ff79bf083c52a07e,TRANPHUDINH,Merge Conflicts (Tutorial),Branch,False,0,0,0,0
Version-2,6a659400ff79bf083c52a07e,TRANPHUDINH,Create Remote Repository (Tutorial),Remote,False,0,0,0,0
Version-2,6a659400ff79bf083c52a07e,TRANPHUDINH,Push to Remote Branches (Tutorial),Remote,False,0,0,0,0
Version-2,6a659400ff79bf083c52a07e,TRANPHUDINH,Keep Branches in Sync (Tutorial),Remote,False,0,0,0,0
Version-2,6a659400ff79bf083c52a07e,TRANPHUDINH,Preparation for Merging (Tutorial),Remote,False,0,0,0,0
Version-2,6a659400ff79bf083c52a07e,TRANPHUDINH,Creating a Pull Request (Tutorial),Remote,False,0,0,0,0
Version-2,6a659400ff79bf083c52a07e,TRANPHUDINH,Review and Merge Pull Requests (Tutorial),Remote,False,0,0,0,0
Version-2,6a659400ff79bf083c52a07e,TRANPHUDINH,Game Introduction (Practice),Basic,False,0,0,0,0
Version-2,6a659400ff79bf083c52a07e,TRANPHUDINH,Version Control and Git (Practice),Basic,False,0,0,0,0
Version-2,6a659400ff79bf083c52a07e,TRANPHUDINH,Create Local Repository (Practice),Basic,False,0,0,0,0
Version-2,6a659400ff79bf083c52a07e,TRANPHUDINH,Basic Staging Area (Practice),Basic,False,0,0,0,0
Version-2,6a659400ff79bf083c52a07e,TRANPHUDINH,Advanced Staging Area (Practice),Basic,False,0,0,0,0
Version-2,6a659400ff79bf083c52a07e,TRANPHUDINH,Creating First Version (Practice),Basic,False,0,0,0,0
Version-2,6a659400ff79bf083c52a07e,TRANPHUDINH,Switching Project Versions (Practice),Basic,False,0,0,0,0
Version-2,6a659400ff79bf083c52a07e,TRANPHUDINH,Git Branching Basics (Practice),Branch,False,0,0,0,0
Version-2,6a659400ff79bf083c52a07e,TRANPHUDINH,Fast-Forward Merging (Practice),Branch,False,0,0,0,0
Version-2,6a659400ff79bf083c52a07e,TRANPHUDINH,Auto Merging (Practice),Branch,False,0,0,0,0
Version-2,6a659400ff79bf083c52a07e,TRANPHUDINH,Merge Conflicts (Practice),Branch,False,0,0,0,0
Version-2,6a659400ff79bf083c52a07e,TRANPHUDINH,Create Remote Repository (Practice),Remote,False,0,0,0,0
Version-2,6a659400ff79bf083c52a07e,TRANPHUDINH,Push to Remote Branches (Practice),Remote,False,0,0,0,0
Version-2,6a659400ff79bf083c52a07e,TRANPHUDINH,Keep Branches in Sync (Practice),Remote,False,0,0,0,0
Version-2,6a659400ff79bf083c52a07e,TRANPHUDINH,Preparation for Merging (Practice),Remote,False,0,0,0,0
Version-2,6a659400ff79bf083c52a07e,TRANPHUDINH,Creating a Pull Request (Practice),Remote,False,0,0,0,0
Version-2,6a659400ff79bf083c52a07e,TRANPHUDINH,Review and Merge Pull Requests (Practice),Remote,False,0,0,0,0
Version-2,6a65970bff79bf083c52a0d6,nguyenhoanthong,Game Introduction (Tutorial),Basic,True,1,4,7000,392
Version-2,6a65970bff79bf083c52a0d6,nguyenhoanthong,Version Control and Git (Tutorial),Basic,True,4,4,3000,45
Version-2,6a65970bff79bf083c52a0d6,nguyenhoanthong,Create Local Repository (Tutorial),Basic,True,2,4,4000,33
Version-2,6a65970bff79bf083c52a0d6,nguyenhoanthong,Basic Staging Area (Tutorial),Basic,True,2,4,5000,59
Version-2,6a65970bff79bf083c52a0d6,nguyenhoanthong,Advanced Staging Area (Tutorial),Basic,True,1,4,6000,253
Version-2,6a65970bff79bf083c52a0d6,nguyenhoanthong,Creating First Version (Tutorial),Basic,True,1,4,16000,394
Version-2,6a65970bff79bf083c52a0d6,nguyenhoanthong,Switching Project Versions (Tutorial),Basic,True,2,4,8000,199
Version-2,6a65970bff79bf083c52a0d6,nguyenhoanthong,Git Branching Basics (Tutorial),Branch,True,2,4,9000,236
Version-2,6a65970bff79bf083c52a0d6,nguyenhoanthong,Fast-Forward Merging (Tutorial),Branch,True,1,4,6000,380
Version-2,6a65970bff79bf083c52a0d6,nguyenhoanthong,Auto Merging (Tutorial),Branch,True,1,3,7750,483
Version-2,6a65970bff79bf083c52a0d6,nguyenhoanthong,Merge Conflicts (Tutorial),Branch,True,1,3,6750,446
Version-2,6a65970bff79bf083c52a0d6,nguyenhoanthong,Create Remote Repository (Tutorial),Remote,True,0,0,0,0
Version-2,6a65970bff79bf083c52a0d6,nguyenhoanthong,Push to Remote Branches (Tutorial),Remote,False,0,0,0,0
Version-2,6a65970bff79bf083c52a0d6,nguyenhoanthong,Keep Branches in Sync (Tutorial),Remote,False,0,0,0,0
Version-2,6a65970bff79bf083c52a0d6,nguyenhoanthong,Preparation for Merging (Tutorial),Remote,False,0,0,0,0
Version-2,6a65970bff79bf083c52a0d6,nguyenhoanthong,Creating a Pull Request (Tutorial),Remote,False,0,0,0,0
Version-2,6a65970bff79bf083c52a0d6,nguyenhoanthong,Review and Merge Pull Requests (Tutorial),Remote,False,0,0,0,0
Version-2,6a65970bff79bf083c52a0d6,nguyenhoanthong,Game Introduction (Practice),Basic,True,1,4,7000,53
Version-2,6a65970bff79bf083c52a0d6,nguyenhoanthong,Version Control and Git (Practice),Basic,True,1,4,7000,104
Version-2,6a65970bff79bf083c52a0d6,nguyenhoanthong,Create Local Repository (Practice),Basic,True,0,0,0,0
Version-2,6a65970bff79bf083c52a0d6,nguyenhoanthong,Basic Staging Area (Practice),Basic,True,2,4,3000,45
Version-2,6a65970bff79bf083c52a0d6,nguyenhoanthong,Advanced Staging Area (Practice),Basic,True,1,4,3000,130
Version-2,6a65970bff79bf083c52a0d6,nguyenhoanthong,Creating First Version (Practice),Basic,True,1,4,8000,134
Version-2,6a65970bff79bf083c52a0d6,nguyenhoanthong,Switching Project Versions (Practice),Basic,True,1,3,6750,211
Version-2,6a65970bff79bf083c52a0d6,nguyenhoanthong,Git Branching Basics (Practice),Branch,True,1,3,8750,320
Version-2,6a65970bff79bf083c52a0d6,nguyenhoanthong,Fast-Forward Merging (Practice),Branch,True,1,4,7000,262
Version-2,6a65970bff79bf083c52a0d6,nguyenhoanthong,Auto Merging (Practice),Branch,True,1,3,5750,288
Version-2,6a65970bff79bf083c52a0d6,nguyenhoanthong,Merge Conflicts (Practice),Branch,True,0,0,0,0
Version-2,6a65970bff79bf083c52a0d6,nguyenhoanthong,Create Remote Repository (Practice),Remote,False,0,0,0,0
Version-2,6a65970bff79bf083c52a0d6,nguyenhoanthong,Push to Remote Branches (Practice),Remote,False,0,0,0,0
Version-2,6a65970bff79bf083c52a0d6,nguyenhoanthong,Keep Branches in Sync (Practice),Remote,False,0,0,0,0
Version-2,6a65970bff79bf083c52a0d6,nguyenhoanthong,Preparation for Merging (Practice),Remote,False,0,0,0,0
Version-2,6a65970bff79bf083c52a0d6,nguyenhoanthong,Creating a Pull Request (Practice),Remote,False,0,0,0,0
Version-2,6a65970bff79bf083c52a0d6,nguyenhoanthong,Review and Merge Pull Requests (Practice),Remote,False,0,0,0,0
Version-2,6a65bdbbff79bf083c52a4a5,lamminhthien,Game Introduction (Tutorial),Basic,True,2,4,7000,46
Version-2,6a65bdbbff79bf083c52a4a5,lamminhthien,Version Control and Git (Tutorial),Basic,True,0,0,0,0
Version-2,6a65bdbbff79bf083c52a4a5,lamminhthien,Create Local Repository (Tutorial),Basic,False,0,0,0,0
Version-2,6a65bdbbff79bf083c52a4a5,lamminhthien,Basic Staging Area (Tutorial),Basic,False,0,0,0,0
Version-2,6a65bdbbff79bf083c52a4a5,lamminhthien,Advanced Staging Area (Tutorial),Basic,False,0,0,0,0
Version-2,6a65bdbbff79bf083c52a4a5,lamminhthien,Creating First Version (Tutorial),Basic,False,0,0,0,0
Version-2,6a65bdbbff79bf083c52a4a5,lamminhthien,Switching Project Versions (Tutorial),Basic,False,0,0,0,0
Version-2,6a65bdbbff79bf083c52a4a5,lamminhthien,Git Branching Basics (Tutorial),Branch,False,0,0,0,0
Version-2,6a65bdbbff79bf083c52a4a5,lamminhthien,Fast-Forward Merging (Tutorial),Branch,False,0,0,0,0
Version-2,6a65bdbbff79bf083c52a4a5,lamminhthien,Auto Merging (Tutorial),Branch,False,0,0,0,0
Version-2,6a65bdbbff79bf083c52a4a5,lamminhthien,Merge Conflicts (Tutorial),Branch,False,0,0,0,0
Version-2,6a65bdbbff79bf083c52a4a5,lamminhthien,Create Remote Repository (Tutorial),Remote,False,0,0,0,0
Version-2,6a65bdbbff79bf083c52a4a5,lamminhthien,Push to Remote Branches (Tutorial),Remote,False,0,0,0,0
Version-2,6a65bdbbff79bf083c52a4a5,lamminhthien,Keep Branches in Sync (Tutorial),Remote,False,0,0,0,0
Version-2,6a65bdbbff79bf083c52a4a5,lamminhthien,Preparation for Merging (Tutorial),Remote,False,0,0,0,0
Version-2,6a65bdbbff79bf083c52a4a5,lamminhthien,Creating a Pull Request (Tutorial),Remote,False,0,0,0,0
Version-2,6a65bdbbff79bf083c52a4a5,lamminhthien,Review and Merge Pull Requests (Tutorial),Remote,False,0,0,0,0
Version-2,6a65bdbbff79bf083c52a4a5,lamminhthien,Game Introduction (Practice),Basic,True,0,0,0,0
Version-2,6a65bdbbff79bf083c52a4a5,lamminhthien,Version Control and Git (Practice),Basic,False,0,0,0,0
Version-2,6a65bdbbff79bf083c52a4a5,lamminhthien,Create Local Repository (Practice),Basic,False,0,0,0,0
Version-2,6a65bdbbff79bf083c52a4a5,lamminhthien,Basic Staging Area (Practice),Basic,False,0,0,0,0
Version-2,6a65bdbbff79bf083c52a4a5,lamminhthien,Advanced Staging Area (Practice),Basic,False,0,0,0,0
Version-2,6a65bdbbff79bf083c52a4a5,lamminhthien,Creating First Version (Practice),Basic,False,0,0,0,0
Version-2,6a65bdbbff79bf083c52a4a5,lamminhthien,Switching Project Versions (Practice),Basic,False,0,0,0,0
Version-2,6a65bdbbff79bf083c52a4a5,lamminhthien,Git Branching Basics (Practice),Branch,False,0,0,0,0
Version-2,6a65bdbbff79bf083c52a4a5,lamminhthien,Fast-Forward Merging (Practice),Branch,False,0,0,0,0
Version-2,6a65bdbbff79bf083c52a4a5,lamminhthien,Auto Merging (Practice),Branch,False,0,0,0,0
Version-2,6a65bdbbff79bf083c52a4a5,lamminhthien,Merge Conflicts (Practice),Branch,False,0,0,0,0
Version-2,6a65bdbbff79bf083c52a4a5,lamminhthien,Create Remote Repository (Practice),Remote,False,0,0,0,0
Version-2,6a65bdbbff79bf083c52a4a5,lamminhthien,Push to Remote Branches (Practice),Remote,False,0,0,0,0
Version-2,6a65bdbbff79bf083c52a4a5,lamminhthien,Keep Branches in Sync (Practice),Remote,False,0,0,0,0
Version-2,6a65bdbbff79bf083c52a4a5,lamminhthien,Preparation for Merging (Practice),Remote,False,0,0,0,0
Version-2,6a65bdbbff79bf083c52a4a5,lamminhthien,Creating a Pull Request (Practice),Remote,False,0,0,0,0
Version-2,6a65bdbbff79bf083c52a4a5,lamminhthien,Review and Merge Pull Requests (Practice),Remote,False,0,0,0,0
Version-2,6a65bedfff79bf083c52a4ed,Le Nguyen Minh Tan,Game Introduction (Tutorial),Basic,True,1,4,7000,76
Version-2,6a65bedfff79bf083c52a4ed,Le Nguyen Minh Tan,Version Control and Git (Tutorial),Basic,True,0,0,0,0
Version-2,6a65bedfff79bf083c52a4ed,Le Nguyen Minh Tan,Create Local Repository (Tutorial),Basic,False,0,0,0,0
Version-2,6a65bedfff79bf083c52a4ed,Le Nguyen Minh Tan,Basic Staging Area (Tutorial),Basic,False,0,0,0,0
Version-2,6a65bedfff79bf083c52a4ed,Le Nguyen Minh Tan,Advanced Staging Area (Tutorial),Basic,False,0,0,0,0
Version-2,6a65bedfff79bf083c52a4ed,Le Nguyen Minh Tan,Creating First Version (Tutorial),Basic,False,0,0,0,0
Version-2,6a65bedfff79bf083c52a4ed,Le Nguyen Minh Tan,Switching Project Versions (Tutorial),Basic,False,0,0,0,0
Version-2,6a65bedfff79bf083c52a4ed,Le Nguyen Minh Tan,Git Branching Basics (Tutorial),Branch,False,0,0,0,0
Version-2,6a65bedfff79bf083c52a4ed,Le Nguyen Minh Tan,Fast-Forward Merging (Tutorial),Branch,False,0,0,0,0
Version-2,6a65bedfff79bf083c52a4ed,Le Nguyen Minh Tan,Auto Merging (Tutorial),Branch,False,0,0,0,0
Version-2,6a65bedfff79bf083c52a4ed,Le Nguyen Minh Tan,Merge Conflicts (Tutorial),Branch,False,0,0,0,0
Version-2,6a65bedfff79bf083c52a4ed,Le Nguyen Minh Tan,Create Remote Repository (Tutorial),Remote,False,0,0,0,0
Version-2,6a65bedfff79bf083c52a4ed,Le Nguyen Minh Tan,Push to Remote Branches (Tutorial),Remote,False,0,0,0,0
Version-2,6a65bedfff79bf083c52a4ed,Le Nguyen Minh Tan,Keep Branches in Sync (Tutorial),Remote,False,0,0,0,0
Version-2,6a65bedfff79bf083c52a4ed,Le Nguyen Minh Tan,Preparation for Merging (Tutorial),Remote,False,0,0,0,0
Version-2,6a65bedfff79bf083c52a4ed,Le Nguyen Minh Tan,Creating a Pull Request (Tutorial),Remote,False,0,0,0,0
Version-2,6a65bedfff79bf083c52a4ed,Le Nguyen Minh Tan,Review and Merge Pull Requests (Tutorial),Remote,False,0,0,0,0
Version-2,6a65bedfff79bf083c52a4ed,Le Nguyen Minh Tan,Game Introduction (Practice),Basic,True,0,0,0,0
Version-2,6a65bedfff79bf083c52a4ed,Le Nguyen Minh Tan,Version Control and Git (Practice),Basic,False,0,0,0,0
Version-2,6a65bedfff79bf083c52a4ed,Le Nguyen Minh Tan,Create Local Repository (Practice),Basic,False,0,0,0,0
Version-2,6a65bedfff79bf083c52a4ed,Le Nguyen Minh Tan,Basic Staging Area (Practice),Basic,False,0,0,0,0
Version-2,6a65bedfff79bf083c52a4ed,Le Nguyen Minh Tan,Advanced Staging Area (Practice),Basic,False,0,0,0,0
Version-2,6a65bedfff79bf083c52a4ed,Le Nguyen Minh Tan,Creating First Version (Practice),Basic,False,0,0,0,0
Version-2,6a65bedfff79bf083c52a4ed,Le Nguyen Minh Tan,Switching Project Versions (Practice),Basic,False,0,0,0,0
Version-2,6a65bedfff79bf083c52a4ed,Le Nguyen Minh Tan,Git Branching Basics (Practice),Branch,False,0,0,0,0
Version-2,6a65bedfff79bf083c52a4ed,Le Nguyen Minh Tan,Fast-Forward Merging (Practice),Branch,False,0,0,0,0
Version-2,6a65bedfff79bf083c52a4ed,Le Nguyen Minh Tan,Auto Merging (Practice),Branch,False,0,0,0,0
Version-2,6a65bedfff79bf083c52a4ed,Le Nguyen Minh Tan,Merge Conflicts (Practice),Branch,False,0,0,0,0
Version-2,6a65bedfff79bf083c52a4ed,Le Nguyen Minh Tan,Create Remote Repository (Practice),Remote,False,0,0,0,0
Version-2,6a65bedfff79bf083c52a4ed,Le Nguyen Minh Tan,Push to Remote Branches (Practice),Remote,False,0,0,0,0
Version-2,6a65bedfff79bf083c52a4ed,Le Nguyen Minh Tan,Keep Branches in Sync (Practice),Remote,False,0,0,0,0
Version-2,6a65bedfff79bf083c52a4ed,Le Nguyen Minh Tan,Preparation for Merging (Practice),Remote,False,0,0,0,0
Version-2,6a65bedfff79bf083c52a4ed,Le Nguyen Minh Tan,Creating a Pull Request (Practice),Remote,False,0,0,0,0
Version-2,6a65bedfff79bf083c52a4ed,Le Nguyen Minh Tan,Review and Merge Pull Requests (Practice),Remote,False,0,0,0,0
Version-2,6a65c060ff79bf083c52a599,NguyenDuyTan,Game Introduction (Tutorial),Basic,True,1,4,7000,59
Version-2,6a65c060ff79bf083c52a599,NguyenDuyTan,Version Control and Git (Tutorial),Basic,True,0,0,0,0
Version-2,6a65c060ff79bf083c52a599,NguyenDuyTan,Create Local Repository (Tutorial),Basic,False,0,0,0,0
Version-2,6a65c060ff79bf083c52a599,NguyenDuyTan,Basic Staging Area (Tutorial),Basic,False,0,0,0,0
Version-2,6a65c060ff79bf083c52a599,NguyenDuyTan,Advanced Staging Area (Tutorial),Basic,False,0,0,0,0
Version-2,6a65c060ff79bf083c52a599,NguyenDuyTan,Creating First Version (Tutorial),Basic,False,0,0,0,0
Version-2,6a65c060ff79bf083c52a599,NguyenDuyTan,Switching Project Versions (Tutorial),Basic,False,0,0,0,0
Version-2,6a65c060ff79bf083c52a599,NguyenDuyTan,Git Branching Basics (Tutorial),Branch,False,0,0,0,0
Version-2,6a65c060ff79bf083c52a599,NguyenDuyTan,Fast-Forward Merging (Tutorial),Branch,False,0,0,0,0
Version-2,6a65c060ff79bf083c52a599,NguyenDuyTan,Auto Merging (Tutorial),Branch,False,0,0,0,0
Version-2,6a65c060ff79bf083c52a599,NguyenDuyTan,Merge Conflicts (Tutorial),Branch,False,0,0,0,0
Version-2,6a65c060ff79bf083c52a599,NguyenDuyTan,Create Remote Repository (Tutorial),Remote,False,0,0,0,0
Version-2,6a65c060ff79bf083c52a599,NguyenDuyTan,Push to Remote Branches (Tutorial),Remote,False,0,0,0,0
Version-2,6a65c060ff79bf083c52a599,NguyenDuyTan,Keep Branches in Sync (Tutorial),Remote,False,0,0,0,0
Version-2,6a65c060ff79bf083c52a599,NguyenDuyTan,Preparation for Merging (Tutorial),Remote,False,0,0,0,0
Version-2,6a65c060ff79bf083c52a599,NguyenDuyTan,Creating a Pull Request (Tutorial),Remote,False,0,0,0,0
Version-2,6a65c060ff79bf083c52a599,NguyenDuyTan,Review and Merge Pull Requests (Tutorial),Remote,False,0,0,0,0
Version-2,6a65c060ff79bf083c52a599,NguyenDuyTan,Game Introduction (Practice),Basic,True,0,0,0,0
Version-2,6a65c060ff79bf083c52a599,NguyenDuyTan,Version Control and Git (Practice),Basic,False,0,0,0,0
Version-2,6a65c060ff79bf083c52a599,NguyenDuyTan,Create Local Repository (Practice),Basic,False,0,0,0,0
Version-2,6a65c060ff79bf083c52a599,NguyenDuyTan,Basic Staging Area (Practice),Basic,False,0,0,0,0
Version-2,6a65c060ff79bf083c52a599,NguyenDuyTan,Advanced Staging Area (Practice),Basic,False,0,0,0,0
Version-2,6a65c060ff79bf083c52a599,NguyenDuyTan,Creating First Version (Practice),Basic,False,0,0,0,0
Version-2,6a65c060ff79bf083c52a599,NguyenDuyTan,Switching Project Versions (Practice),Basic,False,0,0,0,0
Version-2,6a65c060ff79bf083c52a599,NguyenDuyTan,Git Branching Basics (Practice),Branch,False,0,0,0,0
Version-2,6a65c060ff79bf083c52a599,NguyenDuyTan,Fast-Forward Merging (Practice),Branch,False,0,0,0,0
Version-2,6a65c060ff79bf083c52a599,NguyenDuyTan,Auto Merging (Practice),Branch,False,0,0,0,0
Version-2,6a65c060ff79bf083c52a599,NguyenDuyTan,Merge Conflicts (Practice),Branch,False,0,0,0,0
Version-2,6a65c060ff79bf083c52a599,NguyenDuyTan,Create Remote Repository (Practice),Remote,False,0,0,0,0
Version-2,6a65c060ff79bf083c52a599,NguyenDuyTan,Push to Remote Branches (Practice),Remote,False,0,0,0,0
Version-2,6a65c060ff79bf083c52a599,NguyenDuyTan,Keep Branches in Sync (Practice),Remote,False,0,0,0,0
Version-2,6a65c060ff79bf083c52a599,NguyenDuyTan,Preparation for Merging (Practice),Remote,False,0,0,0,0
Version-2,6a65c060ff79bf083c52a599,NguyenDuyTan,Creating a Pull Request (Practice),Remote,False,0,0,0,0
Version-2,6a65c060ff79bf083c52a599,NguyenDuyTan,Review and Merge Pull Requests (Practice),Remote,False,0,0,0,0
Version-2,6a65c156ff79bf083c52a633,HuynhThienSonTTA,Game Introduction (Tutorial),Basic,True,1,3,6750,67
Version-2,6a65c156ff79bf083c52a633,HuynhThienSonTTA,Version Control and Git (Tutorial),Basic,True,0,0,0,0
Version-2,6a65c156ff79bf083c52a633,HuynhThienSonTTA,Create Local Repository (Tutorial),Basic,False,0,0,0,0
Version-2,6a65c156ff79bf083c52a633,HuynhThienSonTTA,Basic Staging Area (Tutorial),Basic,False,0,0,0,0
Version-2,6a65c156ff79bf083c52a633,HuynhThienSonTTA,Advanced Staging Area (Tutorial),Basic,False,0,0,0,0
Version-2,6a65c156ff79bf083c52a633,HuynhThienSonTTA,Creating First Version (Tutorial),Basic,False,0,0,0,0
Version-2,6a65c156ff79bf083c52a633,HuynhThienSonTTA,Switching Project Versions (Tutorial),Basic,False,0,0,0,0
Version-2,6a65c156ff79bf083c52a633,HuynhThienSonTTA,Git Branching Basics (Tutorial),Branch,False,0,0,0,0
Version-2,6a65c156ff79bf083c52a633,HuynhThienSonTTA,Fast-Forward Merging (Tutorial),Branch,False,0,0,0,0
Version-2,6a65c156ff79bf083c52a633,HuynhThienSonTTA,Auto Merging (Tutorial),Branch,False,0,0,0,0
Version-2,6a65c156ff79bf083c52a633,HuynhThienSonTTA,Merge Conflicts (Tutorial),Branch,False,0,0,0,0
Version-2,6a65c156ff79bf083c52a633,HuynhThienSonTTA,Create Remote Repository (Tutorial),Remote,False,0,0,0,0
Version-2,6a65c156ff79bf083c52a633,HuynhThienSonTTA,Push to Remote Branches (Tutorial),Remote,False,0,0,0,0
Version-2,6a65c156ff79bf083c52a633,HuynhThienSonTTA,Keep Branches in Sync (Tutorial),Remote,False,0,0,0,0
Version-2,6a65c156ff79bf083c52a633,HuynhThienSonTTA,Preparation for Merging (Tutorial),Remote,False,0,0,0,0
Version-2,6a65c156ff79bf083c52a633,HuynhThienSonTTA,Creating a Pull Request (Tutorial),Remote,False,0,0,0,0
Version-2,6a65c156ff79bf083c52a633,HuynhThienSonTTA,Review and Merge Pull Requests (Tutorial),Remote,False,0,0,0,0
Version-2,6a65c156ff79bf083c52a633,HuynhThienSonTTA,Game Introduction (Practice),Basic,True,0,0,0,0
Version-2,6a65c156ff79bf083c52a633,HuynhThienSonTTA,Version Control and Git (Practice),Basic,False,0,0,0,0
Version-2,6a65c156ff79bf083c52a633,HuynhThienSonTTA,Create Local Repository (Practice),Basic,False,0,0,0,0
Version-2,6a65c156ff79bf083c52a633,HuynhThienSonTTA,Basic Staging Area (Practice),Basic,False,0,0,0,0
Version-2,6a65c156ff79bf083c52a633,HuynhThienSonTTA,Advanced Staging Area (Practice),Basic,False,0,0,0,0
Version-2,6a65c156ff79bf083c52a633,HuynhThienSonTTA,Creating First Version (Practice),Basic,False,0,0,0,0
Version-2,6a65c156ff79bf083c52a633,HuynhThienSonTTA,Switching Project Versions (Practice),Basic,False,0,0,0,0
Version-2,6a65c156ff79bf083c52a633,HuynhThienSonTTA,Git Branching Basics (Practice),Branch,False,0,0,0,0
Version-2,6a65c156ff79bf083c52a633,HuynhThienSonTTA,Fast-Forward Merging (Practice),Branch,False,0,0,0,0
Version-2,6a65c156ff79bf083c52a633,HuynhThienSonTTA,Auto Merging (Practice),Branch,False,0,0,0,0
Version-2,6a65c156ff79bf083c52a633,HuynhThienSonTTA,Merge Conflicts (Practice),Branch,False,0,0,0,0
Version-2,6a65c156ff79bf083c52a633,HuynhThienSonTTA,Create Remote Repository (Practice),Remote,False,0,0,0,0
Version-2,6a65c156ff79bf083c52a633,HuynhThienSonTTA,Push to Remote Branches (Practice),Remote,False,0,0,0,0
Version-2,6a65c156ff79bf083c52a633,HuynhThienSonTTA,Keep Branches in Sync (Practice),Remote,False,0,0,0,0
Version-2,6a65c156ff79bf083c52a633,HuynhThienSonTTA,Preparation for Merging (Practice),Remote,False,0,0,0,0
Version-2,6a65c156ff79bf083c52a633,HuynhThienSonTTA,Creating a Pull Request (Practice),Remote,False,0,0,0,0
Version-2,6a65c156ff79bf083c52a633,HuynhThienSonTTA,Review and Merge Pull Requests (Practice),Remote,False,0,0,0,0
Version-2,6a65c172ff79bf083c52a645,ninhbeta,Game Introduction (Tutorial),Basic,True,0,0,0,0
Version-2,6a65c172ff79bf083c52a645,ninhbeta,Version Control and Git (Tutorial),Basic,False,0,0,0,0
Version-2,6a65c172ff79bf083c52a645,ninhbeta,Create Local Repository (Tutorial),Basic,False,0,0,0,0
Version-2,6a65c172ff79bf083c52a645,ninhbeta,Basic Staging Area (Tutorial),Basic,False,0,0,0,0
Version-2,6a65c172ff79bf083c52a645,ninhbeta,Advanced Staging Area (Tutorial),Basic,False,0,0,0,0
Version-2,6a65c172ff79bf083c52a645,ninhbeta,Creating First Version (Tutorial),Basic,False,0,0,0,0
Version-2,6a65c172ff79bf083c52a645,ninhbeta,Switching Project Versions (Tutorial),Basic,False,0,0,0,0
Version-2,6a65c172ff79bf083c52a645,ninhbeta,Git Branching Basics (Tutorial),Branch,False,0,0,0,0
Version-2,6a65c172ff79bf083c52a645,ninhbeta,Fast-Forward Merging (Tutorial),Branch,False,0,0,0,0
Version-2,6a65c172ff79bf083c52a645,ninhbeta,Auto Merging (Tutorial),Branch,False,0,0,0,0
Version-2,6a65c172ff79bf083c52a645,ninhbeta,Merge Conflicts (Tutorial),Branch,False,0,0,0,0
Version-2,6a65c172ff79bf083c52a645,ninhbeta,Create Remote Repository (Tutorial),Remote,False,0,0,0,0
Version-2,6a65c172ff79bf083c52a645,ninhbeta,Push to Remote Branches (Tutorial),Remote,False,0,0,0,0
Version-2,6a65c172ff79bf083c52a645,ninhbeta,Keep Branches in Sync (Tutorial),Remote,False,0,0,0,0
Version-2,6a65c172ff79bf083c52a645,ninhbeta,Preparation for Merging (Tutorial),Remote,False,0,0,0,0
Version-2,6a65c172ff79bf083c52a645,ninhbeta,Creating a Pull Request (Tutorial),Remote,False,0,0,0,0
Version-2,6a65c172ff79bf083c52a645,ninhbeta,Review and Merge Pull Requests (Tutorial),Remote,False,0,0,0,0
Version-2,6a65c172ff79bf083c52a645,ninhbeta,Game Introduction (Practice),Basic,False,0,0,0,0
Version-2,6a65c172ff79bf083c52a645,ninhbeta,Version Control and Git (Practice),Basic,False,0,0,0,0
Version-2,6a65c172ff79bf083c52a645,ninhbeta,Create Local Repository (Practice),Basic,False,0,0,0,0
Version-2,6a65c172ff79bf083c52a645,ninhbeta,Basic Staging Area (Practice),Basic,False,0,0,0,0
Version-2,6a65c172ff79bf083c52a645,ninhbeta,Advanced Staging Area (Practice),Basic,False,0,0,0,0
Version-2,6a65c172ff79bf083c52a645,ninhbeta,Creating First Version (Practice),Basic,False,0,0,0,0
Version-2,6a65c172ff79bf083c52a645,ninhbeta,Switching Project Versions (Practice),Basic,False,0,0,0,0
Version-2,6a65c172ff79bf083c52a645,ninhbeta,Git Branching Basics (Practice),Branch,False,0,0,0,0
Version-2,6a65c172ff79bf083c52a645,ninhbeta,Fast-Forward Merging (Practice),Branch,False,0,0,0,0
Version-2,6a65c172ff79bf083c52a645,ninhbeta,Auto Merging (Practice),Branch,False,0,0,0,0
Version-2,6a65c172ff79bf083c52a645,ninhbeta,Merge Conflicts (Practice),Branch,False,0,0,0,0
Version-2,6a65c172ff79bf083c52a645,ninhbeta,Create Remote Repository (Practice),Remote,False,0,0,0,0
Version-2,6a65c172ff79bf083c52a645,ninhbeta,Push to Remote Branches (Practice),Remote,False,0,0,0,0
Version-2,6a65c172ff79bf083c52a645,ninhbeta,Keep Branches in Sync (Practice),Remote,False,0,0,0,0
Version-2,6a65c172ff79bf083c52a645,ninhbeta,Preparation for Merging (Practice),Remote,False,0,0,0,0
Version-2,6a65c172ff79bf083c52a645,ninhbeta,Creating a Pull Request (Practice),Remote,False,0,0,0,0
Version-2,6a65c172ff79bf083c52a645,ninhbeta,Review and Merge Pull Requests (Practice),Remote,False,0,0,0,0
Version-2,6a65c192ff79bf083c52a665,dinhminhven,Game Introduction (Tutorial),Basic,True,3,4,7000,39
Version-2,6a65c192ff79bf083c52a665,dinhminhven,Version Control and Git (Tutorial),Basic,True,0,0,0,0
Version-2,6a65c192ff79bf083c52a665,dinhminhven,Create Local Repository (Tutorial),Basic,False,0,0,0,0
Version-2,6a65c192ff79bf083c52a665,dinhminhven,Basic Staging Area (Tutorial),Basic,False,0,0,0,0
Version-2,6a65c192ff79bf083c52a665,dinhminhven,Advanced Staging Area (Tutorial),Basic,False,0,0,0,0
Version-2,6a65c192ff79bf083c52a665,dinhminhven,Creating First Version (Tutorial),Basic,False,0,0,0,0
Version-2,6a65c192ff79bf083c52a665,dinhminhven,Switching Project Versions (Tutorial),Basic,False,0,0,0,0
Version-2,6a65c192ff79bf083c52a665,dinhminhven,Git Branching Basics (Tutorial),Branch,False,0,0,0,0
Version-2,6a65c192ff79bf083c52a665,dinhminhven,Fast-Forward Merging (Tutorial),Branch,False,0,0,0,0
Version-2,6a65c192ff79bf083c52a665,dinhminhven,Auto Merging (Tutorial),Branch,False,0,0,0,0
Version-2,6a65c192ff79bf083c52a665,dinhminhven,Merge Conflicts (Tutorial),Branch,False,0,0,0,0
Version-2,6a65c192ff79bf083c52a665,dinhminhven,Create Remote Repository (Tutorial),Remote,False,0,0,0,0
Version-2,6a65c192ff79bf083c52a665,dinhminhven,Push to Remote Branches (Tutorial),Remote,False,0,0,0,0
Version-2,6a65c192ff79bf083c52a665,dinhminhven,Keep Branches in Sync (Tutorial),Remote,False,0,0,0,0
Version-2,6a65c192ff79bf083c52a665,dinhminhven,Preparation for Merging (Tutorial),Remote,False,0,0,0,0
Version-2,6a65c192ff79bf083c52a665,dinhminhven,Creating a Pull Request (Tutorial),Remote,False,0,0,0,0
Version-2,6a65c192ff79bf083c52a665,dinhminhven,Review and Merge Pull Requests (Tutorial),Remote,False,0,0,0,0
Version-2,6a65c192ff79bf083c52a665,dinhminhven,Game Introduction (Practice),Basic,True,0,0,0,0
Version-2,6a65c192ff79bf083c52a665,dinhminhven,Version Control and Git (Practice),Basic,False,0,0,0,0
Version-2,6a65c192ff79bf083c52a665,dinhminhven,Create Local Repository (Practice),Basic,False,0,0,0,0
Version-2,6a65c192ff79bf083c52a665,dinhminhven,Basic Staging Area (Practice),Basic,False,0,0,0,0
Version-2,6a65c192ff79bf083c52a665,dinhminhven,Advanced Staging Area (Practice),Basic,False,0,0,0,0
Version-2,6a65c192ff79bf083c52a665,dinhminhven,Creating First Version (Practice),Basic,False,0,0,0,0
Version-2,6a65c192ff79bf083c52a665,dinhminhven,Switching Project Versions (Practice),Basic,False,0,0,0,0
Version-2,6a65c192ff79bf083c52a665,dinhminhven,Git Branching Basics (Practice),Branch,False,0,0,0,0
Version-2,6a65c192ff79bf083c52a665,dinhminhven,Fast-Forward Merging (Practice),Branch,False,0,0,0,0
Version-2,6a65c192ff79bf083c52a665,dinhminhven,Auto Merging (Practice),Branch,False,0,0,0,0
Version-2,6a65c192ff79bf083c52a665,dinhminhven,Merge Conflicts (Practice),Branch,False,0,0,0,0
Version-2,6a65c192ff79bf083c52a665,dinhminhven,Create Remote Repository (Practice),Remote,False,0,0,0,0
Version-2,6a65c192ff79bf083c52a665,dinhminhven,Push to Remote Branches (Practice),Remote,False,0,0,0,0
Version-2,6a65c192ff79bf083c52a665,dinhminhven,Keep Branches in Sync (Practice),Remote,False,0,0,0,0
Version-2,6a65c192ff79bf083c52a665,dinhminhven,Preparation for Merging (Practice),Remote,False,0,0,0,0
Version-2,6a65c192ff79bf083c52a665,dinhminhven,Creating a Pull Request (Practice),Remote,False,0,0,0,0
Version-2,6a65c192ff79bf083c52a665,dinhminhven,Review and Merge Pull Requests (Practice),Remote,False,0,0,0,0
Version-2,6a65c1b1ff79bf083c52a686,NguyenAnNinhTTA,Game Introduction (Tutorial),Basic,True,2,4,7000,43
Version-2,6a65c1b1ff79bf083c52a686,NguyenAnNinhTTA,Version Control and Git (Tutorial),Basic,True,0,0,0,0
Version-2,6a65c1b1ff79bf083c52a686,NguyenAnNinhTTA,Create Local Repository (Tutorial),Basic,False,0,0,0,0
Version-2,6a65c1b1ff79bf083c52a686,NguyenAnNinhTTA,Basic Staging Area (Tutorial),Basic,False,0,0,0,0
Version-2,6a65c1b1ff79bf083c52a686,NguyenAnNinhTTA,Advanced Staging Area (Tutorial),Basic,False,0,0,0,0
Version-2,6a65c1b1ff79bf083c52a686,NguyenAnNinhTTA,Creating First Version (Tutorial),Basic,False,0,0,0,0
Version-2,6a65c1b1ff79bf083c52a686,NguyenAnNinhTTA,Switching Project Versions (Tutorial),Basic,False,0,0,0,0
Version-2,6a65c1b1ff79bf083c52a686,NguyenAnNinhTTA,Git Branching Basics (Tutorial),Branch,False,0,0,0,0
Version-2,6a65c1b1ff79bf083c52a686,NguyenAnNinhTTA,Fast-Forward Merging (Tutorial),Branch,False,0,0,0,0
Version-2,6a65c1b1ff79bf083c52a686,NguyenAnNinhTTA,Auto Merging (Tutorial),Branch,False,0,0,0,0
Version-2,6a65c1b1ff79bf083c52a686,NguyenAnNinhTTA,Merge Conflicts (Tutorial),Branch,False,0,0,0,0
Version-2,6a65c1b1ff79bf083c52a686,NguyenAnNinhTTA,Create Remote Repository (Tutorial),Remote,False,0,0,0,0
Version-2,6a65c1b1ff79bf083c52a686,NguyenAnNinhTTA,Push to Remote Branches (Tutorial),Remote,False,0,0,0,0
Version-2,6a65c1b1ff79bf083c52a686,NguyenAnNinhTTA,Keep Branches in Sync (Tutorial),Remote,False,0,0,0,0
Version-2,6a65c1b1ff79bf083c52a686,NguyenAnNinhTTA,Preparation for Merging (Tutorial),Remote,False,0,0,0,0
Version-2,6a65c1b1ff79bf083c52a686,NguyenAnNinhTTA,Creating a Pull Request (Tutorial),Remote,False,0,0,0,0
Version-2,6a65c1b1ff79bf083c52a686,NguyenAnNinhTTA,Review and Merge Pull Requests (Tutorial),Remote,False,0,0,0,0
Version-2,6a65c1b1ff79bf083c52a686,NguyenAnNinhTTA,Game Introduction (Practice),Basic,True,0,0,0,0
Version-2,6a65c1b1ff79bf083c52a686,NguyenAnNinhTTA,Version Control and Git (Practice),Basic,False,0,0,0,0
Version-2,6a65c1b1ff79bf083c52a686,NguyenAnNinhTTA,Create Local Repository (Practice),Basic,False,0,0,0,0
Version-2,6a65c1b1ff79bf083c52a686,NguyenAnNinhTTA,Basic Staging Area (Practice),Basic,False,0,0,0,0
Version-2,6a65c1b1ff79bf083c52a686,NguyenAnNinhTTA,Advanced Staging Area (Practice),Basic,False,0,0,0,0
Version-2,6a65c1b1ff79bf083c52a686,NguyenAnNinhTTA,Creating First Version (Practice),Basic,False,0,0,0,0
Version-2,6a65c1b1ff79bf083c52a686,NguyenAnNinhTTA,Switching Project Versions (Practice),Basic,False,0,0,0,0
Version-2,6a65c1b1ff79bf083c52a686,NguyenAnNinhTTA,Git Branching Basics (Practice),Branch,False,0,0,0,0
Version-2,6a65c1b1ff79bf083c52a686,NguyenAnNinhTTA,Fast-Forward Merging (Practice),Branch,False,0,0,0,0
Version-2,6a65c1b1ff79bf083c52a686,NguyenAnNinhTTA,Auto Merging (Practice),Branch,False,0,0,0,0
Version-2,6a65c1b1ff79bf083c52a686,NguyenAnNinhTTA,Merge Conflicts (Practice),Branch,False,0,0,0,0
Version-2,6a65c1b1ff79bf083c52a686,NguyenAnNinhTTA,Create Remote Repository (Practice),Remote,False,0,0,0,0
Version-2,6a65c1b1ff79bf083c52a686,NguyenAnNinhTTA,Push to Remote Branches (Practice),Remote,False,0,0,0,0
Version-2,6a65c1b1ff79bf083c52a686,NguyenAnNinhTTA,Keep Branches in Sync (Practice),Remote,False,0,0,0,0
Version-2,6a65c1b1ff79bf083c52a686,NguyenAnNinhTTA,Preparation for Merging (Practice),Remote,False,0,0,0,0
Version-2,6a65c1b1ff79bf083c52a686,NguyenAnNinhTTA,Creating a Pull Request (Practice),Remote,False,0,0,0,0
Version-2,6a65c1b1ff79bf083c52a686,NguyenAnNinhTTA,Review and Merge Pull Requests (Practice),Remote,False,0,0,0,0
Version-2,6a65ded4ff79bf083c52acb6,truongquangkhai,Game Introduction (Tutorial),Basic,True,1,3,6750,320
Version-2,6a65ded4ff79bf083c52acb6,truongquangkhai,Version Control and Git (Tutorial),Basic,True,1,3,2000,247
Version-2,6a65ded4ff79bf083c52acb6,truongquangkhai,Create Local Repository (Tutorial),Basic,True,1,4,4000,91
Version-2,6a65ded4ff79bf083c52acb6,truongquangkhai,Basic Staging Area (Tutorial),Basic,True,1,4,5000,247
Version-2,6a65ded4ff79bf083c52acb6,truongquangkhai,Advanced Staging Area (Tutorial),Basic,True,2,4,6000,301
Version-2,6a65ded4ff79bf083c52acb6,truongquangkhai,Creating First Version (Tutorial),Basic,True,1,4,16000,601
Version-2,6a65ded4ff79bf083c52acb6,truongquangkhai,Switching Project Versions (Tutorial),Basic,True,1,4,8000,255
Version-2,6a65ded4ff79bf083c52acb6,truongquangkhai,Git Branching Basics (Tutorial),Branch,True,0,0,0,0
Version-2,6a65ded4ff79bf083c52acb6,truongquangkhai,Fast-Forward Merging (Tutorial),Branch,False,0,0,0,0
Version-2,6a65ded4ff79bf083c52acb6,truongquangkhai,Auto Merging (Tutorial),Branch,False,0,0,0,0
Version-2,6a65ded4ff79bf083c52acb6,truongquangkhai,Merge Conflicts (Tutorial),Branch,False,0,0,0,0
Version-2,6a65ded4ff79bf083c52acb6,truongquangkhai,Create Remote Repository (Tutorial),Remote,False,0,0,0,0
Version-2,6a65ded4ff79bf083c52acb6,truongquangkhai,Push to Remote Branches (Tutorial),Remote,False,0,0,0,0
Version-2,6a65ded4ff79bf083c52acb6,truongquangkhai,Keep Branches in Sync (Tutorial),Remote,False,0,0,0,0
Version-2,6a65ded4ff79bf083c52acb6,truongquangkhai,Preparation for Merging (Tutorial),Remote,False,0,0,0,0
Version-2,6a65ded4ff79bf083c52acb6,truongquangkhai,Creating a Pull Request (Tutorial),Remote,False,0,0,0,0
Version-2,6a65ded4ff79bf083c52acb6,truongquangkhai,Review and Merge Pull Requests (Tutorial),Remote,False,0,0,0,0
Version-2,6a65ded4ff79bf083c52acb6,truongquangkhai,Game Introduction (Practice),Basic,True,1,3,6500,200
Version-2,6a65ded4ff79bf083c52acb6,truongquangkhai,Version Control and Git (Practice),Basic,True,2,2,4000,92
Version-2,6a65ded4ff79bf083c52acb6,truongquangkhai,Create Local Repository (Practice),Basic,True,0,0,0,0
Version-2,6a65ded4ff79bf083c52acb6,truongquangkhai,Basic Staging Area (Practice),Basic,True,0,0,0,0
Version-2,6a65ded4ff79bf083c52acb6,truongquangkhai,Advanced Staging Area (Practice),Basic,True,0,0,0,0
Version-2,6a65ded4ff79bf083c52acb6,truongquangkhai,Creating First Version (Practice),Basic,True,0,0,0,0
Version-2,6a65ded4ff79bf083c52acb6,truongquangkhai,Switching Project Versions (Practice),Basic,True,0,0,0,0
Version-2,6a65ded4ff79bf083c52acb6,truongquangkhai,Git Branching Basics (Practice),Branch,False,0,0,0,0
Version-2,6a65ded4ff79bf083c52acb6,truongquangkhai,Fast-Forward Merging (Practice),Branch,False,0,0,0,0
Version-2,6a65ded4ff79bf083c52acb6,truongquangkhai,Auto Merging (Practice),Branch,False,0,0,0,0
Version-2,6a65ded4ff79bf083c52acb6,truongquangkhai,Merge Conflicts (Practice),Branch,False,0,0,0,0
Version-2,6a65ded4ff79bf083c52acb6,truongquangkhai,Create Remote Repository (Practice),Remote,False,0,0,0,0
Version-2,6a65ded4ff79bf083c52acb6,truongquangkhai,Push to Remote Branches (Practice),Remote,False,0,0,0,0
Version-2,6a65ded4ff79bf083c52acb6,truongquangkhai,Keep Branches in Sync (Practice),Remote,False,0,0,0,0
Version-2,6a65ded4ff79bf083c52acb6,truongquangkhai,Preparation for Merging (Practice),Remote,False,0,0,0,0
Version-2,6a65ded4ff79bf083c52acb6,truongquangkhai,Creating a Pull Request (Practice),Remote,False,0,0,0,0
Version-2,6a65ded4ff79bf083c52acb6,truongquangkhai,Review and Merge Pull Requests (Practice),Remote,False,0,0,0,0
Version-2,6a65ee47ff79bf083c52b31f,Dang Thai Bao,Game Introduction (Tutorial),Basic,True,1,3,6500,289
Version-2,6a65ee47ff79bf083c52b31f,Dang Thai Bao,Version Control and Git (Tutorial),Basic,True,3,4,3000,53
Version-2,6a65ee47ff79bf083c52b31f,Dang Thai Bao,Create Local Repository (Tutorial),Basic,True,1,3,3750,213
Version-2,6a65ee47ff79bf083c52b31f,Dang Thai Bao,Basic Staging Area (Tutorial),Basic,True,1,4,5000,203
Version-2,6a65ee47ff79bf083c52b31f,Dang Thai Bao,Advanced Staging Area (Tutorial),Basic,True,1,4,6000,186
Version-2,6a65ee47ff79bf083c52b31f,Dang Thai Bao,Creating First Version (Tutorial),Basic,True,1,4,16000,495
Version-2,6a65ee47ff79bf083c52b31f,Dang Thai Bao,Switching Project Versions (Tutorial),Basic,True,1,3,7750,315
Version-2,6a65ee47ff79bf083c52b31f,Dang Thai Bao,Git Branching Basics (Tutorial),Branch,True,1,3,8750,484
Version-2,6a65ee47ff79bf083c52b31f,Dang Thai Bao,Fast-Forward Merging (Tutorial),Branch,True,1,4,6000,649
Version-2,6a65ee47ff79bf083c52b31f,Dang Thai Bao,Auto Merging (Tutorial),Branch,True,0,0,0,0
Version-2,6a65ee47ff79bf083c52b31f,Dang Thai Bao,Merge Conflicts (Tutorial),Branch,False,0,0,0,0
Version-2,6a65ee47ff79bf083c52b31f,Dang Thai Bao,Create Remote Repository (Tutorial),Remote,False,0,0,0,0
Version-2,6a65ee47ff79bf083c52b31f,Dang Thai Bao,Push to Remote Branches (Tutorial),Remote,False,0,0,0,0
Version-2,6a65ee47ff79bf083c52b31f,Dang Thai Bao,Keep Branches in Sync (Tutorial),Remote,False,0,0,0,0
Version-2,6a65ee47ff79bf083c52b31f,Dang Thai Bao,Preparation for Merging (Tutorial),Remote,False,0,0,0,0
Version-2,6a65ee47ff79bf083c52b31f,Dang Thai Bao,Creating a Pull Request (Tutorial),Remote,False,0,0,0,0
Version-2,6a65ee47ff79bf083c52b31f,Dang Thai Bao,Review and Merge Pull Requests (Tutorial),Remote,False,0,0,0,0
Version-2,6a65ee47ff79bf083c52b31f,Dang Thai Bao,Game Introduction (Practice),Basic,True,0,0,0,0
Version-2,6a65ee47ff79bf083c52b31f,Dang Thai Bao,Version Control and Git (Practice),Basic,True,0,0,0,0
Version-2,6a65ee47ff79bf083c52b31f,Dang Thai Bao,Create Local Repository (Practice),Basic,True,0,0,0,0
Version-2,6a65ee47ff79bf083c52b31f,Dang Thai Bao,Basic Staging Area (Practice),Basic,True,0,0,0,0
Version-2,6a65ee47ff79bf083c52b31f,Dang Thai Bao,Advanced Staging Area (Practice),Basic,True,0,0,0,0
Version-2,6a65ee47ff79bf083c52b31f,Dang Thai Bao,Creating First Version (Practice),Basic,True,0,0,0,0
Version-2,6a65ee47ff79bf083c52b31f,Dang Thai Bao,Switching Project Versions (Practice),Basic,True,0,0,0,0
Version-2,6a65ee47ff79bf083c52b31f,Dang Thai Bao,Git Branching Basics (Practice),Branch,True,0,0,0,0
Version-2,6a65ee47ff79bf083c52b31f,Dang Thai Bao,Fast-Forward Merging (Practice),Branch,True,0,0,0,0
Version-2,6a65ee47ff79bf083c52b31f,Dang Thai Bao,Auto Merging (Practice),Branch,False,0,0,0,0
Version-2,6a65ee47ff79bf083c52b31f,Dang Thai Bao,Merge Conflicts (Practice),Branch,False,0,0,0,0
Version-2,6a65ee47ff79bf083c52b31f,Dang Thai Bao,Create Remote Repository (Practice),Remote,False,0,0,0,0
Version-2,6a65ee47ff79bf083c52b31f,Dang Thai Bao,Push to Remote Branches (Practice),Remote,False,0,0,0,0
Version-2,6a65ee47ff79bf083c52b31f,Dang Thai Bao,Keep Branches in Sync (Practice),Remote,False,0,0,0,0
Version-2,6a65ee47ff79bf083c52b31f,Dang Thai Bao,Preparation for Merging (Practice),Remote,False,0,0,0,0
Version-2,6a65ee47ff79bf083c52b31f,Dang Thai Bao,Creating a Pull Request (Practice),Remote,False,0,0,0,0
Version-2,6a65ee47ff79bf083c52b31f,Dang Thai Bao,Review and Merge Pull Requests (Practice),Remote,False,0,0,0,0
Version-2,6a65f9cbff79bf083c52b82d,ThachChiVinh,Game Introduction (Tutorial),Basic,True,0,0,0,0
Version-2,6a65f9cbff79bf083c52b82d,ThachChiVinh,Version Control and Git (Tutorial),Basic,False,0,0,0,0
Version-2,6a65f9cbff79bf083c52b82d,ThachChiVinh,Create Local Repository (Tutorial),Basic,False,0,0,0,0
Version-2,6a65f9cbff79bf083c52b82d,ThachChiVinh,Basic Staging Area (Tutorial),Basic,False,0,0,0,0
Version-2,6a65f9cbff79bf083c52b82d,ThachChiVinh,Advanced Staging Area (Tutorial),Basic,False,0,0,0,0
Version-2,6a65f9cbff79bf083c52b82d,ThachChiVinh,Creating First Version (Tutorial),Basic,False,0,0,0,0
Version-2,6a65f9cbff79bf083c52b82d,ThachChiVinh,Switching Project Versions (Tutorial),Basic,False,0,0,0,0
Version-2,6a65f9cbff79bf083c52b82d,ThachChiVinh,Git Branching Basics (Tutorial),Branch,False,0,0,0,0
Version-2,6a65f9cbff79bf083c52b82d,ThachChiVinh,Fast-Forward Merging (Tutorial),Branch,False,0,0,0,0
Version-2,6a65f9cbff79bf083c52b82d,ThachChiVinh,Auto Merging (Tutorial),Branch,False,0,0,0,0
Version-2,6a65f9cbff79bf083c52b82d,ThachChiVinh,Merge Conflicts (Tutorial),Branch,False,0,0,0,0
Version-2,6a65f9cbff79bf083c52b82d,ThachChiVinh,Create Remote Repository (Tutorial),Remote,False,0,0,0,0
Version-2,6a65f9cbff79bf083c52b82d,ThachChiVinh,Push to Remote Branches (Tutorial),Remote,False,0,0,0,0
Version-2,6a65f9cbff79bf083c52b82d,ThachChiVinh,Keep Branches in Sync (Tutorial),Remote,False,0,0,0,0
Version-2,6a65f9cbff79bf083c52b82d,ThachChiVinh,Preparation for Merging (Tutorial),Remote,False,0,0,0,0
Version-2,6a65f9cbff79bf083c52b82d,ThachChiVinh,Creating a Pull Request (Tutorial),Remote,False,0,0,0,0
Version-2,6a65f9cbff79bf083c52b82d,ThachChiVinh,Review and Merge Pull Requests (Tutorial),Remote,False,0,0,0,0
Version-2,6a65f9cbff79bf083c52b82d,ThachChiVinh,Game Introduction (Practice),Basic,False,0,0,0,0
Version-2,6a65f9cbff79bf083c52b82d,ThachChiVinh,Version Control and Git (Practice),Basic,False,0,0,0,0
Version-2,6a65f9cbff79bf083c52b82d,ThachChiVinh,Create Local Repository (Practice),Basic,False,0,0,0,0
Version-2,6a65f9cbff79bf083c52b82d,ThachChiVinh,Basic Staging Area (Practice),Basic,False,0,0,0,0
Version-2,6a65f9cbff79bf083c52b82d,ThachChiVinh,Advanced Staging Area (Practice),Basic,False,0,0,0,0
Version-2,6a65f9cbff79bf083c52b82d,ThachChiVinh,Creating First Version (Practice),Basic,False,0,0,0,0
Version-2,6a65f9cbff79bf083c52b82d,ThachChiVinh,Switching Project Versions (Practice),Basic,False,0,0,0,0
Version-2,6a65f9cbff79bf083c52b82d,ThachChiVinh,Git Branching Basics (Practice),Branch,False,0,0,0,0
Version-2,6a65f9cbff79bf083c52b82d,ThachChiVinh,Fast-Forward Merging (Practice),Branch,False,0,0,0,0
Version-2,6a65f9cbff79bf083c52b82d,ThachChiVinh,Auto Merging (Practice),Branch,False,0,0,0,0
Version-2,6a65f9cbff79bf083c52b82d,ThachChiVinh,Merge Conflicts (Practice),Branch,False,0,0,0,0
Version-2,6a65f9cbff79bf083c52b82d,ThachChiVinh,Create Remote Repository (Practice),Remote,False,0,0,0,0
Version-2,6a65f9cbff79bf083c52b82d,ThachChiVinh,Push to Remote Branches (Practice),Remote,False,0,0,0,0
Version-2,6a65f9cbff79bf083c52b82d,ThachChiVinh,Keep Branches in Sync (Practice),Remote,False,0,0,0,0
Version-2,6a65f9cbff79bf083c52b82d,ThachChiVinh,Preparation for Merging (Practice),Remote,False,0,0,0,0
Version-2,6a65f9cbff79bf083c52b82d,ThachChiVinh,Creating a Pull Request (Practice),Remote,False,0,0,0,0
Version-2,6a65f9cbff79bf083c52b82d,ThachChiVinh,Review and Merge Pull Requests (Practice),Remote,False,0,0,0,0
Version-2,6a6612a8ff79bf083c52ba61,Van Anh,Game Introduction (Tutorial),Basic,True,0,0,0,0
Version-2,6a6612a8ff79bf083c52ba61,Van Anh,Version Control and Git (Tutorial),Basic,False,0,0,0,0
Version-2,6a6612a8ff79bf083c52ba61,Van Anh,Create Local Repository (Tutorial),Basic,False,0,0,0,0
Version-2,6a6612a8ff79bf083c52ba61,Van Anh,Basic Staging Area (Tutorial),Basic,False,0,0,0,0
Version-2,6a6612a8ff79bf083c52ba61,Van Anh,Advanced Staging Area (Tutorial),Basic,False,0,0,0,0
Version-2,6a6612a8ff79bf083c52ba61,Van Anh,Creating First Version (Tutorial),Basic,False,0,0,0,0
Version-2,6a6612a8ff79bf083c52ba61,Van Anh,Switching Project Versions (Tutorial),Basic,False,0,0,0,0
Version-2,6a6612a8ff79bf083c52ba61,Van Anh,Git Branching Basics (Tutorial),Branch,False,0,0,0,0
Version-2,6a6612a8ff79bf083c52ba61,Van Anh,Fast-Forward Merging (Tutorial),Branch,False,0,0,0,0
Version-2,6a6612a8ff79bf083c52ba61,Van Anh,Auto Merging (Tutorial),Branch,False,0,0,0,0
Version-2,6a6612a8ff79bf083c52ba61,Van Anh,Merge Conflicts (Tutorial),Branch,False,0,0,0,0
Version-2,6a6612a8ff79bf083c52ba61,Van Anh,Create Remote Repository (Tutorial),Remote,False,0,0,0,0
Version-2,6a6612a8ff79bf083c52ba61,Van Anh,Push to Remote Branches (Tutorial),Remote,False,0,0,0,0
Version-2,6a6612a8ff79bf083c52ba61,Van Anh,Keep Branches in Sync (Tutorial),Remote,False,0,0,0,0
Version-2,6a6612a8ff79bf083c52ba61,Van Anh,Preparation for Merging (Tutorial),Remote,False,0,0,0,0
Version-2,6a6612a8ff79bf083c52ba61,Van Anh,Creating a Pull Request (Tutorial),Remote,False,0,0,0,0
Version-2,6a6612a8ff79bf083c52ba61,Van Anh,Review and Merge Pull Requests (Tutorial),Remote,False,0,0,0,0
Version-2,6a6612a8ff79bf083c52ba61,Van Anh,Game Introduction (Practice),Basic,False,0,0,0,0
Version-2,6a6612a8ff79bf083c52ba61,Van Anh,Version Control and Git (Practice),Basic,False,0,0,0,0
Version-2,6a6612a8ff79bf083c52ba61,Van Anh,Create Local Repository (Practice),Basic,False,0,0,0,0
Version-2,6a6612a8ff79bf083c52ba61,Van Anh,Basic Staging Area (Practice),Basic,False,0,0,0,0
Version-2,6a6612a8ff79bf083c52ba61,Van Anh,Advanced Staging Area (Practice),Basic,False,0,0,0,0
Version-2,6a6612a8ff79bf083c52ba61,Van Anh,Creating First Version (Practice),Basic,False,0,0,0,0
Version-2,6a6612a8ff79bf083c52ba61,Van Anh,Switching Project Versions (Practice),Basic,False,0,0,0,0
Version-2,6a6612a8ff79bf083c52ba61,Van Anh,Git Branching Basics (Practice),Branch,False,0,0,0,0
Version-2,6a6612a8ff79bf083c52ba61,Van Anh,Fast-Forward Merging (Practice),Branch,False,0,0,0,0
Version-2,6a6612a8ff79bf083c52ba61,Van Anh,Auto Merging (Practice),Branch,False,0,0,0,0
Version-2,6a6612a8ff79bf083c52ba61,Van Anh,Merge Conflicts (Practice),Branch,False,0,0,0,0
Version-2,6a6612a8ff79bf083c52ba61,Van Anh,Create Remote Repository (Practice),Remote,False,0,0,0,0
Version-2,6a6612a8ff79bf083c52ba61,Van Anh,Push to Remote Branches (Practice),Remote,False,0,0,0,0
Version-2,6a6612a8ff79bf083c52ba61,Van Anh,Keep Branches in Sync (Practice),Remote,False,0,0,0,0
Version-2,6a6612a8ff79bf083c52ba61,Van Anh,Preparation for Merging (Practice),Remote,False,0,0,0,0
Version-2,6a6612a8ff79bf083c52ba61,Van Anh,Creating a Pull Request (Practice),Remote,False,0,0,0,0
Version-2,6a6612a8ff79bf083c52ba61,Van Anh,Review and Merge Pull Requests (Practice),Remote,False,0,0,0,0
Version-2,6a661d6cff79bf083c52bbca,NguyenThiHanDu,Game Introduction (Tutorial),Basic,True,1,3,6500,520
Version-2,6a661d6cff79bf083c52bbca,NguyenThiHanDu,Version Control and Git (Tutorial),Basic,True,1,3,2000,224
Version-2,6a661d6cff79bf083c52bbca,NguyenThiHanDu,Create Local Repository (Tutorial),Basic,True,2,4,4000,129
Version-2,6a661d6cff79bf083c52bbca,NguyenThiHanDu,Basic Staging Area (Tutorial),Basic,True,1,3,4500,459
Version-2,6a661d6cff79bf083c52bbca,NguyenThiHanDu,Advanced Staging Area (Tutorial),Basic,True,1,4,6000,327
Version-2,6a661d6cff79bf083c52bbca,NguyenThiHanDu,Creating First Version (Tutorial),Basic,True,1,3,15750,852
Version-2,6a661d6cff79bf083c52bbca,NguyenThiHanDu,Switching Project Versions (Tutorial),Basic,True,1,4,8000,542
Version-2,6a661d6cff79bf083c52bbca,NguyenThiHanDu,Git Branching Basics (Tutorial),Branch,True,0,0,0,0
Version-2,6a661d6cff79bf083c52bbca,NguyenThiHanDu,Fast-Forward Merging (Tutorial),Branch,False,0,0,0,0
Version-2,6a661d6cff79bf083c52bbca,NguyenThiHanDu,Auto Merging (Tutorial),Branch,False,0,0,0,0
Version-2,6a661d6cff79bf083c52bbca,NguyenThiHanDu,Merge Conflicts (Tutorial),Branch,False,0,0,0,0
Version-2,6a661d6cff79bf083c52bbca,NguyenThiHanDu,Create Remote Repository (Tutorial),Remote,False,0,0,0,0
Version-2,6a661d6cff79bf083c52bbca,NguyenThiHanDu,Push to Remote Branches (Tutorial),Remote,False,0,0,0,0
Version-2,6a661d6cff79bf083c52bbca,NguyenThiHanDu,Keep Branches in Sync (Tutorial),Remote,False,0,0,0,0
Version-2,6a661d6cff79bf083c52bbca,NguyenThiHanDu,Preparation for Merging (Tutorial),Remote,False,0,0,0,0
Version-2,6a661d6cff79bf083c52bbca,NguyenThiHanDu,Creating a Pull Request (Tutorial),Remote,False,0,0,0,0
Version-2,6a661d6cff79bf083c52bbca,NguyenThiHanDu,Review and Merge Pull Requests (Tutorial),Remote,False,0,0,0,0
Version-2,6a661d6cff79bf083c52bbca,NguyenThiHanDu,Game Introduction (Practice),Basic,True,0,0,0,0
Version-2,6a661d6cff79bf083c52bbca,NguyenThiHanDu,Version Control and Git (Practice),Basic,True,0,0,0,0
Version-2,6a661d6cff79bf083c52bbca,NguyenThiHanDu,Create Local Repository (Practice),Basic,True,0,0,0,0
Version-2,6a661d6cff79bf083c52bbca,NguyenThiHanDu,Basic Staging Area (Practice),Basic,True,0,0,0,0
Version-2,6a661d6cff79bf083c52bbca,NguyenThiHanDu,Advanced Staging Area (Practice),Basic,True,0,0,0,0
Version-2,6a661d6cff79bf083c52bbca,NguyenThiHanDu,Creating First Version (Practice),Basic,True,0,0,0,0
Version-2,6a661d6cff79bf083c52bbca,NguyenThiHanDu,Switching Project Versions (Practice),Basic,True,0,0,0,0
Version-2,6a661d6cff79bf083c52bbca,NguyenThiHanDu,Git Branching Basics (Practice),Branch,False,0,0,0,0
Version-2,6a661d6cff79bf083c52bbca,NguyenThiHanDu,Fast-Forward Merging (Practice),Branch,False,0,0,0,0
Version-2,6a661d6cff79bf083c52bbca,NguyenThiHanDu,Auto Merging (Practice),Branch,False,0,0,0,0
Version-2,6a661d6cff79bf083c52bbca,NguyenThiHanDu,Merge Conflicts (Practice),Branch,False,0,0,0,0
Version-2,6a661d6cff79bf083c52bbca,NguyenThiHanDu,Create Remote Repository (Practice),Remote,False,0,0,0,0
Version-2,6a661d6cff79bf083c52bbca,NguyenThiHanDu,Push to Remote Branches (Practice),Remote,False,0,0,0,0
Version-2,6a661d6cff79bf083c52bbca,NguyenThiHanDu,Keep Branches in Sync (Practice),Remote,False,0,0,0,0
Version-2,6a661d6cff79bf083c52bbca,NguyenThiHanDu,Preparation for Merging (Practice),Remote,False,0,0,0,0
Version-2,6a661d6cff79bf083c52bbca,NguyenThiHanDu,Creating a Pull Request (Practice),Remote,False,0,0,0,0
Version-2,6a661d6cff79bf083c52bbca,NguyenThiHanDu,Review and Merge Pull Requests (Practice),Remote,False,0,0,0,0
Version-2,6a662aebff79bf083c52bfe9,Tran Quoc Thang,Game Introduction (Tutorial),Basic,True,0,0,0,0
Version-2,6a662aebff79bf083c52bfe9,Tran Quoc Thang,Version Control and Git (Tutorial),Basic,False,0,0,0,0
Version-2,6a662aebff79bf083c52bfe9,Tran Quoc Thang,Create Local Repository (Tutorial),Basic,False,0,0,0,0
Version-2,6a662aebff79bf083c52bfe9,Tran Quoc Thang,Basic Staging Area (Tutorial),Basic,False,0,0,0,0
Version-2,6a662aebff79bf083c52bfe9,Tran Quoc Thang,Advanced Staging Area (Tutorial),Basic,False,0,0,0,0
Version-2,6a662aebff79bf083c52bfe9,Tran Quoc Thang,Creating First Version (Tutorial),Basic,False,0,0,0,0
Version-2,6a662aebff79bf083c52bfe9,Tran Quoc Thang,Switching Project Versions (Tutorial),Basic,False,0,0,0,0
Version-2,6a662aebff79bf083c52bfe9,Tran Quoc Thang,Git Branching Basics (Tutorial),Branch,False,0,0,0,0
Version-2,6a662aebff79bf083c52bfe9,Tran Quoc Thang,Fast-Forward Merging (Tutorial),Branch,False,0,0,0,0
Version-2,6a662aebff79bf083c52bfe9,Tran Quoc Thang,Auto Merging (Tutorial),Branch,False,0,0,0,0
Version-2,6a662aebff79bf083c52bfe9,Tran Quoc Thang,Merge Conflicts (Tutorial),Branch,False,0,0,0,0
Version-2,6a662aebff79bf083c52bfe9,Tran Quoc Thang,Create Remote Repository (Tutorial),Remote,False,0,0,0,0
Version-2,6a662aebff79bf083c52bfe9,Tran Quoc Thang,Push to Remote Branches (Tutorial),Remote,False,0,0,0,0
Version-2,6a662aebff79bf083c52bfe9,Tran Quoc Thang,Keep Branches in Sync (Tutorial),Remote,False,0,0,0,0
Version-2,6a662aebff79bf083c52bfe9,Tran Quoc Thang,Preparation for Merging (Tutorial),Remote,False,0,0,0,0
Version-2,6a662aebff79bf083c52bfe9,Tran Quoc Thang,Creating a Pull Request (Tutorial),Remote,False,0,0,0,0
Version-2,6a662aebff79bf083c52bfe9,Tran Quoc Thang,Review and Merge Pull Requests (Tutorial),Remote,False,0,0,0,0
Version-2,6a662aebff79bf083c52bfe9,Tran Quoc Thang,Game Introduction (Practice),Basic,False,0,0,0,0
Version-2,6a662aebff79bf083c52bfe9,Tran Quoc Thang,Version Control and Git (Practice),Basic,False,0,0,0,0
Version-2,6a662aebff79bf083c52bfe9,Tran Quoc Thang,Create Local Repository (Practice),Basic,False,0,0,0,0
Version-2,6a662aebff79bf083c52bfe9,Tran Quoc Thang,Basic Staging Area (Practice),Basic,False,0,0,0,0
Version-2,6a662aebff79bf083c52bfe9,Tran Quoc Thang,Advanced Staging Area (Practice),Basic,False,0,0,0,0
Version-2,6a662aebff79bf083c52bfe9,Tran Quoc Thang,Creating First Version (Practice),Basic,False,0,0,0,0
Version-2,6a662aebff79bf083c52bfe9,Tran Quoc Thang,Switching Project Versions (Practice),Basic,False,0,0,0,0
Version-2,6a662aebff79bf083c52bfe9,Tran Quoc Thang,Git Branching Basics (Practice),Branch,False,0,0,0,0
Version-2,6a662aebff79bf083c52bfe9,Tran Quoc Thang,Fast-Forward Merging (Practice),Branch,False,0,0,0,0
Version-2,6a662aebff79bf083c52bfe9,Tran Quoc Thang,Auto Merging (Practice),Branch,False,0,0,0,0
Version-2,6a662aebff79bf083c52bfe9,Tran Quoc Thang,Merge Conflicts (Practice),Branch,False,0,0,0,0
Version-2,6a662aebff79bf083c52bfe9,Tran Quoc Thang,Create Remote Repository (Practice),Remote,False,0,0,0,0
Version-2,6a662aebff79bf083c52bfe9,Tran Quoc Thang,Push to Remote Branches (Practice),Remote,False,0,0,0,0
Version-2,6a662aebff79bf083c52bfe9,Tran Quoc Thang,Keep Branches in Sync (Practice),Remote,False,0,0,0,0
Version-2,6a662aebff79bf083c52bfe9,Tran Quoc Thang,Preparation for Merging (Practice),Remote,False,0,0,0,0
Version-2,6a662aebff79bf083c52bfe9,Tran Quoc Thang,Creating a Pull Request (Practice),Remote,False,0,0,0,0
Version-2,6a662aebff79bf083c52bfe9,Tran Quoc Thang,Review and Merge Pull Requests (Practice),Remote,False,0,0,0,0
Version-2,6a665226ff79bf083c52c115,phankhanhduy,Game Introduction (Tutorial),Basic,True,2,4,7000,62
Version-2,6a665226ff79bf083c52c115,phankhanhduy,Version Control and Git (Tutorial),Basic,True,0,0,0,0
Version-2,6a665226ff79bf083c52c115,phankhanhduy,Create Local Repository (Tutorial),Basic,False,0,0,0,0
Version-2,6a665226ff79bf083c52c115,phankhanhduy,Basic Staging Area (Tutorial),Basic,False,0,0,0,0
Version-2,6a665226ff79bf083c52c115,phankhanhduy,Advanced Staging Area (Tutorial),Basic,False,0,0,0,0
Version-2,6a665226ff79bf083c52c115,phankhanhduy,Creating First Version (Tutorial),Basic,False,0,0,0,0
Version-2,6a665226ff79bf083c52c115,phankhanhduy,Switching Project Versions (Tutorial),Basic,False,0,0,0,0
Version-2,6a665226ff79bf083c52c115,phankhanhduy,Git Branching Basics (Tutorial),Branch,False,0,0,0,0
Version-2,6a665226ff79bf083c52c115,phankhanhduy,Fast-Forward Merging (Tutorial),Branch,False,0,0,0,0
Version-2,6a665226ff79bf083c52c115,phankhanhduy,Auto Merging (Tutorial),Branch,False,0,0,0,0
Version-2,6a665226ff79bf083c52c115,phankhanhduy,Merge Conflicts (Tutorial),Branch,False,0,0,0,0
Version-2,6a665226ff79bf083c52c115,phankhanhduy,Create Remote Repository (Tutorial),Remote,False,0,0,0,0
Version-2,6a665226ff79bf083c52c115,phankhanhduy,Push to Remote Branches (Tutorial),Remote,False,0,0,0,0
Version-2,6a665226ff79bf083c52c115,phankhanhduy,Keep Branches in Sync (Tutorial),Remote,False,0,0,0,0
Version-2,6a665226ff79bf083c52c115,phankhanhduy,Preparation for Merging (Tutorial),Remote,False,0,0,0,0
Version-2,6a665226ff79bf083c52c115,phankhanhduy,Creating a Pull Request (Tutorial),Remote,False,0,0,0,0
Version-2,6a665226ff79bf083c52c115,phankhanhduy,Review and Merge Pull Requests (Tutorial),Remote,False,0,0,0,0
Version-2,6a665226ff79bf083c52c115,phankhanhduy,Game Introduction (Practice),Basic,True,0,0,0,0
Version-2,6a665226ff79bf083c52c115,phankhanhduy,Version Control and Git (Practice),Basic,False,0,0,0,0
Version-2,6a665226ff79bf083c52c115,phankhanhduy,Create Local Repository (Practice),Basic,False,0,0,0,0
Version-2,6a665226ff79bf083c52c115,phankhanhduy,Basic Staging Area (Practice),Basic,False,0,0,0,0
Version-2,6a665226ff79bf083c52c115,phankhanhduy,Advanced Staging Area (Practice),Basic,False,0,0,0,0
Version-2,6a665226ff79bf083c52c115,phankhanhduy,Creating First Version (Practice),Basic,False,0,0,0,0
Version-2,6a665226ff79bf083c52c115,phankhanhduy,Switching Project Versions (Practice),Basic,False,0,0,0,0
Version-2,6a665226ff79bf083c52c115,phankhanhduy,Git Branching Basics (Practice),Branch,False,0,0,0,0
Version-2,6a665226ff79bf083c52c115,phankhanhduy,Fast-Forward Merging (Practice),Branch,False,0,0,0,0
Version-2,6a665226ff79bf083c52c115,phankhanhduy,Auto Merging (Practice),Branch,False,0,0,0,0
Version-2,6a665226ff79bf083c52c115,phankhanhduy,Merge Conflicts (Practice),Branch,False,0,0,0,0
Version-2,6a665226ff79bf083c52c115,phankhanhduy,Create Remote Repository (Practice),Remote,False,0,0,0,0
Version-2,6a665226ff79bf083c52c115,phankhanhduy,Push to Remote Branches (Practice),Remote,False,0,0,0,0
Version-2,6a665226ff79bf083c52c115,phankhanhduy,Keep Branches in Sync (Practice),Remote,False,0,0,0,0
Version-2,6a665226ff79bf083c52c115,phankhanhduy,Preparation for Merging (Practice),Remote,False,0,0,0,0
Version-2,6a665226ff79bf083c52c115,phankhanhduy,Creating a Pull Request (Practice),Remote,False,0,0,0,0
Version-2,6a665226ff79bf083c52c115,phankhanhduy,Review and Merge Pull Requests (Practice),Remote,False,0,0,0,0
Version-2,6a665310ff79bf083c52c135,nguyenthixuannhi,Game Introduction (Tutorial),Basic,True,2,4,7000,84
Version-2,6a665310ff79bf083c52c135,nguyenthixuannhi,Version Control and Git (Tutorial),Basic,True,0,0,0,0
Version-2,6a665310ff79bf083c52c135,nguyenthixuannhi,Create Local Repository (Tutorial),Basic,False,0,0,0,0
Version-2,6a665310ff79bf083c52c135,nguyenthixuannhi,Basic Staging Area (Tutorial),Basic,False,0,0,0,0
Version-2,6a665310ff79bf083c52c135,nguyenthixuannhi,Advanced Staging Area (Tutorial),Basic,False,0,0,0,0
Version-2,6a665310ff79bf083c52c135,nguyenthixuannhi,Creating First Version (Tutorial),Basic,False,0,0,0,0
Version-2,6a665310ff79bf083c52c135,nguyenthixuannhi,Switching Project Versions (Tutorial),Basic,False,0,0,0,0
Version-2,6a665310ff79bf083c52c135,nguyenthixuannhi,Git Branching Basics (Tutorial),Branch,False,0,0,0,0
Version-2,6a665310ff79bf083c52c135,nguyenthixuannhi,Fast-Forward Merging (Tutorial),Branch,False,0,0,0,0
Version-2,6a665310ff79bf083c52c135,nguyenthixuannhi,Auto Merging (Tutorial),Branch,False,0,0,0,0
Version-2,6a665310ff79bf083c52c135,nguyenthixuannhi,Merge Conflicts (Tutorial),Branch,False,0,0,0,0
Version-2,6a665310ff79bf083c52c135,nguyenthixuannhi,Create Remote Repository (Tutorial),Remote,False,0,0,0,0
Version-2,6a665310ff79bf083c52c135,nguyenthixuannhi,Push to Remote Branches (Tutorial),Remote,False,0,0,0,0
Version-2,6a665310ff79bf083c52c135,nguyenthixuannhi,Keep Branches in Sync (Tutorial),Remote,False,0,0,0,0
Version-2,6a665310ff79bf083c52c135,nguyenthixuannhi,Preparation for Merging (Tutorial),Remote,False,0,0,0,0
Version-2,6a665310ff79bf083c52c135,nguyenthixuannhi,Creating a Pull Request (Tutorial),Remote,False,0,0,0,0
Version-2,6a665310ff79bf083c52c135,nguyenthixuannhi,Review and Merge Pull Requests (Tutorial),Remote,False,0,0,0,0
Version-2,6a665310ff79bf083c52c135,nguyenthixuannhi,Game Introduction (Practice),Basic,True,0,0,0,0
Version-2,6a665310ff79bf083c52c135,nguyenthixuannhi,Version Control and Git (Practice),Basic,False,0,0,0,0
Version-2,6a665310ff79bf083c52c135,nguyenthixuannhi,Create Local Repository (Practice),Basic,False,0,0,0,0
Version-2,6a665310ff79bf083c52c135,nguyenthixuannhi,Basic Staging Area (Practice),Basic,False,0,0,0,0
Version-2,6a665310ff79bf083c52c135,nguyenthixuannhi,Advanced Staging Area (Practice),Basic,False,0,0,0,0
Version-2,6a665310ff79bf083c52c135,nguyenthixuannhi,Creating First Version (Practice),Basic,False,0,0,0,0
Version-2,6a665310ff79bf083c52c135,nguyenthixuannhi,Switching Project Versions (Practice),Basic,False,0,0,0,0
Version-2,6a665310ff79bf083c52c135,nguyenthixuannhi,Git Branching Basics (Practice),Branch,False,0,0,0,0
Version-2,6a665310ff79bf083c52c135,nguyenthixuannhi,Fast-Forward Merging (Practice),Branch,False,0,0,0,0
Version-2,6a665310ff79bf083c52c135,nguyenthixuannhi,Auto Merging (Practice),Branch,False,0,0,0,0
Version-2,6a665310ff79bf083c52c135,nguyenthixuannhi,Merge Conflicts (Practice),Branch,False,0,0,0,0
Version-2,6a665310ff79bf083c52c135,nguyenthixuannhi,Create Remote Repository (Practice),Remote,False,0,0,0,0
Version-2,6a665310ff79bf083c52c135,nguyenthixuannhi,Push to Remote Branches (Practice),Remote,False,0,0,0,0
Version-2,6a665310ff79bf083c52c135,nguyenthixuannhi,Keep Branches in Sync (Practice),Remote,False,0,0,0,0
Version-2,6a665310ff79bf083c52c135,nguyenthixuannhi,Preparation for Merging (Practice),Remote,False,0,0,0,0
Version-2,6a665310ff79bf083c52c135,nguyenthixuannhi,Creating a Pull Request (Practice),Remote,False,0,0,0,0
Version-2,6a665310ff79bf083c52c135,nguyenthixuannhi,Review and Merge Pull Requests (Practice),Remote,False,0,0,0,0
Version-2,6a66c7caff79bf083c52c224,NguyenGiaNguyen,Game Introduction (Tutorial),Basic,True,1,4,7000,74
Version-2,6a66c7caff79bf083c52c224,NguyenGiaNguyen,Version Control and Git (Tutorial),Basic,True,0,0,0,0
Version-2,6a66c7caff79bf083c52c224,NguyenGiaNguyen,Create Local Repository (Tutorial),Basic,False,0,0,0,0
Version-2,6a66c7caff79bf083c52c224,NguyenGiaNguyen,Basic Staging Area (Tutorial),Basic,False,0,0,0,0
Version-2,6a66c7caff79bf083c52c224,NguyenGiaNguyen,Advanced Staging Area (Tutorial),Basic,False,0,0,0,0
Version-2,6a66c7caff79bf083c52c224,NguyenGiaNguyen,Creating First Version (Tutorial),Basic,False,0,0,0,0
Version-2,6a66c7caff79bf083c52c224,NguyenGiaNguyen,Switching Project Versions (Tutorial),Basic,False,0,0,0,0
Version-2,6a66c7caff79bf083c52c224,NguyenGiaNguyen,Git Branching Basics (Tutorial),Branch,False,0,0,0,0
Version-2,6a66c7caff79bf083c52c224,NguyenGiaNguyen,Fast-Forward Merging (Tutorial),Branch,False,0,0,0,0
Version-2,6a66c7caff79bf083c52c224,NguyenGiaNguyen,Auto Merging (Tutorial),Branch,False,0,0,0,0
Version-2,6a66c7caff79bf083c52c224,NguyenGiaNguyen,Merge Conflicts (Tutorial),Branch,False,0,0,0,0
Version-2,6a66c7caff79bf083c52c224,NguyenGiaNguyen,Create Remote Repository (Tutorial),Remote,False,0,0,0,0
Version-2,6a66c7caff79bf083c52c224,NguyenGiaNguyen,Push to Remote Branches (Tutorial),Remote,False,0,0,0,0
Version-2,6a66c7caff79bf083c52c224,NguyenGiaNguyen,Keep Branches in Sync (Tutorial),Remote,False,0,0,0,0
Version-2,6a66c7caff79bf083c52c224,NguyenGiaNguyen,Preparation for Merging (Tutorial),Remote,False,0,0,0,0
Version-2,6a66c7caff79bf083c52c224,NguyenGiaNguyen,Creating a Pull Request (Tutorial),Remote,False,0,0,0,0
Version-2,6a66c7caff79bf083c52c224,NguyenGiaNguyen,Review and Merge Pull Requests (Tutorial),Remote,False,0,0,0,0
Version-2,6a66c7caff79bf083c52c224,NguyenGiaNguyen,Game Introduction (Practice),Basic,True,0,0,0,0
Version-2,6a66c7caff79bf083c52c224,NguyenGiaNguyen,Version Control and Git (Practice),Basic,False,0,0,0,0
Version-2,6a66c7caff79bf083c52c224,NguyenGiaNguyen,Create Local Repository (Practice),Basic,False,0,0,0,0
Version-2,6a66c7caff79bf083c52c224,NguyenGiaNguyen,Basic Staging Area (Practice),Basic,False,0,0,0,0
Version-2,6a66c7caff79bf083c52c224,NguyenGiaNguyen,Advanced Staging Area (Practice),Basic,False,0,0,0,0
Version-2,6a66c7caff79bf083c52c224,NguyenGiaNguyen,Creating First Version (Practice),Basic,False,0,0,0,0
Version-2,6a66c7caff79bf083c52c224,NguyenGiaNguyen,Switching Project Versions (Practice),Basic,False,0,0,0,0
Version-2,6a66c7caff79bf083c52c224,NguyenGiaNguyen,Git Branching Basics (Practice),Branch,False,0,0,0,0
Version-2,6a66c7caff79bf083c52c224,NguyenGiaNguyen,Fast-Forward Merging (Practice),Branch,False,0,0,0,0
Version-2,6a66c7caff79bf083c52c224,NguyenGiaNguyen,Auto Merging (Practice),Branch,False,0,0,0,0
Version-2,6a66c7caff79bf083c52c224,NguyenGiaNguyen,Merge Conflicts (Practice),Branch,False,0,0,0,0
Version-2,6a66c7caff79bf083c52c224,NguyenGiaNguyen,Create Remote Repository (Practice),Remote,False,0,0,0,0
Version-2,6a66c7caff79bf083c52c224,NguyenGiaNguyen,Push to Remote Branches (Practice),Remote,False,0,0,0,0
Version-2,6a66c7caff79bf083c52c224,NguyenGiaNguyen,Keep Branches in Sync (Practice),Remote,False,0,0,0,0
Version-2,6a66c7caff79bf083c52c224,NguyenGiaNguyen,Preparation for Merging (Practice),Remote,False,0,0,0,0
Version-2,6a66c7caff79bf083c52c224,NguyenGiaNguyen,Creating a Pull Request (Practice),Remote,False,0,0,0,0
Version-2,6a66c7caff79bf083c52c224,NguyenGiaNguyen,Review and Merge Pull Requests (Practice),Remote,False,0,0,0,0
Version-2,6a66e284ff79bf083c52c373,nguyenminhthuan,Game Introduction (Tutorial),Basic,True,1,3,6500,407
Version-2,6a66e284ff79bf083c52c373,nguyenminhthuan,Version Control and Git (Tutorial),Basic,True,0,0,0,0
Version-2,6a66e284ff79bf083c52c373,nguyenminhthuan,Create Local Repository (Tutorial),Basic,False,0,0,0,0
Version-2,6a66e284ff79bf083c52c373,nguyenminhthuan,Basic Staging Area (Tutorial),Basic,False,0,0,0,0
Version-2,6a66e284ff79bf083c52c373,nguyenminhthuan,Advanced Staging Area (Tutorial),Basic,False,0,0,0,0
Version-2,6a66e284ff79bf083c52c373,nguyenminhthuan,Creating First Version (Tutorial),Basic,False,0,0,0,0
Version-2,6a66e284ff79bf083c52c373,nguyenminhthuan,Switching Project Versions (Tutorial),Basic,False,0,0,0,0
Version-2,6a66e284ff79bf083c52c373,nguyenminhthuan,Git Branching Basics (Tutorial),Branch,False,0,0,0,0
Version-2,6a66e284ff79bf083c52c373,nguyenminhthuan,Fast-Forward Merging (Tutorial),Branch,False,0,0,0,0
Version-2,6a66e284ff79bf083c52c373,nguyenminhthuan,Auto Merging (Tutorial),Branch,False,0,0,0,0
Version-2,6a66e284ff79bf083c52c373,nguyenminhthuan,Merge Conflicts (Tutorial),Branch,False,0,0,0,0
Version-2,6a66e284ff79bf083c52c373,nguyenminhthuan,Create Remote Repository (Tutorial),Remote,False,0,0,0,0
Version-2,6a66e284ff79bf083c52c373,nguyenminhthuan,Push to Remote Branches (Tutorial),Remote,False,0,0,0,0
Version-2,6a66e284ff79bf083c52c373,nguyenminhthuan,Keep Branches in Sync (Tutorial),Remote,False,0,0,0,0
Version-2,6a66e284ff79bf083c52c373,nguyenminhthuan,Preparation for Merging (Tutorial),Remote,False,0,0,0,0
Version-2,6a66e284ff79bf083c52c373,nguyenminhthuan,Creating a Pull Request (Tutorial),Remote,False,0,0,0,0
Version-2,6a66e284ff79bf083c52c373,nguyenminhthuan,Review and Merge Pull Requests (Tutorial),Remote,False,0,0,0,0
Version-2,6a66e284ff79bf083c52c373,nguyenminhthuan,Game Introduction (Practice),Basic,True,0,0,0,0
Version-2,6a66e284ff79bf083c52c373,nguyenminhthuan,Version Control and Git (Practice),Basic,False,0,0,0,0
Version-2,6a66e284ff79bf083c52c373,nguyenminhthuan,Create Local Repository (Practice),Basic,False,0,0,0,0
Version-2,6a66e284ff79bf083c52c373,nguyenminhthuan,Basic Staging Area (Practice),Basic,False,0,0,0,0
Version-2,6a66e284ff79bf083c52c373,nguyenminhthuan,Advanced Staging Area (Practice),Basic,False,0,0,0,0
Version-2,6a66e284ff79bf083c52c373,nguyenminhthuan,Creating First Version (Practice),Basic,False,0,0,0,0
Version-2,6a66e284ff79bf083c52c373,nguyenminhthuan,Switching Project Versions (Practice),Basic,False,0,0,0,0
Version-2,6a66e284ff79bf083c52c373,nguyenminhthuan,Git Branching Basics (Practice),Branch,False,0,0,0,0
Version-2,6a66e284ff79bf083c52c373,nguyenminhthuan,Fast-Forward Merging (Practice),Branch,False,0,0,0,0
Version-2,6a66e284ff79bf083c52c373,nguyenminhthuan,Auto Merging (Practice),Branch,False,0,0,0,0
Version-2,6a66e284ff79bf083c52c373,nguyenminhthuan,Merge Conflicts (Practice),Branch,False,0,0,0,0
Version-2,6a66e284ff79bf083c52c373,nguyenminhthuan,Create Remote Repository (Practice),Remote,False,0,0,0,0
Version-2,6a66e284ff79bf083c52c373,nguyenminhthuan,Push to Remote Branches (Practice),Remote,False,0,0,0,0
Version-2,6a66e284ff79bf083c52c373,nguyenminhthuan,Keep Branches in Sync (Practice),Remote,False,0,0,0,0
Version-2,6a66e284ff79bf083c52c373,nguyenminhthuan,Preparation for Merging (Practice),Remote,False,0,0,0,0
Version-2,6a66e284ff79bf083c52c373,nguyenminhthuan,Creating a Pull Request (Practice),Remote,False,0,0,0,0
Version-2,6a66e284ff79bf083c52c373,nguyenminhthuan,Review and Merge Pull Requests (Practice),Remote,False,0,0,0,0
Version-2,6a67108dff79bf083c52c4ee,PhamBaHaoLong,Game Introduction (Tutorial),Basic,True,1,4,7000,98
Version-2,6a67108dff79bf083c52c4ee,PhamBaHaoLong,Version Control and Git (Tutorial),Basic,True,0,0,0,0
Version-2,6a67108dff79bf083c52c4ee,PhamBaHaoLong,Create Local Repository (Tutorial),Basic,False,0,0,0,0
Version-2,6a67108dff79bf083c52c4ee,PhamBaHaoLong,Basic Staging Area (Tutorial),Basic,False,0,0,0,0
Version-2,6a67108dff79bf083c52c4ee,PhamBaHaoLong,Advanced Staging Area (Tutorial),Basic,False,0,0,0,0
Version-2,6a67108dff79bf083c52c4ee,PhamBaHaoLong,Creating First Version (Tutorial),Basic,False,0,0,0,0
Version-2,6a67108dff79bf083c52c4ee,PhamBaHaoLong,Switching Project Versions (Tutorial),Basic,False,0,0,0,0
Version-2,6a67108dff79bf083c52c4ee,PhamBaHaoLong,Git Branching Basics (Tutorial),Branch,False,0,0,0,0
Version-2,6a67108dff79bf083c52c4ee,PhamBaHaoLong,Fast-Forward Merging (Tutorial),Branch,False,0,0,0,0
Version-2,6a67108dff79bf083c52c4ee,PhamBaHaoLong,Auto Merging (Tutorial),Branch,False,0,0,0,0
Version-2,6a67108dff79bf083c52c4ee,PhamBaHaoLong,Merge Conflicts (Tutorial),Branch,False,0,0,0,0
Version-2,6a67108dff79bf083c52c4ee,PhamBaHaoLong,Create Remote Repository (Tutorial),Remote,False,0,0,0,0
Version-2,6a67108dff79bf083c52c4ee,PhamBaHaoLong,Push to Remote Branches (Tutorial),Remote,False,0,0,0,0
Version-2,6a67108dff79bf083c52c4ee,PhamBaHaoLong,Keep Branches in Sync (Tutorial),Remote,False,0,0,0,0
Version-2,6a67108dff79bf083c52c4ee,PhamBaHaoLong,Preparation for Merging (Tutorial),Remote,False,0,0,0,0
Version-2,6a67108dff79bf083c52c4ee,PhamBaHaoLong,Creating a Pull Request (Tutorial),Remote,False,0,0,0,0
Version-2,6a67108dff79bf083c52c4ee,PhamBaHaoLong,Review and Merge Pull Requests (Tutorial),Remote,False,0,0,0,0
Version-2,6a67108dff79bf083c52c4ee,PhamBaHaoLong,Game Introduction (Practice),Basic,True,0,0,0,0
Version-2,6a67108dff79bf083c52c4ee,PhamBaHaoLong,Version Control and Git (Practice),Basic,False,0,0,0,0
Version-2,6a67108dff79bf083c52c4ee,PhamBaHaoLong,Create Local Repository (Practice),Basic,False,0,0,0,0
Version-2,6a67108dff79bf083c52c4ee,PhamBaHaoLong,Basic Staging Area (Practice),Basic,False,0,0,0,0
Version-2,6a67108dff79bf083c52c4ee,PhamBaHaoLong,Advanced Staging Area (Practice),Basic,False,0,0,0,0
Version-2,6a67108dff79bf083c52c4ee,PhamBaHaoLong,Creating First Version (Practice),Basic,False,0,0,0,0
Version-2,6a67108dff79bf083c52c4ee,PhamBaHaoLong,Switching Project Versions (Practice),Basic,False,0,0,0,0
Version-2,6a67108dff79bf083c52c4ee,PhamBaHaoLong,Git Branching Basics (Practice),Branch,False,0,0,0,0
Version-2,6a67108dff79bf083c52c4ee,PhamBaHaoLong,Fast-Forward Merging (Practice),Branch,False,0,0,0,0
Version-2,6a67108dff79bf083c52c4ee,PhamBaHaoLong,Auto Merging (Practice),Branch,False,0,0,0,0
Version-2,6a67108dff79bf083c52c4ee,PhamBaHaoLong,Merge Conflicts (Practice),Branch,False,0,0,0,0
Version-2,6a67108dff79bf083c52c4ee,PhamBaHaoLong,Create Remote Repository (Practice),Remote,False,0,0,0,0
Version-2,6a67108dff79bf083c52c4ee,PhamBaHaoLong,Push to Remote Branches (Practice),Remote,False,0,0,0,0
Version-2,6a67108dff79bf083c52c4ee,PhamBaHaoLong,Keep Branches in Sync (Practice),Remote,False,0,0,0,0
Version-2,6a67108dff79bf083c52c4ee,PhamBaHaoLong,Preparation for Merging (Practice),Remote,False,0,0,0,0
Version-2,6a67108dff79bf083c52c4ee,PhamBaHaoLong,Creating a Pull Request (Practice),Remote,False,0,0,0,0
Version-2,6a67108dff79bf083c52c4ee,PhamBaHaoLong,Review and Merge Pull Requests (Practice),Remote,False,0,0,0,0
Version-2,6a672a93ff79bf083c52c53d,ngominhman,Game Introduction (Tutorial),Basic,True,0,0,0,0
Version-2,6a672a93ff79bf083c52c53d,ngominhman,Version Control and Git (Tutorial),Basic,False,0,0,0,0
Version-2,6a672a93ff79bf083c52c53d,ngominhman,Create Local Repository (Tutorial),Basic,False,0,0,0,0
Version-2,6a672a93ff79bf083c52c53d,ngominhman,Basic Staging Area (Tutorial),Basic,False,0,0,0,0
Version-2,6a672a93ff79bf083c52c53d,ngominhman,Advanced Staging Area (Tutorial),Basic,False,0,0,0,0
Version-2,6a672a93ff79bf083c52c53d,ngominhman,Creating First Version (Tutorial),Basic,False,0,0,0,0
Version-2,6a672a93ff79bf083c52c53d,ngominhman,Switching Project Versions (Tutorial),Basic,False,0,0,0,0
Version-2,6a672a93ff79bf083c52c53d,ngominhman,Git Branching Basics (Tutorial),Branch,False,0,0,0,0
Version-2,6a672a93ff79bf083c52c53d,ngominhman,Fast-Forward Merging (Tutorial),Branch,False,0,0,0,0
Version-2,6a672a93ff79bf083c52c53d,ngominhman,Auto Merging (Tutorial),Branch,False,0,0,0,0
Version-2,6a672a93ff79bf083c52c53d,ngominhman,Merge Conflicts (Tutorial),Branch,False,0,0,0,0
Version-2,6a672a93ff79bf083c52c53d,ngominhman,Create Remote Repository (Tutorial),Remote,False,0,0,0,0
Version-2,6a672a93ff79bf083c52c53d,ngominhman,Push to Remote Branches (Tutorial),Remote,False,0,0,0,0
Version-2,6a672a93ff79bf083c52c53d,ngominhman,Keep Branches in Sync (Tutorial),Remote,False,0,0,0,0
Version-2,6a672a93ff79bf083c52c53d,ngominhman,Preparation for Merging (Tutorial),Remote,False,0,0,0,0
Version-2,6a672a93ff79bf083c52c53d,ngominhman,Creating a Pull Request (Tutorial),Remote,False,0,0,0,0
Version-2,6a672a93ff79bf083c52c53d,ngominhman,Review and Merge Pull Requests (Tutorial),Remote,False,0,0,0,0
Version-2,6a672a93ff79bf083c52c53d,ngominhman,Game Introduction (Practice),Basic,False,0,0,0,0
Version-2,6a672a93ff79bf083c52c53d,ngominhman,Version Control and Git (Practice),Basic,False,0,0,0,0
Version-2,6a672a93ff79bf083c52c53d,ngominhman,Create Local Repository (Practice),Basic,False,0,0,0,0
Version-2,6a672a93ff79bf083c52c53d,ngominhman,Basic Staging Area (Practice),Basic,False,0,0,0,0
Version-2,6a672a93ff79bf083c52c53d,ngominhman,Advanced Staging Area (Practice),Basic,False,0,0,0,0
Version-2,6a672a93ff79bf083c52c53d,ngominhman,Creating First Version (Practice),Basic,False,0,0,0,0
Version-2,6a672a93ff79bf083c52c53d,ngominhman,Switching Project Versions (Practice),Basic,False,0,0,0,0
Version-2,6a672a93ff79bf083c52c53d,ngominhman,Git Branching Basics (Practice),Branch,False,0,0,0,0
Version-2,6a672a93ff79bf083c52c53d,ngominhman,Fast-Forward Merging (Practice),Branch,False,0,0,0,0
Version-2,6a672a93ff79bf083c52c53d,ngominhman,Auto Merging (Practice),Branch,False,0,0,0,0
Version-2,6a672a93ff79bf083c52c53d,ngominhman,Merge Conflicts (Practice),Branch,False,0,0,0,0
Version-2,6a672a93ff79bf083c52c53d,ngominhman,Create Remote Repository (Practice),Remote,False,0,0,0,0
Version-2,6a672a93ff79bf083c52c53d,ngominhman,Push to Remote Branches (Practice),Remote,False,0,0,0,0
Version-2,6a672a93ff79bf083c52c53d,ngominhman,Keep Branches in Sync (Practice),Remote,False,0,0,0,0
Version-2,6a672a93ff79bf083c52c53d,ngominhman,Preparation for Merging (Practice),Remote,False,0,0,0,0
Version-2,6a672a93ff79bf083c52c53d,ngominhman,Creating a Pull Request (Practice),Remote,False,0,0,0,0
Version-2,6a672a93ff79bf083c52c53d,ngominhman,Review and Merge Pull Requests (Practice),Remote,False,0,0,0,0
Version-2,6a6ac4beff79bf083c52c54c,110123060,Game Introduction (Tutorial),Basic,True,0,0,0,0
Version-2,6a6ac4beff79bf083c52c54c,110123060,Version Control and Git (Tutorial),Basic,False,0,0,0,0
Version-2,6a6ac4beff79bf083c52c54c,110123060,Create Local Repository (Tutorial),Basic,False,0,0,0,0
Version-2,6a6ac4beff79bf083c52c54c,110123060,Basic Staging Area (Tutorial),Basic,False,0,0,0,0
Version-2,6a6ac4beff79bf083c52c54c,110123060,Advanced Staging Area (Tutorial),Basic,False,0,0,0,0
Version-2,6a6ac4beff79bf083c52c54c,110123060,Creating First Version (Tutorial),Basic,False,0,0,0,0
Version-2,6a6ac4beff79bf083c52c54c,110123060,Switching Project Versions (Tutorial),Basic,False,0,0,0,0
Version-2,6a6ac4beff79bf083c52c54c,110123060,Git Branching Basics (Tutorial),Branch,False,0,0,0,0
Version-2,6a6ac4beff79bf083c52c54c,110123060,Fast-Forward Merging (Tutorial),Branch,False,0,0,0,0
Version-2,6a6ac4beff79bf083c52c54c,110123060,Auto Merging (Tutorial),Branch,False,0,0,0,0
Version-2,6a6ac4beff79bf083c52c54c,110123060,Merge Conflicts (Tutorial),Branch,False,0,0,0,0
Version-2,6a6ac4beff79bf083c52c54c,110123060,Create Remote Repository (Tutorial),Remote,False,0,0,0,0
Version-2,6a6ac4beff79bf083c52c54c,110123060,Push to Remote Branches (Tutorial),Remote,False,0,0,0,0
Version-2,6a6ac4beff79bf083c52c54c,110123060,Keep Branches in Sync (Tutorial),Remote,False,0,0,0,0
Version-2,6a6ac4beff79bf083c52c54c,110123060,Preparation for Merging (Tutorial),Remote,False,0,0,0,0
Version-2,6a6ac4beff79bf083c52c54c,110123060,Creating a Pull Request (Tutorial),Remote,False,0,0,0,0
Version-2,6a6ac4beff79bf083c52c54c,110123060,Review and Merge Pull Requests (Tutorial),Remote,False,0,0,0,0
Version-2,6a6ac4beff79bf083c52c54c,110123060,Game Introduction (Practice),Basic,False,0,0,0,0
Version-2,6a6ac4beff79bf083c52c54c,110123060,Version Control and Git (Practice),Basic,False,0,0,0,0
Version-2,6a6ac4beff79bf083c52c54c,110123060,Create Local Repository (Practice),Basic,False,0,0,0,0
Version-2,6a6ac4beff79bf083c52c54c,110123060,Basic Staging Area (Practice),Basic,False,0,0,0,0
Version-2,6a6ac4beff79bf083c52c54c,110123060,Advanced Staging Area (Practice),Basic,False,0,0,0,0
Version-2,6a6ac4beff79bf083c52c54c,110123060,Creating First Version (Practice),Basic,False,0,0,0,0
Version-2,6a6ac4beff79bf083c52c54c,110123060,Switching Project Versions (Practice),Basic,False,0,0,0,0
Version-2,6a6ac4beff79bf083c52c54c,110123060,Git Branching Basics (Practice),Branch,False,0,0,0,0
Version-2,6a6ac4beff79bf083c52c54c,110123060,Fast-Forward Merging (Practice),Branch,False,0,0,0,0
Version-2,6a6ac4beff79bf083c52c54c,110123060,Auto Merging (Practice),Branch,False,0,0,0,0
Version-2,6a6ac4beff79bf083c52c54c,110123060,Merge Conflicts (Practice),Branch,False,0,0,0,0
Version-2,6a6ac4beff79bf083c52c54c,110123060,Create Remote Repository (Practice),Remote,False,0,0,0,0
Version-2,6a6ac4beff79bf083c52c54c,110123060,Push to Remote Branches (Practice),Remote,False,0,0,0,0
Version-2,6a6ac4beff79bf083c52c54c,110123060,Keep Branches in Sync (Practice),Remote,False,0,0,0,0
Version-2,6a6ac4beff79bf083c52c54c,110123060,Preparation for Merging (Practice),Remote,False,0,0,0,0
Version-2,6a6ac4beff79bf083c52c54c,110123060,Creating a Pull Request (Practice),Remote,False,0,0,0,0
Version-2,6a6ac4beff79bf083c52c54c,110123060,Review and Merge Pull Requests (Practice),Remote,False,0,0,0,0
Version-2,6a6bf168ff79bf083c52c56c,nguyenbuithieugia,Game Introduction (Tutorial),Basic,True,1,3,6500,306
Version-2,6a6bf168ff79bf083c52c56c,nguyenbuithieugia,Version Control and Git (Tutorial),Basic,True,1,3,2000,265
Version-2,6a6bf168ff79bf083c52c56c,nguyenbuithieugia,Create Local Repository (Tutorial),Basic,True,0,0,0,0
Version-2,6a6bf168ff79bf083c52c56c,nguyenbuithieugia,Basic Staging Area (Tutorial),Basic,False,0,0,0,0
Version-2,6a6bf168ff79bf083c52c56c,nguyenbuithieugia,Advanced Staging Area (Tutorial),Basic,False,0,0,0,0
Version-2,6a6bf168ff79bf083c52c56c,nguyenbuithieugia,Creating First Version (Tutorial),Basic,False,0,0,0,0
Version-2,6a6bf168ff79bf083c52c56c,nguyenbuithieugia,Switching Project Versions (Tutorial),Basic,False,0,0,0,0
Version-2,6a6bf168ff79bf083c52c56c,nguyenbuithieugia,Git Branching Basics (Tutorial),Branch,False,0,0,0,0
Version-2,6a6bf168ff79bf083c52c56c,nguyenbuithieugia,Fast-Forward Merging (Tutorial),Branch,False,0,0,0,0
Version-2,6a6bf168ff79bf083c52c56c,nguyenbuithieugia,Auto Merging (Tutorial),Branch,False,0,0,0,0
Version-2,6a6bf168ff79bf083c52c56c,nguyenbuithieugia,Merge Conflicts (Tutorial),Branch,False,0,0,0,0
Version-2,6a6bf168ff79bf083c52c56c,nguyenbuithieugia,Create Remote Repository (Tutorial),Remote,False,0,0,0,0
Version-2,6a6bf168ff79bf083c52c56c,nguyenbuithieugia,Push to Remote Branches (Tutorial),Remote,False,0,0,0,0
Version-2,6a6bf168ff79bf083c52c56c,nguyenbuithieugia,Keep Branches in Sync (Tutorial),Remote,False,0,0,0,0
Version-2,6a6bf168ff79bf083c52c56c,nguyenbuithieugia,Preparation for Merging (Tutorial),Remote,False,0,0,0,0
Version-2,6a6bf168ff79bf083c52c56c,nguyenbuithieugia,Creating a Pull Request (Tutorial),Remote,False,0,0,0,0
Version-2,6a6bf168ff79bf083c52c56c,nguyenbuithieugia,Review and Merge Pull Requests (Tutorial),Remote,False,0,0,0,0
Version-2,6a6bf168ff79bf083c52c56c,nguyenbuithieugia,Game Introduction (Practice),Basic,True,0,0,0,0
Version-2,6a6bf168ff79bf083c52c56c,nguyenbuithieugia,Version Control and Git (Practice),Basic,True,0,0,0,0
Version-2,6a6bf168ff79bf083c52c56c,nguyenbuithieugia,Create Local Repository (Practice),Basic,False,0,0,0,0
Version-2,6a6bf168ff79bf083c52c56c,nguyenbuithieugia,Basic Staging Area (Practice),Basic,False,0,0,0,0
Version-2,6a6bf168ff79bf083c52c56c,nguyenbuithieugia,Advanced Staging Area (Practice),Basic,False,0,0,0,0
Version-2,6a6bf168ff79bf083c52c56c,nguyenbuithieugia,Creating First Version (Practice),Basic,False,0,0,0,0
Version-2,6a6bf168ff79bf083c52c56c,nguyenbuithieugia,Switching Project Versions (Practice),Basic,False,0,0,0,0
Version-2,6a6bf168ff79bf083c52c56c,nguyenbuithieugia,Git Branching Basics (Practice),Branch,False,0,0,0,0
Version-2,6a6bf168ff79bf083c52c56c,nguyenbuithieugia,Fast-Forward Merging (Practice),Branch,False,0,0,0,0
Version-2,6a6bf168ff79bf083c52c56c,nguyenbuithieugia,Auto Merging (Practice),Branch,False,0,0,0,0
Version-2,6a6bf168ff79bf083c52c56c,nguyenbuithieugia,Merge Conflicts (Practice),Branch,False,0,0,0,0
Version-2,6a6bf168ff79bf083c52c56c,nguyenbuithieugia,Create Remote Repository (Practice),Remote,False,0,0,0,0
Version-2,6a6bf168ff79bf083c52c56c,nguyenbuithieugia,Push to Remote Branches (Practice),Remote,False,0,0,0,0
Version-2,6a6bf168ff79bf083c52c56c,nguyenbuithieugia,Keep Branches in Sync (Practice),Remote,False,0,0,0,0
Version-2,6a6bf168ff79bf083c52c56c,nguyenbuithieugia,Preparation for Merging (Practice),Remote,False,0,0,0,0
Version-2,6a6bf168ff79bf083c52c56c,nguyenbuithieugia,Creating a Pull Request (Practice),Remote,False,0,0,0,0
Version-2,6a6bf168ff79bf083c52c56c,nguyenbuithieugia,Review and Merge Pull Requests (Practice),Remote,False,0,0,0,0
